P,C/1B,2B,3B,SS,OF,OF,OF,UTIL,,Instructions,,,,,,,,,,,,,,,,,
1,1,1,1,1,1,1,1,1,,1) Create a lineup by inserting any player from this list into their appropriate position columns,,,,,,,,,,,,,,,,,
,,,,,,,,,,2) You can paste either the Player ID + Name OR ID from their respective columns,,,,,,,,,,,,,,,,,
,,,,,,,,,,3) Any information to the right of the last position column will be ignored in the upload,,,,,,,,,,,,,,,,,
,,,,,,,,,,4) Maximum of 250 lineups per upload,,,,,,,,,,,,,,,,,
,,,,,,,,,,,,,,,,,,,,,,,,,,,
,,,,,,,,,,Player ID + Player Name,Id,Position,First Name,Nickname,Last Name,FPPG,Played,Salary,Game,Team,Opponent,Injury Indicator,Injury Details,Tier,Probable Pitcher,Batting Order,Roster Position
,,,,,,,,,,91073-52859:Jacob deGrom,91073-52859,P,Jacob,Jacob deGrom,deGrom,37.1666666666667,6,11400,STL@TEX,TEX,STL,IL,Elbow,,,0,P
,,,,,,,,,,91073-79217:Mitch Keller,91073-79217,P,Mitch,Mitch Keller,Keller,41.3333333333333,12,11200,OAK@PIT,PIT,OAK,,,,,0,P
,,,,,,,,,,91073-85599:Framber Valdez,91073-85599,P,Framber,Framber Valdez,Valdez,42.3333333333333,12,11200,HOU@TOR,HOU,TOR,,,,,,P
,,,,,,,,,,91073-38000:Kevin Gausman,91073-38000,P,Kevin,Kevin Gausman,Gausman,43,12,11100,HOU@TOR,TOR,HOU,,,,,0,P
,,,,,,,,,,91073-16960:Zack Wheeler,91073-16960,P,Zack,Zack Wheeler,Wheeler,32.6666666666667,12,10900,DET@PHI,PHI,DET,,,,,0,P
,,,,,,,,,,91073-13233:Nathan Eovaldi,91073-13233,P,Nathan,Nathan Eovaldi,Eovaldi,41,12,10800,STL@TEX,TEX,STL,,,,,0,P
,,,,,,,,,,91073-102335:Cristian Javier,91073-102335,P,Cristian,Cristian Javier,Javier,35.75,12,10800,HOU@TOR,HOU,TOR,,,,,,P
,,,,,,,,,,91073-146687:Hunter Brown,91073-146687,P,Hunter,Hunter Brown,Brown,34.9090909090909,11,10500,HOU@TOR,HOU,TOR,,,,,,P
,,,,,,,,,,91073-80582:Brandon Woodruff,91073-80582,P,Brandon,Brandon Woodruff,Woodruff,38.5,3,10200,MIL@CIN,MIL,CIN,IL,Shoulder,,,,P
,,,,,,,,,,91073-60647:Aaron Nola,91073-60647,P,Aaron,Aaron Nola,Nola,29.1666666666667,12,10000,DET@PHI,PHI,DET,,,,Yes,,P
,,,,,,,,,,91073-79280:Jesus Luzardo,91073-79280,P,Jesus,Jesus Luzardo,Luzardo,32.3333333333333,13,10000,KC@MIA,MIA,KC,,,,,0,P
,,,,,,,,,,91073-39041:Marcus Stroman,91073-39041,P,Marcus,Marcus Stroman,Stroman,35.2307692307692,13,9900,CHC@SD,CHC,SD,,,,,,P
,,,,,,,,,,91073-82604:Corbin Burnes,91073-82604,P,Corbin,Corbin Burnes,Burnes,31,12,9800,MIL@CIN,MIL,CIN,,,,,,P
,,,,,,,,,,91073-52167:Andrew Heaney,91073-52167,P,Andrew,Andrew Heaney,Heaney,29.4545454545455,11,9800,STL@TEX,TEX,STL,,,,,0,P
,,,,,,,,,,91073-79245:Sandy Alcantara,91073-79245,P,Sandy,Sandy Alcantara,Alcantara,27.4166666666667,12,9700,KC@MIA,MIA,KC,,,,,0,P
,,,,,,,,,,91073-135212:Luis Garcia,91073-135212,P,Luis,Luis Garcia,Garcia,31.6,6,9600,HOU@TOR,HOU,TOR,IL,Elbow,,,,P
,,,,,,,,,,91073-53067:Chris Bassitt,91073-53067,P,Chris,Chris Bassitt,Bassitt,33.75,12,9600,HOU@TOR,TOR,HOU,IL,Personal,,,0,P
,,,,,,,,,,91073-52142:Eduardo Rodriguez,91073-52142,P,Eduardo,Eduardo Rodriguez,Rodriguez,36.7272727272727,11,9600,DET@PHI,DET,PHI,IL,Finger,,,0,P
,,,,,,,,,,91073-68488:Blake Snell,91073-68488,P,Blake,Blake Snell,Snell,26.2727272727273,11,9500,CHC@SD,SD,CHC,,,,Yes,,P
,,,,,,,,,,91073-37999:Michael Wacha,91073-37999,P,Michael,Michael Wacha,Wacha,30.8181818181818,11,9300,CHC@SD,SD,CHC,,,,,,P
,,,,,,,,,,91073-83190:Freddy Peralta,91073-83190,P,Freddy,Freddy Peralta,Peralta,29.9090909090909,12,9300,MIL@CIN,MIL,CIN,,,,,,P
,,,,,,,,,,91073-101810:Justin Steele,91073-101810,P,Justin,Justin Steele,Steele,32.1666666666667,13,9300,CHC@SD,CHC,SD,IL,Forearm,,,,P
,,,,,,,,,,91073-16931:Yu Darvish,91073-16931,P,Yu,Yu Darvish,Darvish,32,11,9300,CHC@SD,SD,CHC,,,,,,P
,,,,,,,,,,91073-165599:Eury Perez,91073-165599,P,Eury,Eury Perez,Perez,28.8,5,9300,KC@MIA,MIA,KC,,,,,0,P
,,,,,,,,,,91073-82550:Hunter Greene,91073-82550,P,Hunter,Hunter Greene,Greene,32.5833333333333,12,9200,MIL@CIN,CIN,MIL,DTD,Hip,,,,P
,,,,,,,,,,91073-60639:Jose Berrios,91073-60639,P,Jose,Jose Berrios,Berrios,32.0833333333333,12,9100,HOU@TOR,TOR,HOU,,,,,0,P
,,,,,,,,,,91073-82599:Edward Cabrera,91073-82599,P,Edward,Edward Cabrera,Cabrera,29.25,13,9100,KC@MIA,MIA,KC,,,,,0,P
,,,,,,,,,,91073-82607:Trevor Rogers,91073-82607,P,Trevor,Trevor Rogers,Rogers,24.25,5,9100,KC@MIA,MIA,KC,IL,Biceps,,,0,P
,,,,,,,,,,91073-60646:Ben Lively,91073-60646,P,Ben,Ben Lively,Lively,28,6,9000,MIL@CIN,CIN,MIL,,,,,,P
,,,,,,,,,,91073-79161:Braxton Garrett,91073-79161,P,Braxton,Braxton Garrett,Garrett,23.3636363636364,12,9000,KC@MIA,MIA,KC,,,,Yes,,P
,,,,,,,,,,91073-71034:Seth Lugo,91073-71034,P,Seth,Seth Lugo,Lugo,27.5,8,9000,CHC@SD,SD,CHC,IL,Calf,,,,P
,,,,,,,,,,91073-52155:Jon Gray,91073-52155,P,Jon,Jon Gray,Gray,32.0909090909091,11,9000,STL@TEX,TEX,STL,,,,,0,P
,,,,,,,,,,91073-62872:Vince Velasquez,91073-62872,P,Vince,Vince Velasquez,Velasquez,26.875,8,8900,OAK@PIT,PIT,OAK,IL,Elbow,,,0,P
,,,,,,,,,,91073-11328:Martin Perez,91073-11328,P,Martin,Martin Perez,Perez,25.1818181818182,11,8800,STL@TEX,TEX,STL,,,,Yes,,P
,,,,,,,,,,91073-17121:Miles Mikolas,91073-17121,P,Miles,Miles Mikolas,Mikolas,27.3076923076923,13,8800,STL@TEX,STL,TEX,,,,,0,P
,,,,,,,,,,91073-181805:J.P. France,91073-181805,P,J.P.,J.P. France,France,27.3333333333333,6,8700,HOU@TOR,HOU,TOR,,,,,,P
,,,,,,,,,,91073-52159:Lance McCullers Jr.,91073-52159,P,Lance,Lance McCullers Jr.,McCullers Jr.,34.0909090909091,11,8700,HOU@TOR,HOU,TOR,IL,Forearm,,,,P
,,,,,,,,,,91073-119329:Nick Lodolo,91073-119329,P,Nick,Nick Lodolo,Lodolo,26.8571428571429,7,8600,MIL@CIN,CIN,MIL,IL,Lower leg,,,,P
,,,,,,,,,,91073-72265:Matt Strahm,91073-72265,P,Matt,Matt Strahm,Strahm,16.5625,16,8600,DET@PHI,PHI,DET,,,,,0,P
,,,,,,,,,,91073-17087:Drew Smyly,91073-17087,P,Drew,Drew Smyly,Smyly,28,13,8500,CHC@SD,CHC,SD,,,,,,P
,,,,,,,,,,91073-5983:Rich Hill,91073-5983,P,Rich,Rich Hill,Hill,27.75,12,8500,OAK@PIT,PIT,OAK,,,,,0,P
,,,,,,,,,,91073-79103:Dane Dunning,91073-79103,P,Dane,Dane Dunning,Dunning,18.3846153846154,13,8400,STL@TEX,TEX,STL,,,,,0,P
,,,,,,,,,,91073-102001:Yusei Kikuchi,91073-102001,P,Yusei,Yusei Kikuchi,Kikuchi,26.8333333333333,12,8400,HOU@TOR,TOR,HOU,,,,,0,P
,,,,,,,,,,91073-119426:Johan Oviedo,91073-119426,P,Johan,Johan Oviedo,Oviedo,25.4545454545455,11,8400,OAK@PIT,PIT,OAK,,,,Yes,,P
,,,,,,,,,,91073-12972:Wade Miley,91073-12972,P,Wade,Wade Miley,Miley,22.5,9,8400,MIL@CIN,MIL,CIN,IL,Lat,,,,P
,,,,,,,,,,91073-102484:Brandon Bielak,91073-102484,P,Brandon,Brandon Bielak,Bielak,26,6,8300,HOU@TOR,HOU,TOR,,,,Yes,,P
,,,,,,,,,,91073-102515:Aaron Ashby,91073-102515,P,Aaron,Aaron Ashby,Ashby,20.9259259259259,27,8300,MIL@CIN,MIL,CIN,IL,Shoulder,,,,P
,,,,,,,,,,91073-79226:Eric Lauer,91073-79226,P,Eric,Eric Lauer,Lauer,22.7777777777778,10,8300,MIL@CIN,MIL,CIN,IL,Shoulder,,,,P
,,,,,,,,,,91073-79853:Jordan Montgomery,91073-79853,P,Jordan,Jordan Montgomery,Montgomery,26.4166666666667,12,8300,STL@TEX,STL,TEX,,,,,0,P
,,,,,,,,,,91073-79246:Jack Flaherty,91073-79246,P,Jack,Jack Flaherty,Flaherty,26.3333333333333,12,8200,STL@TEX,STL,TEX,,,,,0,P
,,,,,,,,,,91073-118397:Trevor Megill,91073-118397,P,Trevor,Trevor Megill,Megill,5.85714285714286,7,8200,MIL@CIN,MIL,CIN,,,,,,P
,,,,,,,,,,91073-71875:Mike Mayers,91073-71875,P,Mike,Mike Mayers,Mayers,27.3333333333333,3,8100,KC@MIA,KC,MIA,,,,,0,P
,,,,,,,,,,91073-79072:Brad Keller,91073-79072,P,Brad,Brad Keller,Keller,20.2222222222222,10,8000,KC@MIA,KC,MIA,IL,Shoulder,,,0,P
,,,,,,,,,,91073-110822:Jose Urquidy,91073-110822,P,Jose,Jose Urquidy,Urquidy,20,6,8000,HOU@TOR,HOU,TOR,IL,Shoulder,,,,P
,,,,,,,,,,91073-5498:Johnny Cueto,91073-5498,P,Johnny,Johnny Cueto,Cueto,-9,2,8000,KC@MIA,MIA,KC,IL,Biceps,,,0,P
,,,,,,,,,,91073-52728:Michael Lorenzen,91073-52728,P,Michael,Michael Lorenzen,Lorenzen,28.6666666666667,9,8000,DET@PHI,DET,PHI,,,,,0,P
,,,,,,,,,,91073-165512:Andrew Abbott,91073-165512,P,Andrew,Andrew Abbott,Abbott,,,8000,MIL@CIN,CIN,MIL,,,,Yes,,P
,,,,,,,,,,91073-102330:Kris Bubic,91073-102330,P,Kris,Kris Bubic,Bubic,26.3333333333333,4,8000,KC@MIA,KC,MIA,IL,Elbow,,,0,P
,,,,,,,,,,91073-119340:Tarik Skubal,91073-119340,P,Tarik,Tarik Skubal,Skubal,30.8571428571429,21,7900,DET@PHI,DET,PHI,IL,Elbow,,,0,P
,,,,,,,,,,91073-68561:Luke Weaver,91073-68561,P,Luke,Luke Weaver,Weaver,23.625,8,7900,MIL@CIN,CIN,MIL,,,,,,P
,,,,,,,,,,91073-163693:Adam Oller,91073-163693,P,Adam,Adam Oller,Oller,4.22222222222222,9,7800,OAK@PIT,OAK,PIT,,,,,0,P
,,,,,,,,,,91073-80859:Paul Blackburn,91073-80859,P,Paul,Paul Blackburn,Blackburn,18,2,7800,OAK@PIT,OAK,PIT,,,,,0,P
,,,,,,,,,,91073-102408:Matthew Liberatore,91073-102408,P,Matthew,Matthew Liberatore,Liberatore,16,3,7700,STL@TEX,STL,TEX,,,,,0,P
,,,,,,,,,,91073-101838:JT Brubaker,91073-101838,P,JT,JT Brubaker,Brubaker,24.9285714285714,28,7700,OAK@PIT,PIT,OAK,IL,Elbow,,,0,P
,,,,,,,,,,91073-165636:Hayden Wesneski,91073-165636,P,Hayden,Hayden Wesneski,Wesneski,20,10,7700,CHC@SD,CHC,SD,,,,,,P
,,,,,,,,,,91073-165642:Mason Miller,91073-165642,P,Mason,Mason Miller,Miller,28.5,4,7700,OAK@PIT,OAK,PIT,IL,Elbow,,,0,P
,,,,,,,,,,91073-102333:Daniel Lynch,91073-102333,P,Daniel,Daniel Lynch,Lynch,27.5,2,7700,KC@MIA,KC,MIA,,,,,0,P
,,,,,,,,,,91073-119391:Roansy Contreras,91073-119391,P,Roansy,Roansy Contreras,Contreras,21.6363636363636,11,7600,OAK@PIT,PIT,OAK,,,,,0,P
,,,,,,,,,,91073-12918:Julio Teheran,91073-12918,P,Julio,Julio Teheran,Teheran,27.5,2,7600,MIL@CIN,MIL,CIN,,,,Yes,,P
,,,,,,,,,,91073-165508:Graham Ashcraft,91073-165508,P,Graham,Graham Ashcraft,Ashcraft,19.5,12,7600,MIL@CIN,CIN,MIL,,,,,,P
,,,,,,,,,,91073-79133:Matt Manning,91073-79133,P,Matt,Matt Manning,Manning,22,3,7500,DET@PHI,DET,PHI,IL,Foot,,,0,P
,,,,,,,,,,91073-82573:Alex Faedo,91073-82573,P,Alex,Alex Faedo,Faedo,24.4,5,7500,DET@PHI,DET,PHI,IL,Finger,,,0,P
,,,,,,,,,,91073-68523:Joe Musgrove,91073-68523,P,Joe,Joe Musgrove,Musgrove,25.7142857142857,7,7500,CHC@SD,SD,CHC,,,,,,P
,,,,,,,,,,91073-66766:Adrian Houser,91073-66766,P,Adrian,Adrian Houser,Houser,22.5,6,7400,MIL@CIN,MIL,CIN,,,,,,P
,,,,,,,,,,91073-53590:Nick Martinez,91073-53590,P,Nick,Nick Martinez,Martinez,12.2,20,7400,CHC@SD,SD,CHC,,,,,,P
,,,,,,,,,,91073-119441:Alek Manoah,91073-119441,P,Alek,Alek Manoah,Manoah,18.8333333333333,12,7400,HOU@TOR,TOR,HOU,,,,Yes,,P
,,,,,,,,,,91073-145625:Bailey Falter,91073-145625,P,Bailey,Bailey Falter,Falter,18,8,7300,DET@PHI,PHI,DET,,,,,0,P
,,,,,,,,,,91073-5431:Adam Wainwright,91073-5431,P,Adam,Adam Wainwright,Wainwright,17,5,7300,STL@TEX,STL,TEX,,,,Yes,,P
,,,,,,,,,,91073-79172:Luis Ortiz,91073-79172,P,Luis,Luis Ortiz,Ortiz,6.375,8,7300,DET@PHI,PHI,DET,,,,,0,P
,,,,,,,,,,91073-5522:Zack Greinke,91073-5522,P,Zack,Zack Greinke,Greinke,20.9166666666667,12,7300,KC@MIA,KC,MIA,,,,,0,P
,,,,,,,,,,91073-119416:Brandon Williamson,91073-119416,P,Brandon,Brandon Williamson,Williamson,22.75,4,7200,MIL@CIN,CIN,MIL,,,,,,P
,,,,,,,,,,91073-11327:Matt Bush,91073-11327,P,Matt,Matt Bush,Bush,2.88888888888889,10,7100,MIL@CIN,MIL,CIN,IL,Shoulder,,,,P
,,,,,,,,,,91073-21097:Taijuan Walker,91073-21097,P,Taijuan,Taijuan Walker,Walker,20.25,12,7100,DET@PHI,PHI,DET,,,,,0,P
,,,,,,,,,,91073-12929:Jordan Lyles,91073-12929,P,Jordan,Jordan Lyles,Lyles,17.5,13,7100,KC@MIA,KC,MIA,,,,,0,P
,,,,,,,,,,91073-17116:Jake Odorizzi,91073-17116,P,Jake,Jake Odorizzi,Odorizzi,21.1304347826087,23,7000,STL@TEX,TEX,STL,IL,Shoulder,,,0,P
,,,,,,,,,,91073-163685:JP Sears,91073-163685,P,JP,JP Sears,Sears,24.5454545454545,11,7000,OAK@PIT,OAK,PIT,,,,Yes,,P
,,,,,,,,,,91073-64488:Colin Rea,91073-64488,P,Colin,Colin Rea,Rea,20.6,10,7000,MIL@CIN,MIL,CIN,,,,,,P
,,,,,,,,,,91073-53398:Kyle Hendricks,91073-53398,P,Kyle,Kyle Hendricks,Hendricks,20,2,6900,CHC@SD,CHC,SD,,,,Yes,,P
,,,,,,,,,,91073-181794:Hogan Harris,91073-181794,P,Hogan,Hogan Harris,Harris,12.3333333333333,3,6900,OAK@PIT,OAK,PIT,,,,,0,P
,,,,,,,,,,91073-102344:Brady Singer,91073-102344,P,Brady,Brady Singer,Singer,21.25,13,6900,KC@MIA,KC,MIA,,,,,0,P
,,,,,,,,,,91073-79873:Dylan Covey,91073-79873,P,Dylan,Dylan Covey,Covey,10.25,4,6800,DET@PHI,PHI,DET,,,,,0,P
,,,,,,,,,,91073-102574:Jake Woodford,91073-102574,P,Jake,Jake Woodford,Woodford,13.7142857142857,7,6800,STL@TEX,STL,TEX,IL,Shoulder,,,0,P
,,,,,,,,,,91073-63136:Matthew Boyd,91073-63136,P,Matthew,Matthew Boyd,Boyd,22,12,6800,DET@PHI,DET,PHI,,,,,0,P
,,,,,,,,,,91073-83157:Ranger Suarez,91073-83157,P,Ranger,Ranger Suarez,Suarez,20.6,5,6700,DET@PHI,PHI,DET,,,,,0,P
,,,,,,,,,,91073-118195:Tejay Antone,91073-118195,P,Tejay,Tejay Antone,Antone,,,6700,MIL@CIN,CIN,MIL,IL,Elbow,,,,P
,,,,,,,,,,91073-102287:Kyle Muller,91073-102287,P,Kyle,Kyle Muller,Muller,12,10,6700,OAK@PIT,OAK,PIT,,,,,0,P
,,,,,,,,,,91073-102297:Keegan Thompson,91073-102297,P,Keegan,Keegan Thompson,Thompson,6.71428571428571,15,6700,CHC@SD,CHC,SD,,,,,,P
,,,,,,,,,,91073-52174:Steven Matz,91073-52174,P,Steven,Steven Matz,Matz,17.75,12,6700,STL@TEX,STL,TEX,,,,,0,P
,,,,,,,,,,91073-102375:Luis Medina,91073-102375,P,Luis,Luis Medina,Medina,15.6666666666667,6,6600,OAK@PIT,OAK,PIT,,,,,0,P
,,,,,,,,,,91073-70649:Adrian Sampson,91073-70649,P,Adrian,Adrian Sampson,Sampson,22.6666666666667,21,6600,CHC@SD,CHC,SD,IL,Knee,,,,P
,,,,,,,,,,91073-135343:Max Meyer,91073-135343,P,Max,Max Meyer,Meyer,10.5,2,6500,KC@MIA,MIA,KC,IL,Elbow,,,0,P
,,,,,,,,,,91073-161167:Glenn Otto,91073-161167,P,Glenn,Glenn Otto,Otto,21.9259259259259,27,6500,STL@TEX,TEX,STL,IL,Lat,,,0,P
,,,,,,,,,,91073-118225:Cristopher Sanchez,91073-118225,P,Cristopher,Cristopher Sanchez,Sanchez,19,1,6500,DET@PHI,PHI,DET,,,,,0,P
,,,,,,,,,,91073-16961:Jameson Taillon,91073-16961,P,Jameson,Jameson Taillon,Taillon,15,10,6500,CHC@SD,CHC,SD,,,,,,P
,,,,,,,,,,91073-79079:Joey Wentz,91073-79079,P,Joey,Joey Wentz,Wentz,13.9090909090909,12,6400,DET@PHI,DET,PHI,,,,Yes,,P
,,,,,,,,,,91073-179725:Luis Ortiz,91073-179725,P,Luis,Luis Ortiz,Ortiz,18,5,6400,OAK@PIT,PIT,OAK,,,,,0,P
,,,,,,,,,,91073-178415:Javier Assad,91073-178415,P,Javier,Javier Assad,Assad,10.5714285714286,8,6300,CHC@SD,CHC,SD,,,,,,P
,,,,,,,,,,91073-159099:Connor Overton,91073-159099,P,Connor,Connor Overton,Overton,6,3,6300,MIL@CIN,CIN,MIL,IL,Elbow,,,,P
,,,,,,,,,,91073-161675:Jonathan Heasley,91073-161675,P,Jonathan,Jonathan Heasley,Heasley,5,1,6300,KC@MIA,KC,MIA,,,,,0,P
,,,,,,,,,,91073-102395:Ryan Weathers,91073-102395,P,Ryan,Ryan Weathers,Weathers,13.8888888888889,9,6300,CHC@SD,SD,CHC,,,,,,P
,,,,,,,,,,91073-145610:Angel Zerpa,91073-145610,P,Angel,Angel Zerpa,Zerpa,16,3,6200,KC@MIA,KC,MIA,IL,Shoulder,,,0,P
,,,,,,,,,,91073-169636:Beau Brieske,91073-169636,P,Beau,Beau Brieske,Brieske,22.3333333333333,15,6200,DET@PHI,DET,PHI,IL,Elbow,,,0,P
,,,,,,,,,,91073-165551:Reese Olson,91073-165551,P,Reese,Reese Olson,Olson,27,1,6200,DET@PHI,DET,PHI,,,,,0,P
,,,,,,,,,,91073-163514:Adrian Martinez,91073-163514,P,Adrian,Adrian Martinez,Martinez,7.81818181818182,11,6200,OAK@PIT,OAK,PIT,,,,,0,P
,,,,,,,,,,91073-165634:Ken Waldichuk,91073-165634,P,Ken,Ken Waldichuk,Waldichuk,14.4615384615385,13,6200,OAK@PIT,OAK,PIT,,,,,0,P
,,,,,,,,,,91073-68518:Spencer Turnbull,91073-68518,P,Spencer,Spencer Turnbull,Turnbull,13.7142857142857,8,6200,DET@PHI,DET,PHI,IL,Neck,,,0,P
,,,,,,,,,,91073-104672:Devin Smeltzer,91073-104672,P,Devin,Devin Smeltzer,Smeltzer,6.83333333333333,6,6100,KC@MIA,MIA,KC,,,,,0,P
,,,,,,,,,,91073-82534:Bryse Wilson,91073-82534,P,Bryse,Bryse Wilson,Wilson,8.22222222222222,19,6100,MIL@CIN,MIL,CIN,,,,,,P
,,,,,,,,,,91073-161450:Janson Junk,91073-161450,P,Janson,Janson Junk,Junk,8,1,6100,MIL@CIN,MIL,CIN,,,,,,P
,,,,,,,,,,91073-178306:Bryan Hoeing,91073-178306,P,Bryan,Bryan Hoeing,Hoeing,7.15384615384615,13,6000,KC@MIA,MIA,KC,,,,,0,P
,,,,,,,,,,91073-182597:Shintaro Fujinami,91073-182597,P,Shintaro,Shintaro Fujinami,Fujinami,4.38888888888889,18,6000,OAK@PIT,OAK,PIT,,,,,0,P
,,,,,,,,,,91073-82631:Taylor Hearn,91073-82631,P,Taylor,Taylor Hearn,Hearn,4.5,4,6000,STL@TEX,TEX,STL,,,,,0,P
,,,,,,,,,,91073-68485:Ryan Yarbrough,91073-68485,P,Ryan,Ryan Yarbrough,Yarbrough,7.3,11,6000,KC@MIA,KC,MIA,IL,Head,,,0,P
,,,,,,,,,,91073-79123:Tyler Alexander,91073-79123,P,Tyler,Tyler Alexander,Alexander,6,17,5900,DET@PHI,DET,PHI,,,,,0,P
,,,,,,,,,,91073-79270:Cole Ragans,91073-79270,P,Cole,Cole Ragans,Ragans,7.2,15,5900,STL@TEX,TEX,STL,,,,,0,P
,,,,,,,,,,91073-82603:Mitch White,91073-82603,P,Mitch,Mitch White,White,14.44,25,5800,HOU@TOR,TOR,HOU,IL,Shoulder,,,0,P
,,,,,,,,,,91073-68536:James Kaprielian,91073-68536,P,James,James Kaprielian,Kaprielian,12.9,10,5800,OAK@PIT,OAK,PIT,,,,,0,P
,,,,,,,,,,91073-68555:Brent Honeywell,91073-68555,P,Brent,Brent Honeywell,Honeywell,7.04545454545455,22,5800,CHC@SD,SD,CHC,,,,,,P
,,,,,,,,,,91073-55374:Drew Rucinski,91073-55374,P,Drew,Drew Rucinski,Rucinski,4.5,4,5700,OAK@PIT,OAK,PIT,IL,Illness,,,0,P
,,,,,,,,,,91073-38146:Sean Nolin,91073-38146,P,Sean,Sean Nolin,Nolin,-3,1,5700,KC@MIA,MIA,KC,,,,,0,P
,,,,,,,,,,91073-164530:Caleb Kilian,91073-164530,P,Caleb,Caleb Kilian,Kilian,1,1,5700,CHC@SD,CHC,SD,,,,,,P
,,,,,,,,,,91073-37014:Hyun Jin Ryu,91073-37014,P,Hyun Jin,Hyun Jin Ryu,Ryu,15.6666666666667,6,5600,HOU@TOR,TOR,HOU,IL,Elbow,,,0,P
,,,,,,,,,,91073-171453:Max Castillo,91073-171453,P,Max,Max Castillo,Castillo,11.25,4,5600,KC@MIA,KC,MIA,,,,,0,P
,,,,,,,,,,91073-118216:Tyson Miller,91073-118216,P,Tyson,Tyson Miller,Miller,5,4,5600,MIL@CIN,MIL,CIN,,,,,,P
,,,,,,,,,,91073-82546:Adbert Alzolay,91073-82546,P,Adbert,Adbert Alzolay,Alzolay,6.81818181818182,23,5600,CHC@SD,CHC,SD,,,,,,P
,,,,,,,,,,91073-68528:Chase De Jong,91073-68528,P,Chase,Chase De Jong,De Jong,2,5,5600,OAK@PIT,PIT,OAK,,,,,0,P
,,,,,,,,,,91073-168950:Andre Pallante,91073-168950,P,Andre,Andre Pallante,Pallante,5.27777777777778,18,5600,STL@TEX,STL,TEX,,,,,0,P
,,,,,,,,,,91073-178184:Kevin Herget,91073-178184,P,Kevin,Kevin Herget,Herget,5.66666666666667,12,5500,MIL@CIN,CIN,MIL,,,,,,P
,,,,,,,,,,91073-79882:Austin Pruitt,91073-79882,P,Austin,Austin Pruitt,Pruitt,4.85714285714286,14,5500,OAK@PIT,OAK,PIT,,,,,0,P
,,,,,,,,,,91073-161818:Dylan Coleman,91073-161818,P,Dylan,Dylan Coleman,Coleman,0,5,5500,KC@MIA,KC,MIA,,,,,0,P
,,,,,,,,,,91073-161827:Seth Martinez,91073-161827,P,Seth,Seth Martinez,Martinez,6.11111111111111,18,5500,HOU@TOR,HOU,TOR,,,,,,P
,,,,,,,,,,91073-102442:Freddy Tarnok,91073-102442,P,Freddy,Freddy Tarnok,Tarnok,5,1,5500,OAK@PIT,OAK,PIT,IL,Shoulder,,,0,P
,,,,,,,,,,91073-82999:Scott Barlow,91073-82999,P,Scott,Scott Barlow,Barlow,6.95454545454545,23,5500,KC@MIA,KC,MIA,,,,,0,P
,,,,,,,,,,91073-172092:Garrett Hill,91073-172092,P,Garrett,Garrett Hill,Hill,3.6,6,5500,DET@PHI,DET,PHI,,,,,0,P
,,,,,,,,,,91073-79936:Mark Leiter Jr.,91073-79936,P,Mark,Mark Leiter Jr.,Leiter Jr.,6.83333333333333,25,5500,CHC@SD,CHC,SD,,,,,,P
,,,,,,,,,,91073-154688:Jake Cousins,91073-154688,P,Jake,Jake Cousins,Cousins,4.25,9,5500,MIL@CIN,MIL,CIN,,,,,,P
,,,,,,,,,,91073-169030:Zach Jackson,91073-169030,P,Zach,Zach Jackson,Jackson,6.31578947368421,19,5500,OAK@PIT,OAK,PIT,IL,Elbow,,,0,P
,,,,,,,,,,91073-11333:Craig Kimbrel,91073-11333,P,Craig,Craig Kimbrel,Kimbrel,6,24,5500,DET@PHI,PHI,DET,,,,,0,P
,,,,,,,,,,91073-135236:Max Kranick,91073-135236,P,Max,Max Kranick,Kranick,13.5,2,5500,OAK@PIT,PIT,OAK,IL,Elbow,,,0,P
,,,,,,,,,,91073-102470:Rico Garcia,91073-102470,P,Rico,Rico Garcia,Garcia,-1,3,5500,OAK@PIT,OAK,PIT,,,,,0,P
,,,,,,,,,,91073-11335:Jay Jackson,91073-11335,P,Jay,Jay Jackson,Jackson,4,3,5500,HOU@TOR,TOR,HOU,,,,,0,P
,,,,,,,,,,91073-179275:Fernando Cruz,91073-179275,P,Fernando,Fernando Cruz,Cruz,6.64285714285714,14,5500,MIL@CIN,CIN,MIL,,,,,,P
,,,,,,,,,,91073-135250:Daniel Castano,91073-135250,P,Daniel,Daniel Castano,Castano,0,1,5500,KC@MIA,MIA,KC,IL,Undisclosed,,,0,P
,,,,,,,,,,91073-135252:Johan Quezada,91073-135252,P,Johan,Johan Quezada,Quezada,-7,1,5500,KC@MIA,MIA,KC,,,,,0,P
,,,,,,,,,,91073-102487:Austin Cox,91073-102487,P,Austin,Austin Cox,Cox,9,1,5500,KC@MIA,KC,MIA,,,,,0,P
,,,,,,,,,,91073-102489:Carlos Hernandez,91073-102489,P,Carlos,Carlos Hernandez,Hernandez,6.69565217391304,24,5500,KC@MIA,KC,MIA,,,,Yes,,P
,,,,,,,,,,91073-135256:Connor Brogdon,91073-135256,P,Connor,Connor Brogdon,Brogdon,5.11111111111111,27,5500,DET@PHI,PHI,DET,,,,,0,P
,,,,,,,,,,91073-13404:Anthony Bass,91073-13404,P,Anthony,Anthony Bass,Bass,4.14285714285714,21,5500,HOU@TOR,TOR,HOU,,,,,0,P
,,,,,,,,,,91073-116839:David Bednar,91073-116839,P,David,David Bednar,Bednar,6.875,24,5500,OAK@PIT,PIT,OAK,,,,,0,P
,,,,,,,,,,91073-135279:Codi Heuer,91073-135279,P,Codi,Codi Heuer,Heuer,,,5500,CHC@SD,CHC,SD,IL,Elbow,,,,P
,,,,,,,,,,91073-161906:Dauri Moreta,91073-161906,P,Dauri,Dauri Moreta,Moreta,7.92,25,5500,OAK@PIT,PIT,OAK,,,,,0,P
,,,,,,,,,,91073-38001:Matt Barnes,91073-38001,P,Matt,Matt Barnes,Barnes,3.79166666666667,25,5500,KC@MIA,MIA,KC,IL,Hip,,,0,P
,,,,,,,,,,91073-13438:Drew Pomeranz,91073-13438,P,Drew,Drew Pomeranz,Pomeranz,,,5500,CHC@SD,SD,CHC,IL,Elbow,,,,P
,,,,,,,,,,91073-102530:Spencer Howard,91073-102530,P,Spencer,Spencer Howard,Howard,12.8,10,5500,STL@TEX,TEX,STL,IL,Lat,,,0,P
,,,,,,,,,,91073-102536:Nick Nelson,91073-102536,P,Nick,Nick Nelson,Nelson,6.72916666666667,48,5500,DET@PHI,PHI,DET,IL,Hamstring,,,0,P
,,,,,,,,,,91073-21653:Hector Neris,91073-21653,P,Hector,Hector Neris,Neris,6.84,25,5500,HOU@TOR,HOU,TOR,,,,,,P
,,,,,,,,,,91073-38041:Ryan Pressly,91073-38041,P,Ryan,Ryan Pressly,Pressly,5.08,25,5500,HOU@TOR,HOU,TOR,,,,,,P
,,,,,,,,,,91073-80034:Jose Alvarado,91073-80034,P,Jose,Jose Alvarado,Alvarado,8,14,5500,DET@PHI,PHI,DET,IL,Elbow,,,0,P
,,,,,,,,,,91073-102565:Mason Englert,91073-102565,P,Mason,Mason Englert,Englert,6.31578947368421,19,5500,DET@PHI,DET,PHI,,,,,0,P
,,,,,,,,,,91073-154794:Joe Barlow,91073-154794,P,Joe,Joe Barlow,Barlow,2,5,5500,STL@TEX,TEX,STL,IL,Illness,,,0,P
,,,,,,,,,,91073-140459:John King,91073-140459,P,John,John King,King,2.42857142857143,7,5500,STL@TEX,TEX,STL,,,,,0,P
,,,,,,,,,,91073-39081:Chasen Shreve,91073-39081,P,Chasen,Chasen Shreve,Shreve,4.04545454545455,22,5500,DET@PHI,DET,PHI,,,,,0,P
,,,,,,,,,,91073-62641:Andrew Bellatti,91073-62641,P,Andrew,Andrew Bellatti,Bellatti,4.13333333333333,15,5500,DET@PHI,PHI,DET,,,,,0,P
,,,,,,,,,,91073-135361:Nabil Crismatt,91073-135361,P,Nabil,Nabil Crismatt,Crismatt,3,6,5500,CHC@SD,SD,CHC,IL,Hip,,,,P
,,,,,,,,,,91073-160965:Elvis Peguero,91073-160965,P,Elvis,Elvis Peguero,Peguero,6.53333333333333,15,5500,MIL@CIN,MIL,CIN,,,,,,P
,,,,,,,,,,91073-83145:Jose Castillo,91073-83145,P,Jose,Jose Castillo,Castillo,3,1,5500,CHC@SD,SD,CHC,,,,,,P
,,,,,,,,,,91073-83158:Seranthony Dominguez,91073-83158,P,Seranthony,Seranthony Dominguez,Dominguez,4.75,26,5500,DET@PHI,PHI,DET,,,,,0,P
,,,,,,,,,,91073-79067:Alex Young,91073-79067,P,Alex,Alex Young,Young,5.24,25,5500,MIL@CIN,CIN,MIL,,,,,,P
,,,,,,,,,,91073-79071:Taylor Clarke,91073-79071,P,Taylor,Taylor Clarke,Clarke,6.36,26,5500,KC@MIA,KC,MIA,,,,,0,P
,,,,,,,,,,91073-60640:Nick Burdi,91073-60640,P,Nick,Nick Burdi,Burdi,4,3,5500,CHC@SD,CHC,SD,IL,Abdomen,,,,P
,,,,,,,,,,91073-149731:Anthony Bender,91073-149731,P,Anthony,Anthony Bender,Bender,4.47619047619048,22,5500,KC@MIA,MIA,KC,IL,Elbow,,,0,P
,,,,,,,,,,91073-152806:Jason Foley,91073-152806,P,Jason,Jason Foley,Foley,5.56,26,5500,DET@PHI,DET,PHI,,,,,0,P
,,,,,,,,,,91073-83172:Jonathan Hernandez,91073-83172,P,Jonathan,Jonathan Hernandez,Hernandez,4.18181818181818,25,5500,STL@TEX,TEX,STL,,,,,0,P
,,,,,,,,,,91073-178411:Michael Plassmeyer,91073-178411,P,Michael,Michael Plassmeyer,Plassmeyer,17,2,5500,DET@PHI,PHI,DET,IL,Undisclosed,,,0,P
,,,,,,,,,,91073-136424:Jake Brentz,91073-136424,P,Jake,Jake Brentz,Brentz,0.142857142857143,8,5500,KC@MIA,KC,MIA,IL,Elbow,,,0,P
,,,,,,,,,,91073-79084:Tanner Scott,91073-79084,P,Tanner,Tanner Scott,Scott,6.96428571428571,28,5500,KC@MIA,MIA,KC,,,,,0,P
,,,,,,,,,,91073-60656:Jeff Hoffman,91073-60656,P,Jeff,Jeff Hoffman,Hoffman,8,10,5500,DET@PHI,PHI,DET,,,,,0,P
,,,,,,,,,,91073-83184:Julian Merryweather,91073-83184,P,Julian,Julian Merryweather,Merryweather,5.75,25,5500,CHC@SD,CHC,SD,,,,,,P
,,,,,,,,,,91073-79107:Vladimir Gutierrez,91073-79107,P,Vladimir,Vladimir Gutierrez,Gutierrez,11,10,5500,MIL@CIN,CIN,MIL,IL,Elbow,,,,P
,,,,,,,,,,91073-85253:Casey Mize,91073-85253,P,Casey,Casey Mize,Mize,12,2,5500,DET@PHI,DET,PHI,IL,Elbow,,,0,P
,,,,,,,,,,91073-85258:James Naile,91073-85258,P,James,James Naile,Naile,3.33333333333333,3,5500,STL@TEX,STL,TEX,,,,,0,P
,,,,,,,,,,91073-170254:Colin Holderman,91073-170254,P,Colin,Colin Holderman,Holderman,5.34782608695652,23,5500,OAK@PIT,PIT,OAK,,,,,0,P
,,,,,,,,,,91073-116002:Joel Kuhnel,91073-116002,P,Joel,Joel Kuhnel,Kuhnel,-3,1,5500,MIL@CIN,CIN,MIL,,,,,,P
,,,,,,,,,,91073-85286:Ian Gibaut,91073-85286,P,Ian,Ian Gibaut,Gibaut,5.48148148148148,27,5500,MIL@CIN,CIN,MIL,,,,,,P
,,,,,,,,,,91073-79150:Josh Staumont,91073-79150,P,Josh,Josh Staumont,Staumont,4.8,20,5500,KC@MIA,KC,MIA,,,,,0,P
,,,,,,,,,,91073-152888:Sam Long,91073-152888,P,Sam,Sam Long,Long,6,14,5500,OAK@PIT,OAK,PIT,,,,,0,P
,,,,,,,,,,91073-174406:Huascar Brazoban,91073-174406,P,Huascar,Huascar Brazoban,Brazoban,6.12,25,5500,KC@MIA,MIA,KC,,,,,0,P
,,,,,,,,,,91073-38216:Jose Cisnero,91073-38216,P,Jose,Jose Cisnero,Cisnero,4.95652173913044,25,5500,DET@PHI,DET,PHI,,,,,0,P
,,,,,,,,,,91073-79185:Justin Dunn,91073-79185,P,Justin,Justin Dunn,Dunn,14.7142857142857,7,5500,MIL@CIN,CIN,MIL,IL,Shoulder,,,,P
,,,,,,,,,,91073-38228:Trevor May,91073-38228,P,Trevor,Trevor May,May,3.75,13,5500,OAK@PIT,OAK,PIT,,,,,0,P
,,,,,,,,,,91073-170324:Brandon Hughes,91073-170324,P,Brandon,Brandon Hughes,Hughes,4.8,15,5500,CHC@SD,CHC,SD,,,,,,P
,,,,,,,,,,91073-177493:Andrew Nardi,91073-177493,P,Andrew,Andrew Nardi,Nardi,5.64285714285714,29,5500,KC@MIA,MIA,KC,,,,,0,P
,,,,,,,,,,91073-79194:Domingo Acevedo,91073-79194,P,Domingo,Domingo Acevedo,Acevedo,1.77777777777778,9,5500,OAK@PIT,OAK,PIT,,,,,0,P
,,,,,,,,,,91073-53599:Chi Chi Gonzalez,91073-53599,P,Chi Chi,Chi Chi Gonzalez,Gonzalez,5.5,2,5500,KC@MIA,MIA,KC,,,,,0,P
,,,,,,,,,,91073-38240:Rafael Montero,91073-38240,P,Rafael,Rafael Montero,Montero,4.58333333333333,25,5500,HOU@TOR,HOU,TOR,,,,,,P
,,,,,,,,,,91073-79209:A.J. Puk,91073-79209,P,A.J.,A.J. Puk,Puk,6.93333333333333,16,5500,KC@MIA,MIA,KC,IL,Elbow,,,0,P
,,,,,,,,,,91073-118123:Blake Taylor,91073-118123,P,Blake,Blake Taylor,Taylor,3.15789473684211,19,5500,HOU@TOR,HOU,TOR,,,,,,P
,,,,,,,,,,91073-118122:Angel Perdomo,91073-118122,P,Angel,Angel Perdomo,Perdomo,16,1,5500,OAK@PIT,PIT,OAK,,,,,0,P
,,,,,,,,,,91073-184691:Jeff Lindgren,91073-184691,P,Jeff,Jeff Lindgren,Lindgren,3,1,5500,KC@MIA,MIA,KC,,,,,0,P
,,,,,,,,,,91073-57717:Buck Farmer,91073-57717,P,Buck,Buck Farmer,Farmer,5.875,25,5500,MIL@CIN,CIN,MIL,,,,,,P
,,,,,,,,,,91073-79227:Adrian Morejon,91073-79227,P,Adrian,Adrian Morejon,Morejon,6.23076923076923,28,5500,CHC@SD,SD,CHC,IL,Elbow,,,,P
,,,,,,,,,,91073-170384:Yerry De Los Santos,91073-170384,P,Yerry,Yerry De Los Santos,De Los Santos,5,1,5500,OAK@PIT,PIT,OAK,,,,,0,P
,,,,,,,,,,91073-79258:Ryne Stanek,91073-79258,P,Ryne,Ryne Stanek,Stanek,4.52380952380952,21,5500,HOU@TOR,HOU,TOR,,,,,,P
,,,,,,,,,,91073-79266:Brett Martin,91073-79266,P,Brett,Brett Martin,Martin,3.76363636363636,55,5500,STL@TEX,TEX,STL,IL,Shoulder,,,0,P
,,,,,,,,,,91073-101801:Joel Payamps,91073-101801,P,Joel,Joel Payamps,Payamps,6.38461538461539,27,5500,MIL@CIN,MIL,CIN,,,,,,P
,,,,,,,,,,91073-57770:Alex Claudio,91073-57770,P,Alex,Alex Claudio,Claudio,1,1,5500,MIL@CIN,MIL,CIN,,,,,,P
,,,,,,,,,,91073-101809:Josh Taylor,91073-101809,P,Josh,Josh Taylor,Taylor,5.5625,17,5500,KC@MIA,KC,MIA,IL,Shoulder,,,0,P
,,,,,,,,,,91073-65968:Silvino Bracho,91073-65968,P,Silvino,Silvino Bracho,Bracho,4.75,4,5500,MIL@CIN,CIN,MIL,,,,,,P
,,,,,,,,,,91073-101816:Bryan Abreu,91073-101816,P,Bryan,Bryan Abreu,Abreu,7.53571428571429,28,5500,HOU@TOR,HOU,TOR,,,,,,P
,,,,,,,,,,91073-169400:Parker Mushinski,91073-169400,P,Parker,Parker Mushinski,Mushinski,5.33333333333333,3,5500,HOU@TOR,HOU,TOR,,,,,,P
,,,,,,,,,,91073-40382:Luis Garcia,91073-40382,P,Luis,Luis Garcia,Garcia,4.47619047619048,21,5500,CHC@SD,SD,CHC,IL,Oblique,,,,P
,,,,,,,,,,91073-101822:Josh Sborz,91073-101822,P,Josh,Josh Sborz,Sborz,8.35714285714286,15,5500,STL@TEX,TEX,STL,,,,,0,P
,,,,,,,,,,91073-101845:Genesis Cabrera,91073-101845,P,Genesis,Genesis Cabrera,Cabrera,5.81818181818182,22,5500,STL@TEX,STL,TEX,,,,,0,P
,,,,,,,,,,91073-101846:Erik Swanson,91073-101846,P,Erik,Erik Swanson,Swanson,6.28571428571429,28,5500,HOU@TOR,TOR,HOU,,,,,0,P
,,,,,,,,,,91073-101851:Brock Burke,91073-101851,P,Brock,Brock Burke,Burke,5.9,20,5500,STL@TEX,TEX,STL,,,,,0,P
,,,,,,,,,,91073-80346:Giovanny Gallegos,91073-80346,P,Giovanny,Giovanny Gallegos,Gallegos,5.09090909090909,22,5500,STL@TEX,STL,TEX,,,,,0,P
,,,,,,,,,,91073-185847:Garrett Acton,91073-185847,P,Garrett,Garrett Acton,Acton,1.6,6,5500,OAK@PIT,OAK,PIT,,,,,0,P
,,,,,,,,,,91073-170491:Chad Smith,91073-170491,P,Chad,Chad Smith,Smith,4.71428571428571,8,5500,OAK@PIT,OAK,PIT,,,,,0,P
,,,,,,,,,,91073-145918:Will Vest,91073-145918,P,Will,Will Vest,Vest,6.66666666666667,18,5500,DET@PHI,DET,PHI,,,,,0,P
,,,,,,,,,,91073-145916:Zach Pop,91073-145916,P,Zach,Zach Pop,Pop,3.93333333333333,15,5500,HOU@TOR,TOR,HOU,IL,Hamstring,,,0,P
,,,,,,,,,,91073-184829:McKinley Moore,91073-184829,P,McKinley,McKinley Moore,Moore,-1.66666666666667,3,5500,DET@PHI,PHI,DET,,,,,0,P
,,,,,,,,,,91073-95757:Andrew Vasquez,91073-95757,P,Andrew,Andrew Vasquez,Vasquez,8,19,5500,DET@PHI,PHI,DET,,,,,0,P
,,,,,,,,,,91073-85517:Trey Wingenter,91073-85517,P,Trey,Trey Wingenter,Wingenter,4.4,7,5500,DET@PHI,DET,PHI,IL,Biceps,,,0,P
,,,,,,,,,,91073-95756:Rowan Wick,91073-95756,P,Rowan,Rowan Wick,Wick,5.28571428571429,64,5500,CHC@SD,CHC,SD,,,,,,P
,,,,,,,,,,91073-119310:Noah Song,91073-119310,P,Noah,Noah Song,Song,,,5500,DET@PHI,PHI,DET,IL,Back,,,0,P
,,,,,,,,,,91073-170514:Jose Cuas,91073-170514,P,Jose,Jose Cuas,Cuas,5.96153846153846,26,5500,KC@MIA,KC,MIA,,,,,0,P
,,,,,,,,,,91073-101904:Jordan Romano,91073-101904,P,Jordan,Jordan Romano,Romano,6.78260869565217,25,5500,HOU@TOR,TOR,HOU,,,,,0,P
,,,,,,,,,,91073-170512:Peter Strzelecki,91073-170512,P,Peter,Peter Strzelecki,Strzelecki,4.67857142857143,28,5500,MIL@CIN,MIL,CIN,,,,,,P
,,,,,,,,,,91073-71190:Jose Leclerc,91073-71190,P,Jose,Jose Leclerc,Leclerc,5.10526315789474,19,5500,STL@TEX,TEX,STL,,,,,0,P
,,,,,,,,,,91073-162328:Reiver Sanmartin,91073-162328,P,Reiver,Reiver Sanmartin,Sanmartin,4.15384615384615,14,5500,MIL@CIN,CIN,MIL,IL,Elbow,,,,P
,,,,,,,,,,91073-170527:Jason Alexander,91073-170527,P,Jason,Jason Alexander,Alexander,13.3333333333333,18,5500,MIL@CIN,MIL,CIN,IL,Shoulder,,,,P
,,,,,,,,,,91073-119328:Packy Naughton,91073-119328,P,Packy,Packy Naughton,Naughton,7.5,4,5500,STL@TEX,STL,TEX,IL,Forearm,,,0,P
,,,,,,,,,,91073-185896:Cody Bradford,91073-185896,P,Cody,Cody Bradford,Bradford,15,2,5500,STL@TEX,TEX,STL,,,,,0,P
,,,,,,,,,,91073-71218:Dylan Floro,91073-71218,P,Dylan,Dylan Floro,Floro,5.28,27,5500,KC@MIA,MIA,KC,,,,,0,P
,,,,,,,,,,91073-140858:Domingo Tapia,91073-140858,P,Domingo,Domingo Tapia,Tapia,6.33333333333333,13,5500,CHC@SD,SD,CHC,,,,,,P
,,,,,,,,,,91073-181816:Casey Legumina,91073-181816,P,Casey,Casey Legumina,Legumina,6.125,8,5500,MIL@CIN,CIN,MIL,IL,Ankle,,,,P
,,,,,,,,,,91073-119359:Ethan Small,91073-119359,P,Ethan,Ethan Small,Small,9,1,5500,MIL@CIN,MIL,CIN,,,,,,P
,,,,,,,,,,91073-181841:George Soriano,91073-181841,P,George,George Soriano,Soriano,9.75,4,5500,KC@MIA,MIA,KC,,,,,0,P
,,,,,,,,,,91073-150107:Tommy Nance,91073-150107,P,Tommy,Tommy Nance,Nance,7.17142857142857,35,5500,KC@MIA,MIA,KC,IL,Shoulder,,,0,P
,,,,,,,,,,91073-181848:Tom Cosgrove,91073-181848,P,Tom,Tom Cosgrove,Cosgrove,6.58333333333333,12,5500,CHC@SD,SD,CHC,,,,,,P
,,,,,,,,,,91073-181854:Brendan White,91073-181854,P,Brendan,Brendan White,White,,,5500,DET@PHI,DET,PHI,,,,,0,P
,,,,,,,,,,91073-16989:Wilking Rodriguez,91073-16989,P,Wilking,Wilking Rodriguez,Rodriguez,,,5500,STL@TEX,STL,TEX,IL,Shoulder,,,0,P
,,,,,,,,,,91073-186986:Eduardo Salazar,91073-186986,P,Eduardo,Eduardo Salazar,Salazar,1.75,4,5500,MIL@CIN,CIN,MIL,,,,,,P
,,,,,,,,,,91073-119406:Cody Bolton,91073-119406,P,Cody,Cody Bolton,Bolton,2.4,5,5500,OAK@PIT,PIT,OAK,,,,,0,P
,,,,,,,,,,91073-156272:Reiss Knehr,91073-156272,P,Reiss,Reiss Knehr,Knehr,1.66666666666667,3,5500,CHC@SD,SD,CHC,,,,,,P
,,,,,,,,,,91073-82547:Thomas Hatch,91073-82547,P,Thomas,Thomas Hatch,Hatch,6.5,2,5500,HOU@TOR,TOR,HOU,,,,,0,P
,,,,,,,,,,91073-53876:Spencer Patton,91073-53876,P,Spencer,Spencer Patton,Patton,1.75,4,5500,OAK@PIT,OAK,PIT,,,,,0,P
,,,,,,,,,,91073-82548:Alex Lange,91073-82548,P,Alex,Alex Lange,Lange,7.04,26,5500,DET@PHI,DET,PHI,,,,,0,P
,,,,,,,,,,91073-82552:Tony Santillan,91073-82552,P,Tony,Tony Santillan,Santillan,4.3,21,5500,MIL@CIN,CIN,MIL,IL,Knee,,,,P
,,,,,,,,,,91073-118395:Dany Jimenez,91073-118395,P,Dany,Dany Jimenez,Jimenez,2.85714285714286,7,5500,OAK@PIT,OAK,PIT,IL,Shoulder,,,0,P
,,,,,,,,,,91073-118394:Yohan Ramirez,91073-118394,P,Yohan,Yohan Ramirez,Ramirez,8.2,15,5500,OAK@PIT,PIT,OAK,,,,,0,P
,,,,,,,,,,91073-119423:Zack Thompson,91073-119423,P,Zack,Zack Thompson,Thompson,7,11,5500,STL@TEX,STL,TEX,,,,,0,P
,,,,,,,,,,91073-17026:Heath Hembree,91073-17026,P,Heath,Heath Hembree,Hembree,10,1,5500,DET@PHI,DET,PHI,,,,,0,P
,,,,,,,,,,91073-52871:Derek Law,91073-52871,P,Derek,Derek Law,Law,6.47368421052632,20,5500,MIL@CIN,CIN,MIL,IL,Elbow,,,,P
,,,,,,,,,,91073-82572:Gregory Soto,91073-82572,P,Gregory,Gregory Soto,Soto,4.5,27,5500,DET@PHI,PHI,DET,,,,,0,P
,,,,,,,,,,91073-73362:Rob Zastryzny,91073-73362,P,Rob,Rob Zastryzny,Zastryzny,3.15384615384615,13,5500,OAK@PIT,PIT,OAK,,,,,0,P
,,,,,,,,,,91073-82584:J.B. Bukauskas,91073-82584,P,J.B.,J.B. Bukauskas,Bukauskas,3,1,5500,MIL@CIN,MIL,CIN,IL,Neck,,,,P
,,,,,,,,,,91073-82587:Richard Lovelady,91073-82587,P,Richard,Richard Lovelady,Lovelady,4.52631578947368,19,5500,OAK@PIT,OAK,PIT,,,,,0,P
,,,,,,,,,,91073-38563:Yimi Garcia,91073-38563,P,Yimi,Yimi Garcia,Garcia,4.57692307692308,26,5500,HOU@TOR,TOR,HOU,,,,,0,P
,,,,,,,,,,91073-163511:Yunior Marte,91073-163511,P,Yunior,Yunior Marte,Marte,3.07692307692308,13,5500,DET@PHI,PHI,DET,,,,,0,P
,,,,,,,,,,91073-161463:Drew Carlton,91073-161463,P,Drew,Drew Carlton,Carlton,13,5,5500,CHC@SD,SD,CHC,,,,,,P
,,,,,,,,,,91073-114360:Devin Williams,91073-114360,P,Devin,Devin Williams,Williams,8,20,5500,MIL@CIN,MIL,CIN,,,,,,P
,,,,,,,,,,91073-80571:Phil Maton,91073-80571,P,Phil,Phil Maton,Maton,6.68,25,5500,HOU@TOR,HOU,TOR,,,,,,P
,,,,,,,,,,91073-82627:JoJo Romero,91073-82627,P,JoJo,JoJo Romero,Romero,5.33333333333333,6,5500,STL@TEX,STL,TEX,,,,,0,P
,,,,,,,,,,91073-170699:Matt Gage,91073-170699,P,Matt,Matt Gage,Gage,7,3,5500,HOU@TOR,HOU,TOR,,,,,,P
,,,,,,,,,,91073-17100:Jeurys Familia,91073-17100,P,Jeurys,Jeurys Familia,Familia,2.71428571428571,14,5500,OAK@PIT,OAK,PIT,,,,,0,P
,,,,,,,,,,91073-82639:Ryan Helsley,91073-82639,P,Ryan,Ryan Helsley,Helsley,7.35,20,5500,STL@TEX,STL,TEX,,,,,0,P
,,,,,,,,,,91073-81615:Tim Mayza,91073-81615,P,Tim,Tim Mayza,Mayza,4.38461538461539,27,5500,HOU@TOR,TOR,HOU,,,,,0,P
,,,,,,,,,,91073-82638:Jordan Hicks,91073-82638,P,Jordan,Jordan Hicks,Hicks,6.82608695652174,23,5500,STL@TEX,STL,TEX,,,,,0,P
,,,,,,,,,,91073-82653:Ryan Borucki,91073-82653,P,Ryan,Ryan Borucki,Borucki,3.32258064516129,32,5500,OAK@PIT,PIT,OAK,,,,,0,P
,,,,,,,,,,91073-14047:Brad Boxberger,91073-14047,P,Brad,Brad Boxberger,Boxberger,3.5,17,5500,CHC@SD,CHC,SD,IL,Forearm,,,,P
,,,,,,,,,,91073-82657:Wil Crowe,91073-82657,P,Wil,Wil Crowe,Crowe,8.2,5,5500,OAK@PIT,PIT,OAK,IL,Shoulder,,,0,P
,,,,,,,,,,91073-82656:Nate Pearson,91073-82656,P,Nate,Nate Pearson,Pearson,8.57142857142857,14,5500,HOU@TOR,TOR,HOU,,,,,0,P
,,,,,,,,,,91073-181985:Guillermo Zuniga,91073-181985,P,Guillermo,Guillermo Zuniga,Zuniga,9,1,5500,STL@TEX,STL,TEX,,,,,0,P
,,,,,,,,,,91073-181992:Jose Hernandez,91073-181992,P,Jose,Jose Hernandez,Hernandez,5.90476190476191,21,5500,OAK@PIT,PIT,OAK,,,,,0,P
,,,,,,,,,,91073-187121:Grant Anderson,91073-187121,P,Grant,Grant Anderson,Anderson,20.5,2,5500,STL@TEX,TEX,STL,,,,,0,P
,,,,,,,,,,91073-52986:Drew VerHagen,91073-52986,P,Drew,Drew VerHagen,VerHagen,5.84,25,5500,STL@TEX,STL,TEX,,,,,0,P
,,,,,,,,,,91073-157433:Kirby Snead,91073-157433,P,Kirby,Kirby Snead,Snead,3.47826086956522,47,5500,OAK@PIT,OAK,PIT,IL,Shoulder,,,0,P
,,,,,,,,,,91073-169742:Tyler Holton,91073-169742,P,Tyler,Tyler Holton,Holton,7.875,16,5500,DET@PHI,DET,PHI,,,,,0,P
,,,,,,,,,,91073-53021:Nick Wittgren,91073-53021,P,Nick,Nick Wittgren,Wittgren,1.5,4,5500,KC@MIA,KC,MIA,,,,,0,P
,,,,,,,,,,91073-135976:Bennett Sousa,91073-135976,P,Bennett,Bennett Sousa,Sousa,5,1,5500,MIL@CIN,MIL,CIN,,,,,,P
,,,,,,,,,,91073-165673:Levi Stoudt,91073-165673,P,Levi,Levi Stoudt,Stoudt,7.5,2,5500,MIL@CIN,CIN,MIL,,,,,,P
,,,,,,,,,,91073-163641:Ray Kerr,91073-163641,P,Ray,Ray Kerr,Kerr,5,2,5500,CHC@SD,SD,CHC,,,,,,P
,,,,,,,,,,91073-13118:Justin Wilson,91073-13118,P,Justin,Justin Wilson,Wilson,5.8,5,5500,MIL@CIN,MIL,CIN,IL,Elbow,,,,P
,,,,,,,,,,91073-163654:Alexis Diaz,91073-163654,P,Alexis,Alexis Diaz,Diaz,8.36363636363636,23,5500,MIL@CIN,CIN,MIL,,,,,,P
,,,,,,,,,,91073-163660:Steven Wilson,91073-163660,P,Steven,Steven Wilson,Wilson,6.11538461538462,26,5500,CHC@SD,SD,CHC,,,,,,P
,,,,,,,,,,91073-119631:Yerry Rodriguez,91073-119631,P,Yerry,Yerry Rodriguez,Rodriguez,2.25,4,5500,STL@TEX,TEX,STL,,,,,0,P
,,,,,,,,,,91073-163682:Ethan Roberts,91073-163682,P,Ethan,Ethan Roberts,Roberts,3.22222222222222,9,5500,CHC@SD,CHC,SD,IL,Elbow,,,,P
,,,,,,,,,,91073-11108:Aroldis Chapman,91073-11108,P,Aroldis,Aroldis Chapman,Chapman,6.69565217391304,24,5500,KC@MIA,KC,MIA,,,,,0,P
,,,,,,,,,,91073-70510:Zach Neal,91073-70510,P,Zach,Zach Neal,Neal,5,2,5500,OAK@PIT,OAK,PIT,,,,,0,P
,,,,,,,,,,91073-68466:Steven Okert,91073-68466,P,Steven,Steven Okert,Okert,6.76190476190476,21,5500,KC@MIA,MIA,KC,,,,,0,P
,,,,,,,,,,91073-70517:Chad Green,91073-70517,P,Chad,Chad Green,Green,6,14,5500,HOU@TOR,TOR,HOU,IL,Elbow,,,0,P
,,,,,,,,,,91073-163707:Freddy Pacheco,91073-163707,P,Freddy,Freddy Pacheco,Pacheco,,,5500,DET@PHI,DET,PHI,IL,Elbow,,,0,P
,,,,,,,,,,91073-68475:JT Chargois,91073-68475,P,JT,JT Chargois,Chargois,4.38461538461539,13,5500,KC@MIA,MIA,KC,,,,,0,P
,,,,,,,,,,91073-68474:Josh Hader,91073-68474,P,Josh,Josh Hader,Hader,6.56521739130435,23,5500,CHC@SD,SD,CHC,,,,,,P
,,,,,,,,,,91073-185233:Braden Bristo,91073-185233,P,Braden,Braden Bristo,Bristo,13.5,2,5500,DET@PHI,DET,PHI,,,,,0,P
,,,,,,,,,,91073-80791:Alan Busenitz,91073-80791,P,Alan,Alan Busenitz,Busenitz,3.75,4,5500,MIL@CIN,CIN,MIL,,,,,,P
,,,,,,,,,,91073-68507:Duane Underwood Jr.,91073-68507,P,Duane,Duane Underwood Jr.,Underwood Jr.,3.95,20,5500,OAK@PIT,PIT,OAK,,,,,0,P
,,,,,,,,,,91073-102298:Erich Uelmen,91073-102298,P,Erich,Erich Uelmen,Uelmen,3,1,5500,DET@PHI,PHI,DET,,,,,0,P
,,,,,,,,,,91073-102300:Michael Rucker,91073-102300,P,Michael,Michael Rucker,Rucker,5.68421052631579,21,5500,CHC@SD,CHC,SD,,,,,,P
,,,,,,,,,,91073-68510:Amir Garrett,91073-68510,P,Amir,Amir Garrett,Garrett,4.95652173913044,23,5500,KC@MIA,KC,MIA,IL,Elbow,,,0,P
,,,,,,,,,,91073-80801:Hoby Milner,91073-80801,P,Hoby,Hoby Milner,Milner,3.58333333333333,25,5500,MIL@CIN,MIL,CIN,,,,,,P
,,,,,,,,,,91073-68515:Sam Moll,91073-68515,P,Sam,Sam Moll,Moll,3.88461538461538,26,5500,OAK@PIT,OAK,PIT,,,,,0,P
,,,,,,,,,,91073-8101:Ian Kennedy,91073-8101,P,Ian,Ian Kennedy,Kennedy,4.09090909090909,11,5500,STL@TEX,TEX,STL,,,,,0,P
,,,,,,,,,,91073-68520:Michael Fulmer,91073-68520,P,Michael,Michael Fulmer,Fulmer,3.81481481481481,27,5500,CHC@SD,CHC,SD,,,,,,P
,,,,,,,,,,91073-168872:Ronel Blanco,91073-168872,P,Ronel,Ronel Blanco,Blanco,9.7,10,5500,HOU@TOR,HOU,TOR,,,,,,P
,,,,,,,,,,91073-52141:Lucas Sims,91073-52141,P,Lucas,Lucas Sims,Sims,5.57894736842105,19,5500,MIL@CIN,CIN,MIL,,,,,,P
,,,,,,,,,,91073-68530:Jarlin Garcia,91073-68530,P,Jarlin,Jarlin Garcia,Garcia,5.14285714285714,58,5500,OAK@PIT,PIT,OAK,IL,Biceps,,,0,P
,,,,,,,,,,91073-179129:Jeremiah Estrada,91073-179129,P,Jeremiah,Jeremiah Estrada,Estrada,5.88888888888889,10,5500,CHC@SD,CHC,SD,,,,,,P
,,,,,,,,,,91073-102332:Jackson Kowar,91073-102332,P,Jackson,Jackson Kowar,Kowar,14,2,5500,KC@MIA,KC,MIA,,,,,0,P
,,,,,,,,,,91073-163782:Robert Suarez,91073-163782,P,Robert,Robert Suarez,Suarez,7.3,52,5500,CHC@SD,SD,CHC,IL,Elbow,,,,P
,,,,,,,,,,91073-13271:Will Smith,91073-13271,P,Will,Will Smith,Smith,5.8421052631579,20,5500,STL@TEX,TEX,STL,,,,,0,P
,,,,,,,,,,91073-82911:Adam Cimber,91073-82911,P,Adam,Adam Cimber,Cimber,3,17,5500,HOU@TOR,TOR,HOU,,,,,0,P
,,,,,,,,,,91073-70624:Chris Stratton,91073-70624,P,Chris,Chris Stratton,Stratton,7.77272727272727,22,5500,STL@TEX,STL,TEX,,,,,0,P
,,,,,,,,,,91073-82924:Tim Hill,91073-82924,P,Tim,Tim Hill,Hill,3.72,26,5500,CHC@SD,SD,CHC,,,,,,P
,,,,,,,,,,91073-79852:Lucas Erceg,91073-79852,P,Lucas,Lucas Erceg,Erceg,9,6,5500,OAK@PIT,OAK,PIT,,,,,0,P
,,,,,,,,,,91073-82935:Trevor Richards,91073-82935,P,Trevor,Trevor Richards,Richards,9.16666666666667,19,5500,HOU@TOR,TOR,HOU,,,,,0,P
,,,,,,,,,,91073-82575:Yordan Alvarez,91073-82575,OF,Yordan,Yordan Alvarez,Alvarez,13.869810860112,53,4300,HOU@TOR,HOU,TOR,,,,,,OF/UTIL
,,,,,,,,,,91073-12948:Bryce Harper,91073-12948,1B/OF,Bryce,Bryce Harper,Harper,11.1071428571429,28,4100,DET@PHI,PHI,DET,,,,,3,C/1B/OF/UTIL
,,,,,,,,,,91073-21705:Marcus Semien,91073-21705,2B,Marcus,Marcus Semien,Semien,14.2982756516029,58,4000,STL@TEX,TEX,STL,,,,,1,2B/UTIL
,,,,,,,,,,91073-79393:Fernando Tatis Jr.,91073-79393,OF/SS,Fernando,Fernando Tatis Jr.,Tatis Jr.,12.8589743589744,39,4000,CHC@SD,SD,CHC,,,,,,SS/OF/UTIL
,,,,,,,,,,91073-38412:Corey Seager,91073-38412,SS,Corey,Corey Seager,Seager,14.9148152669271,27,3900,STL@TEX,TEX,STL,,,,,2,SS/UTIL
,,,,,,,,,,91073-12968:Paul Goldschmidt,91073-12968,1B,Paul,Paul Goldschmidt,Goldschmidt,12.3103448275862,58,3900,STL@TEX,STL,TEX,,,,,2,C/1B/UTIL
,,,,,,,,,,91073-23107:Jorge Soler,91073-23107,OF,Jorge,Jorge Soler,Soler,11.2310349036907,58,3800,KC@MIA,MIA,KC,DTD,Thumb,,,0,OF/UTIL
,,,,,,,,,,91073-14562:Jose Altuve,91073-14562,2B,Jose,Jose Altuve,Altuve,11.8727278275923,11,3700,HOU@TOR,HOU,TOR,DTD,Oblique,,,,2B/UTIL
,,,,,,,,,,91073-79273:Vladimir Guerrero Jr.,91073-79273,1B,Vladimir,Vladimir Guerrero Jr.,Guerrero Jr.,11.0578945226837,57,3600,HOU@TOR,TOR,HOU,,,,,3,C/1B/UTIL
,,,,,,,,,,91073-79282:Juan Soto,91073-79282,OF,Juan,Juan Soto,Soto,11.6762716002383,59,3600,CHC@SD,SD,CHC,,,,,,OF/UTIL
,,,,,,,,,,91073-85520:Adolis Garcia,91073-85520,OF,Adolis,Adolis Garcia,Garcia,13.0859653405976,57,3600,STL@TEX,TEX,STL,,,,,4,OF/UTIL
,,,,,,,,,,91073-119349:Bobby Witt Jr.,91073-119349,SS,Bobby,Bobby Witt Jr.,Witt Jr.,11.3741381415005,58,3600,KC@MIA,KC,MIA,,,,,2,SS/UTIL
,,,,,,,,,,91073-102308:Jonathan India,91073-102308,2B,Jonathan,Jonathan India,India,11.9983054985434,59,3600,MIL@CIN,CIN,MIL,,,,,,2B/UTIL
,,,,,,,,,,91073-102415:Nolan Gorman,91073-102415,2B,Nolan,Nolan Gorman,Gorman,11.8296294035735,54,3500,STL@TEX,STL,TEX,,,,,0,2B/UTIL
,,,,,,,,,,91073-179272:Spencer Steer,91073-179272,3B,Spencer,Spencer Steer,Steer,10.8785716465541,56,3500,MIL@CIN,CIN,MIL,,,,,,3B/UTIL
,,,,,,,,,,91073-82654:Bo Bichette,91073-82654,SS,Bo,Bo Bichette,Bichette,11.6883331298828,60,3500,HOU@TOR,TOR,HOU,,,,,2,SS/UTIL
,,,,,,,,,,91073-79125:Kyle Tucker,91073-79125,OF,Kyle,Kyle Tucker,Tucker,10.217544287966,57,3400,HOU@TOR,HOU,TOR,,,,,,OF/UTIL
,,,,,,,,,,91073-79159:Cody Bellinger,91073-79159,OF,Cody,Cody Bellinger,Bellinger,12.9135131835938,37,3400,CHC@SD,CHC,SD,IL,Knee,,,,OF/UTIL
,,,,,,,,,,91073-79230:Bryan Reynolds,91073-79230,OF,Bryan,Bryan Reynolds,Reynolds,11.8472722833807,55,3400,OAK@PIT,PIT,OAK,,,,,2,OF/UTIL
,,,,,,,,,,91073-165507:Matt McLain,91073-165507,SS,Matt,Matt McLain,McLain,13.0944442749023,18,3400,MIL@CIN,CIN,MIL,,,,,,SS/UTIL
,,,,,,,,,,91073-13342:Nick Castellanos,91073-13342,OF,Nick,Nick Castellanos,Castellanos,11.0406783798994,59,3300,DET@PHI,PHI,DET,,,,,2,OF/UTIL
,,,,,,,,,,91073-118120:Jonah Heim,91073-118120,C,Jonah,Jonah Heim,Heim,11.6240002441406,50,3300,STL@TEX,TEX,STL,,,,,6,C/1B/UTIL
,,,,,,,,,,91073-119318:Christopher Morel,91073-119318,OF/3B,Christopher,Christopher Morel,Morel,13.6714288620722,21,3300,CHC@SD,CHC,SD,,,,,,3B/OF/UTIL
,,,,,,,,,,91073-16983:George Springer,91073-16983,OF,George,George Springer,Springer,10.0362064756196,58,3300,HOU@TOR,TOR,HOU,,,,,1,OF/UTIL
,,,,,,,,,,91073-119437:Josh Jung,91073-119437,3B,Josh,Josh Jung,Jung,12.0618186257102,55,3300,STL@TEX,TEX,STL,,,,,5,3B/UTIL
,,,,,,,,,,91073-37982:Xander Bogaerts,91073-37982,SS,Xander,Xander Bogaerts,Bogaerts,9.50350898608827,57,3200,CHC@SD,SD,CHC,DTD,Wrist,,,,SS/UTIL
,,,,,,,,,,91073-21609:Christian Yelich,91073-21609,OF,Christian,Christian Yelich,Yelich,11.2946428571429,56,3200,MIL@CIN,MIL,CIN,,,,,,OF/UTIL
,,,,,,,,,,91073-85285:Nathaniel Lowe,91073-85285,1B,Nathaniel,Nathaniel Lowe,Lowe,11.2086202687231,58,3200,STL@TEX,TEX,STL,,,,,3,C/1B/UTIL
,,,,,,,,,,91073-5456:Andrew McCutchen,91073-5456,OF,Andrew,Andrew McCutchen,McCutchen,10.496078192019,51,3200,OAK@PIT,PIT,OAK,,,,,1,OF/UTIL
,,,,,,,,,,91073-119345:Jeremy Pena,91073-119345,SS,Jeremy,Jeremy Pena,Pena,10.0137928929822,58,3200,HOU@TOR,HOU,TOR,,,,,,SS/UTIL
,,,,,,,,,,91073-102301:Nico Hoerner,91073-102301,2B,Nico,Nico Hoerner,Hoerner,11.6080004882813,50,3200,CHC@SD,CHC,SD,,,,,,2B/UTIL
,,,,,,,,,,91073-68522:Alex Bregman,91073-68522,3B,Alex,Alex Bregman,Bregman,10.4881353863215,59,3200,HOU@TOR,HOU,TOR,,,,,,3B/UTIL
,,,,,,,,,,91073-68544:Matt Chapman,91073-68544,3B,Matt,Matt Chapman,Chapman,10.6847461765095,59,3200,HOU@TOR,TOR,HOU,,,,,4,3B/UTIL
,,,,,,,,,,91073-13266:Salvador Perez,91073-13266,C,Salvador,Salvador Perez,Perez,10.4886797059257,53,3200,KC@MIA,KC,MIA,,,,,4,C/1B/UTIL
,,,,,,,,,,91073-154711:Lars Nootbaar,91073-154711,OF,Lars,Lars Nootbaar,Nootbaar,10.7261904761905,42,3100,STL@TEX,STL,TEX,IL,Back,,,0,OF/UTIL
,,,,,,,,,,91073-102591:Jake Fraley,91073-102591,OF,Jake,Jake Fraley,Fraley,10.2735849056604,53,3100,MIL@CIN,CIN,MIL,,,,,,OF/UTIL
,,,,,,,,,,91073-79218:Kevin Newman,91073-79218,SS,Kevin,Kevin Newman,Newman,7.76511613712754,43,3100,MIL@CIN,CIN,MIL,,,,,,SS/UTIL
,,,,,,,,,,91073-13719:Nolan Arenado,91073-13719,3B,Nolan,Nolan Arenado,Arenado,10.1649127090186,57,3100,STL@TEX,STL,TEX,,,,,3,3B/UTIL
,,,,,,,,,,91073-101827:Luis Arraez,91073-101827,2B,Luis,Luis Arraez,Arraez,9.59454567649148,55,3100,KC@MIA,MIA,KC,,,,,1,2B/UTIL
,,,,,,,,,,91073-101910:Connor Joe,91073-101910,1B/OF,Connor,Connor Joe,Joe,9.54599975585938,50,3100,OAK@PIT,PIT,OAK,,,,,3,C/1B/OF/UTIL
,,,,,,,,,,91073-82533:Daulton Varsho,91073-82533,OF,Daulton,Daulton Varsho,Varsho,8.99321992518538,59,3100,HOU@TOR,TOR,HOU,,,,,5,OF/UTIL
,,,,,,,,,,91073-163696:Jack Suwinski,91073-163696,OF,Jack,Jack Suwinski,Suwinski,10.4540002441406,50,3100,OAK@PIT,PIT,OAK,,,,,0,OF/UTIL
,,,,,,,,,,91073-102296:TJ Friedl,91073-102296,OF,TJ,TJ Friedl,Friedl,9.67619033086868,42,3100,MIL@CIN,CIN,MIL,IL,Hamstring,,,,OF/UTIL
,,,,,,,,,,91073-68586:Dansby Swanson,91073-68586,SS,Dansby,Dansby Swanson,Swanson,10.4350875051398,57,3100,CHC@SD,CHC,SD,,,,,,SS/UTIL
,,,,,,,,,,91073-12310:Carlos Santana,91073-12310,1B,Carlos,Carlos Santana,Santana,9.16730792705829,52,3000,OAK@PIT,PIT,OAK,,,,,4,C/1B/UTIL
,,,,,,,,,,91073-167012:Seiya Suzuki,91073-167012,OF,Seiya,Seiya Suzuki,Suzuki,9.42888861762153,45,3000,CHC@SD,CHC,SD,,,,,,OF/UTIL
,,,,,,,,,,91073-60631:Kyle Schwarber,91073-60631,OF,Kyle,Kyle Schwarber,Schwarber,10.3000002068988,59,3000,DET@PHI,PHI,DET,,,,,1,OF/UTIL
,,,,,,,,,,91073-85260:Patrick Wisdom,91073-85260,3B/OF,Patrick,Patrick Wisdom,Wisdom,10.2919995117188,50,3000,CHC@SD,CHC,SD,,,,,,3B/OF/UTIL
,,,,,,,,,,91073-65881:Trea Turner,91073-65881,SS,Trea,Trea Turner,Turner,8.82413772056843,58,3000,DET@PHI,PHI,DET,,,,,4,SS/UTIL
,,,,,,,,,,91073-79216:Ke'Bryan Hayes,91073-79216,3B,Ke'Bryan,Ke'Bryan Hayes,Hayes,9.10000010899135,56,3000,OAK@PIT,PIT,OAK,,,,,6,3B/UTIL
,,,,,,,,,,91073-79277:Rowdy Tellez,91073-79277,1B,Rowdy,Rowdy Tellez,Tellez,8.99444467050058,54,3000,MIL@CIN,MIL,CIN,,,,,,C/1B/UTIL
,,,,,,,,,,91073-96764:Jonathan Davis,91073-96764,OF,Jonathan,Jonathan Davis,Davis,11.4800003051758,10,3000,KC@MIA,MIA,KC,,,,,9,OF/UTIL
,,,,,,,,,,91073-167500:Joey Wiemer,91073-167500,OF,Joey,Joey Wiemer,Wiemer,7.49298256321957,57,3000,MIL@CIN,MIL,CIN,,,,,,OF/UTIL
,,,,,,,,,,91073-82527:Jazz Chisholm Jr.,91073-82527,OF,Jazz,Jazz Chisholm Jr.,Chisholm Jr.,10.3641028771034,39,3000,KC@MIA,MIA,KC,IL,Toe,,,0,OF/UTIL
,,,,,,,,,,91073-146160:Ha-Seong Kim,91073-146160,2B/3B,Ha-Seong,Ha-Seong Kim,Kim,8.70181829279119,55,3000,CHC@SD,SD,CHC,,,,,,2B/3B/UTIL
,,,,,,,,,,91073-102284:William Contreras,91073-102284,C,William,William Contreras,Contreras,9.03333333333333,45,3000,MIL@CIN,MIL,CIN,,,,,,C/1B/UTIL
,,,,,,,,,,91073-70562:Whit Merrifield,91073-70562,2B/OF,Whit,Whit Merrifield,Merrifield,10.2283014261498,53,3000,HOU@TOR,TOR,HOU,,,,,6,2B/OF/UTIL
,,,,,,,,,,91073-135216:Chas McCormick,91073-135216,OF,Chas,Chas McCormick,McCormick,10.221429007394,28,2900,HOU@TOR,HOU,TOR,,,,,,OF/UTIL
,,,,,,,,,,91073-157797:Bryan De La Cruz,91073-157797,OF,Bryan,Bryan De La Cruz,De La Cruz,9.32857186453683,56,2900,KC@MIA,MIA,KC,,,,,2,OF/UTIL
,,,,,,,,,,91073-60655:Willy Adames,91073-60655,SS,Willy,Willy Adames,Adames,9.35490208046109,51,2900,MIL@CIN,MIL,CIN,IL,Concussion,,,,SS/UTIL
,,,,,,,,,,91073-79092:Ian Happ,91073-79092,OF,Ian,Ian Happ,Happ,9.42631557531524,57,2900,CHC@SD,CHC,SD,,,,,,OF/UTIL
,,,,,,,,,,91073-79263:Leody Taveras,91073-79263,OF,Leody,Leody Taveras,Taveras,10.1977275501598,44,2900,STL@TEX,TEX,STL,,,,,9,OF/UTIL
,,,,,,,,,,91073-119343:Riley Greene,91073-119343,OF,Riley,Riley Greene,Greene,10.0923074575571,52,2900,DET@PHI,DET,PHI,IL,Lower leg,,,0,OF/UTIL
,,,,,,,,,,91073-80462:Paul DeJong,91073-80462,SS,Paul,Paul DeJong,DeJong,10.7117650649127,34,2900,STL@TEX,STL,TEX,,,,,6,SS/UTIL
,,,,,,,,,,91073-119405:Bryson Stott,91073-119405,2B,Bryson,Bryson Stott,Stott,9.38035692487444,56,2900,DET@PHI,PHI,DET,,,,,6,2B/UTIL
,,,,,,,,,,91073-82589:Nick Pratto,91073-82589,OF/1B,Nick,Nick Pratto,Pratto,9.20588235294118,34,2900,KC@MIA,KC,MIA,,,,,1,C/1B/OF/UTIL
,,,,,,,,,,91073-119637:Ezequiel Duran,91073-119637,2B/SS/OF,Ezequiel,Ezequiel Duran,Duran,9.9682929806593,41,2900,STL@TEX,TEX,STL,,,,,8,2B/SS/OF/UTIL
,,,,,,,,,,91073-102370:Alec Bohm,91073-102370,3B/1B,Alec,Alec Bohm,Bohm,9.49245294534935,53,2900,DET@PHI,PHI,DET,IL,Hamstring,,,0,C/1B/3B/UTIL
,,,,,,,,,,91073-102392:Esteury Ruiz,91073-102392,OF,Esteury,Esteury Ruiz,Ruiz,10.7916666666667,60,2900,OAK@PIT,OAK,PIT,,,,,1,OF/UTIL
,,,,,,,,,,91073-135203:Spencer Torkelson,91073-135203,1B,Spencer,Spencer Torkelson,Torkelson,8.67142868041992,56,2800,DET@PHI,DET,PHI,,,,,4,C/1B/UTIL
,,,,,,,,,,91073-102452:Nelson Velazquez,91073-102452,OF,Nelson,Nelson Velazquez,Velazquez,8.43076911339393,13,2800,CHC@SD,CHC,SD,,,,,,OF/UTIL
,,,,,,,,,,91073-21584:Rougned Odor,91073-21584,2B/OF,Rougned,Rougned Odor,Odor,7.98484848484848,33,2800,CHC@SD,SD,CHC,DTD,Groin,,,,2B/OF/UTIL
,,,,,,,,,,91073-79181:Mauricio Dubon,91073-79181,2B,Mauricio,Mauricio Dubon,Dubon,8.44888916015625,45,2800,HOU@TOR,HOU,TOR,,,,,,2B/UTIL
,,,,,,,,,,91073-21887:Willson Contreras,91073-21887,C,Willson,Willson Contreras,Contreras,8.71636352539062,55,2800,STL@TEX,STL,TEX,,,,,4,C/1B/UTIL
,,,,,,,,,,91073-118218:Zach McKinstry,91073-118218,2B,Zach,Zach McKinstry,McKinstry,8.72,50,2800,DET@PHI,DET,PHI,,,,,1,2B/UTIL
,,,,,,,,,,91073-101841:Edward Olivares,91073-101841,OF,Edward,Edward Olivares,Olivares,8.42272741144354,44,2800,KC@MIA,KC,MIA,,,,,8,OF/UTIL
,,,,,,,,,,91073-13929:Manny Machado,91073-13929,3B,Manny,Manny Machado,Machado,8.18837223496548,43,2800,CHC@SD,SD,CHC,,,,,,3B/UTIL
,,,,,,,,,,91073-119412:Owen Miller,91073-119412,2B/3B/OF,Owen,Owen Miller,Miller,8.87777777777778,45,2800,MIL@CIN,MIL,CIN,,,,,,2B/3B/OF/UTIL
,,,,,,,,,,91073-82644:Jesus Sanchez,91073-82644,OF,Jesus,Jesus Sanchez,Sanchez,7.47777811686198,36,2800,KC@MIA,MIA,KC,,,,,4,OF/UTIL
,,,,,,,,,,91073-81622:Mitch Garver,91073-81622,C,Mitch,Mitch Garver,Garver,14.5500001907349,8,2800,STL@TEX,TEX,STL,,,,,7,C/1B/UTIL
,,,,,,,,,,91073-82655:Danny Jansen,91073-82655,C,Danny,Danny Jansen,Jansen,9.03333367241753,36,2800,HOU@TOR,TOR,HOU,IL,Groin,,,0,C/1B/UTIL
,,,,,,,,,,91073-17139:J.T. Realmuto,91073-17139,C,J.T.,J.T. Realmuto,Realmuto,8.79811297722583,53,2800,DET@PHI,PHI,DET,,,,,5,C/1B/UTIL
,,,,,,,,,,91073-108450:Tommy Edman,91073-108450,SS,Tommy,Tommy Edman,Edman,9.02631578947369,57,2800,STL@TEX,STL,TEX,,,,,1,SS/UTIL
,,,,,,,,,,91073-68531:Brian Anderson,91073-68531,3B/OF,Brian,Brian Anderson,Anderson,9.04210569147478,57,2800,MIL@CIN,MIL,CIN,,,,,,3B/OF/UTIL
,,,,,,,,,,91073-171037:Jason Delay,91073-171037,C,Jason,Jason Delay,Delay,5.68620668608567,29,2700,OAK@PIT,PIT,OAK,,,,,0,C/1B/UTIL
,,,,,,,,,,91073-81046:Garrett Cooper,91073-81046,1B,Garrett,Garrett Cooper,Cooper,8.37750015258789,40,2700,KC@MIA,MIA,KC,,,,,3,C/1B/UTIL
,,,,,,,,,,91073-135364:Jordan Walker,91073-135364,OF,Jordan,Jordan Walker,Walker,8.1347828740659,23,2700,STL@TEX,STL,TEX,,,,,8,OF/UTIL
,,,,,,,,,,91073-79108:Nick Senzel,91073-79108,OF/2B/3B,Nick,Nick Senzel,Senzel,9.5977776421441,45,2700,MIL@CIN,CIN,MIL,,,,,,2B/3B/OF/UTIL
,,,,,,,,,,91073-79154:Brandon Marsh,91073-79154,OF,Brandon,Brandon Marsh,Marsh,9.04464285714286,56,2700,DET@PHI,PHI,DET,,,,,0,OF/UTIL
,,,,,,,,,,91073-118210:Jake Cronenworth,91073-118210,1B/2B,Jake,Jake Cronenworth,Cronenworth,8.53448275862069,58,2700,CHC@SD,SD,CHC,,,,,,C/1B/2B/UTIL
,,,,,,,,,,91073-13854:Robbie Grossman,91073-13854,OF,Robbie,Robbie Grossman,Grossman,9.43333345301011,51,2700,STL@TEX,TEX,STL,,,,,0,OF/UTIL
,,,,,,,,,,91073-79400:Dylan Carlson,91073-79400,OF,Dylan,Dylan Carlson,Carlson,6.63749980926514,32,2700,STL@TEX,STL,TEX,IL,Ankle,,,0,OF/UTIL
,,,,,,,,,,91073-119408:Ji Hwan Bae,91073-119408,2B/OF,Ji Hwan,Ji Hwan Bae,Bae,8.22962951660156,54,2700,OAK@PIT,PIT,OAK,,,,,7,2B/OF/UTIL
,,,,,,,,,,91073-82586:MJ Melendez,91073-82586,C/OF,MJ,MJ Melendez,Melendez,8.58703726309317,54,2700,KC@MIA,KC,MIA,,,,,3,C/1B/OF/UTIL
,,,,,,,,,,91073-82612:Brent Rooker,91073-82612,OF,Brent,Brent Rooker,Rooker,10.4384613037109,52,2700,OAK@PIT,OAK,PIT,,,,,3,OF/UTIL
,,,,,,,,,,91073-165571:Vinnie Pasquantino,91073-165571,1B,Vinnie,Vinnie Pasquantino,Pasquantino,9.41034461712015,58,2700,KC@MIA,KC,MIA,,,,,0,C/1B/UTIL
,,,,,,,,,,91073-181991:Ryan Noda,91073-181991,1B,Ryan,Ryan Noda,Noda,8.78750010899135,56,2700,OAK@PIT,OAK,PIT,,,,,2,C/1B/UTIL
,,,,,,,,,,91073-163706:Brendan Donovan,91073-163706,2B,Brendan,Brendan Donovan,Donovan,7.84259259259259,54,2700,STL@TEX,STL,TEX,,,,,7,2B/UTIL
,,,,,,,,,,91073-101276:Jon Berti,91073-101276,2B/3B/SS,Jon,Jon Berti,Berti,6.69056615289652,53,2700,KC@MIA,MIA,KC,,,,,8,2B/3B/SS/UTIL
,,,,,,,,,,91073-102411:Andrew Knizner,91073-102411,C,Andrew,Andrew Knizner,Knizner,7.86666644061053,27,2600,STL@TEX,STL,TEX,,,,,0,C/1B/UTIL
,,,,,,,,,,91073-135194:Freddy Fermin,91073-135194,C,Freddy,Freddy Fermin,Fermin,6.21111128065321,18,2600,KC@MIA,KC,MIA,,,,,0,C/1B/UTIL
,,,,,,,,,,91073-135218:Jake Meyers,91073-135218,OF,Jake,Jake Meyers,Meyers,7.67659548495678,47,2600,HOU@TOR,HOU,TOR,,,,,,OF/UTIL
,,,,,,,,,,91073-53401:Trey Mancini,91073-53401,1B/OF,Trey,Trey Mancini,Mancini,7.20833333333333,48,2600,CHC@SD,CHC,SD,,,,,,C/1B/OF/UTIL
,,,,,,,,,,91073-184479:Corey Julks,91073-184479,OF,Corey,Corey Julks,Julks,8.38095238095238,42,2600,HOU@TOR,HOU,TOR,,,,,,OF/UTIL
,,,,,,,,,,91073-79175:Trent Grisham,91073-79175,OF,Trent,Trent Grisham,Grisham,7.57719287537692,57,2600,CHC@SD,SD,CHC,,,,,,OF/UTIL
,,,,,,,,,,91073-38223:Travis Jankowski,91073-38223,OF,Travis,Travis Jankowski,Jankowski,8.20967741935484,31,2600,STL@TEX,TEX,STL,,,,,0,OF/UTIL
,,,,,,,,,,91073-21885:Javier Baez,91073-21885,SS,Javier,Javier Baez,Baez,7.93518518518519,54,2600,DET@PHI,DET,PHI,,,,,2,SS/UTIL
,,,,,,,,,,91073-119303:Shea Langeliers,91073-119303,C,Shea,Shea Langeliers,Langeliers,8.02548995672488,51,2600,OAK@PIT,OAK,PIT,,,,,0,C/1B/UTIL
,,,,,,,,,,91073-16945:Gary Sanchez,91073-16945,C,Gary,Gary Sanchez,Sanchez,7.7000003390842,9,2600,CHC@SD,SD,CHC,,,,,,C/1B/UTIL
,,,,,,,,,,91073-12900:Brandon Belt,91073-12900,1B,Brandon,Brandon Belt,Belt,8.05116307458212,43,2600,HOU@TOR,TOR,HOU,,,,,0,C/1B/UTIL
,,,,,,,,,,91073-5763:Nelson Cruz,91073-5763,OF,Nelson,Nelson Cruz,Cruz,6.09444427490234,36,2600,CHC@SD,SD,CHC,IL,Hamstring,,,,OF/UTIL
,,,,,,,,,,91073-13961:Kevin Kiermaier,91073-13961,OF,Kevin,Kevin Kiermaier,Kiermaier,8.70000012715658,48,2600,HOU@TOR,TOR,HOU,,,,,9,OF/UTIL
,,,,,,,,,,91073-82596:Jake Rogers,91073-82596,C,Jake,Jake Rogers,Rogers,6.26315789473684,38,2600,DET@PHI,DET,PHI,,,,,0,C/1B/UTIL
,,,,,,,,,,91073-12985:Avisail Garcia,91073-12985,OF,Avisail,Avisail Garcia,Garcia,6.23636349764737,22,2600,KC@MIA,MIA,KC,IL,Back,,,0,OF/UTIL
,,,,,,,,,,91073-71507:Yuli Gurriel,91073-71507,1B,Yuli,Yuli Gurriel,Gurriel,8.7051282051282,39,2600,KC@MIA,MIA,KC,,,,,5,C/1B/UTIL
,,,,,,,,,,91073-13152:Matt Carpenter,91073-13152,1B,Matt,Matt Carpenter,Carpenter,7.14545440673828,44,2600,CHC@SD,SD,CHC,,,,,,C/1B/UTIL
,,,,,,,,,,91073-182167:Matt Mervis,91073-182167,1B,Matt,Matt Mervis,Mervis,6.08499984741211,20,2600,CHC@SD,CHC,SD,,,,,,C/1B/UTIL
,,,,,,,,,,91073-80838:Luke Voit,91073-80838,1B,Luke,Luke Voit,Voit,4.95652173913044,23,2600,MIL@CIN,MIL,CIN,,,,,,C/1B/UTIL
,,,,,,,,,,91073-80848:Victor Caratini,91073-80848,C,Victor,Victor Caratini,Caratini,6.79130421514097,23,2600,MIL@CIN,MIL,CIN,,,,,,C/1B/UTIL
,,,,,,,,,,91073-38973:Tyrone Taylor,91073-38973,OF,Tyrone,Tyrone Taylor,Taylor,4.22222222222222,27,2500,MIL@CIN,MIL,CIN,IL,Elbow,,,,OF/UTIL
,,,,,,,,,,91073-21573:Jace Peterson,91073-21573,3B,Jace,Jace Peterson,Peterson,6.29807692307692,52,2500,OAK@PIT,OAK,PIT,,,,,8,3B/UTIL
,,,,,,,,,,91073-102485:Kyle Isbel,91073-102485,OF,Kyle,Kyle Isbel,Isbel,6.92692331167368,26,2500,KC@MIA,KC,MIA,IL,Hamstring,,,0,OF/UTIL
,,,,,,,,,,91073-6273:Michael Brantley,91073-6273,OF,Michael,Michael Brantley,Brantley,9.00923039362981,65,2500,HOU@TOR,HOU,TOR,IL,Shoulder,,,,OF/UTIL
,,,,,,,,,,91073-145590:Jason Vosler,91073-145590,1B/3B,Jason,Jason Vosler,Vosler,6.60999984741211,20,2500,MIL@CIN,CIN,MIL,,,,,,C/1B/3B/UTIL
,,,,,,,,,,91073-83155:Ramon Laureano,91073-83155,OF,Ramon,Ramon Laureano,Laureano,8.24222208658854,45,2500,OAK@PIT,OAK,PIT,,,,,0,OF/UTIL
,,,,,,,,,,91073-79110:Tyler Stephenson,91073-79110,C,Tyler,Tyler Stephenson,Stephenson,7.64035087719298,57,2500,MIL@CIN,CIN,MIL,,,,,,C/1B/UTIL
,,,,,,,,,,91073-173548:Michael Massey,91073-173548,2B,Michael,Michael Massey,Massey,6.28846153846154,52,2500,KC@MIA,KC,MIA,,,,,5,2B/UTIL
,,,,,,,,,,91073-176691:Kerry Carpenter,91073-176691,OF,Kerry,Kerry Carpenter,Carpenter,7.98095267159598,21,2500,DET@PHI,DET,PHI,IL,Shoulder,,,0,OF/UTIL
,,,,,,,,,,91073-16981:Yan Gomes,91073-16981,C,Yan,Yan Gomes,Gomes,9.04117629107307,34,2500,CHC@SD,CHC,SD,,,,,,C/1B/UTIL
,,,,,,,,,,91073-119444:Alejandro Kirk,91073-119444,C,Alejandro,Alejandro Kirk,Kirk,6.33829774247839,47,2500,HOU@TOR,TOR,HOU,,,,,7,C/1B/UTIL
,,,,,,,,,,91073-165559:Yainer Diaz,91073-165559,C,Yainer,Yainer Diaz,Diaz,6.61249987284343,24,2500,HOU@TOR,HOU,TOR,,,,,,C/1B/UTIL
,,,,,,,,,,91073-21183:Carlos Perez,91073-21183,C,Carlos,Carlos Perez,Perez,5.75151524399266,33,2500,OAK@PIT,OAK,PIT,,,,,5,C/1B/UTIL
,,,,,,,,,,91073-116450:Seth Brown,91073-116450,1B/OF,Seth,Seth Brown,Brown,6.65238080705915,21,2500,OAK@PIT,OAK,PIT,,,,,4,C/1B/OF/UTIL
,,,,,,,,,,91073-165693:Alec Burleson,91073-165693,OF,Alec,Alec Burleson,Burleson,6.28695678710938,46,2500,STL@TEX,STL,TEX,,,,,0,OF/UTIL
,,,,,,,,,,91073-165707:Josh Smith,91073-165707,OF/SS,Josh,Josh Smith,Smith,6.07249984741211,40,2500,STL@TEX,TEX,STL,,,,,0,SS/OF/UTIL
,,,,,,,,,,91073-163689:Maikel Garcia,91073-163689,3B/SS,Maikel,Maikel Garcia,Garcia,8.83846165583684,26,2500,KC@MIA,KC,MIA,,,,,6,3B/SS/UTIL
,,,,,,,,,,91073-161677:Nick Fortes,91073-161677,C,Nick,Nick Fortes,Fortes,5.83170746593941,41,2500,KC@MIA,MIA,KC,,,,,6,C/1B/UTIL
,,,,,,,,,,91073-52187:Ji Man Choi,91073-52187,1B,Ji Man,Ji Man Choi,Choi,5.51111094156901,9,2500,OAK@PIT,PIT,OAK,IL,Achilles,,,0,C/1B/UTIL
,,,,,,,,,,91073-135239:Rodolfo Castro,91073-135239,2B/SS,Rodolfo,Rodolfo Castro,Castro,6.73962287183078,53,2400,OAK@PIT,PIT,OAK,,,,,5,2B/SS/UTIL
,,,,,,,,,,91073-135305:Tucupita Marcano,91073-135305,2B,Tucupita,Tucupita Marcano,Marcano,6.5463413145484,41,2400,OAK@PIT,PIT,OAK,,,,,0,2B/UTIL
,,,,,,,,,,91073-83164:Jake Cave,91073-83164,OF,Jake,Jake Cave,Cave,7.00500030517578,20,2400,DET@PHI,PHI,DET,,,,,0,OF/UTIL
,,,,,,,,,,91073-83182:Eric Haase,91073-83182,C/OF,Eric,Eric Haase,Haase,6.13913030209749,46,2400,DET@PHI,DET,PHI,,,,,6,C/1B/OF/UTIL
,,,,,,,,,,91073-146720:Jordan Diaz,91073-146720,3B,Jordan,Jordan Diaz,Diaz,5.84166653951009,24,2400,OAK@PIT,OAK,PIT,,,,,0,3B/UTIL
,,,,,,,,,,91073-49523:Jose Abreu,91073-49523,1B,Jose,Jose Abreu,Abreu,6.25438596491228,57,2400,HOU@TOR,HOU,TOR,,,,,,C/1B/UTIL
,,,,,,,,,,91073-79267:Andy Ibanez,91073-79267,3B,Andy,Andy Ibanez,Ibanez,5.2,30,2400,DET@PHI,DET,PHI,,,,,8,3B/UTIL
,,,,,,,,,,91073-118222:Mark Mathias,91073-118222,2B,Mark,Mark Mathias,Mathias,5.41249990463257,16,2400,OAK@PIT,PIT,OAK,,,,,8,2B/UTIL
,,,,,,,,,,91073-119363:JJ Bleday,91073-119363,OF,JJ,JJ Bleday,Bleday,6.12400024414063,25,2400,OAK@PIT,OAK,PIT,,,,,6,OF/UTIL
,,,,,,,,,,91073-53844:Matt Duffy,91073-53844,2B/3B,Matt,Matt Duffy,Duffy,5.2379308240167,29,2400,KC@MIA,KC,MIA,,,,,0,2B/3B/UTIL
,,,,,,,,,,91073-116339:Abraham Toro,91073-116339,3B/2B,Abraham,Abraham Toro,Toro,14.1000003814697,2,2400,MIL@CIN,MIL,CIN,,,,,,2B/3B/UTIL
,,,,,,,,,,91073-161468:Henry Ramos,91073-161468,OF,Henry,Henry Ramos,Ramos,7.86666700575087,18,2400,MIL@CIN,CIN,MIL,IL,Hip,,,,OF/UTIL
,,,,,,,,,,91073-154422:Matt Vierling,91073-154422,OF,Matt,Matt Vierling,Vierling,7.20217364767323,46,2400,DET@PHI,DET,PHI,IL,Back,,,0,OF/UTIL
,,,,,,,,,,91073-102288:Drew Waters,91073-102288,OF,Drew,Drew Waters,Waters,5.44999980926514,8,2400,KC@MIA,KC,MIA,,,,,9,OF/UTIL
,,,,,,,,,,91073-102295:Stuart Fairchild,91073-102295,OF,Stuart,Stuart Fairchild,Fairchild,6.43584917176445,53,2400,MIL@CIN,CIN,MIL,,,,,,OF/UTIL
,,,,,,,,,,91073-102307:Jose Barrero,91073-102307,SS/OF,Jose,Jose Barrero,Barrero,7.05952380952381,42,2400,MIL@CIN,CIN,MIL,,,,,,SS/OF/UTIL
,,,,,,,,,,91073-102326:Kody Clemens,91073-102326,1B,Kody,Kody Clemens,Clemens,6.63225826140373,31,2400,DET@PHI,PHI,DET,,,,,0,C/1B/UTIL
,,,,,,,,,,91073-102331:Nicky Lopez,91073-102331,3B/2B/SS,Nicky,Nicky Lopez,Lopez,5.33030284534801,33,2400,KC@MIA,KC,MIA,,,,,7,2B/3B/SS/UTIL
,,,,,,,,,,91073-68547:Tyler O'Neill,91073-68547,OF,Tyler,Tyler O'Neill,O'Neill,6.18620668608567,29,2400,STL@TEX,STL,TEX,IL,Back,,,0,OF/UTIL
,,,,,,,,,,91073-52162:Hunter Dozier,91073-52162,3B/1B,Hunter,Hunter Dozier,Dozier,5.79655193460399,29,2400,KC@MIA,KC,MIA,,,,,0,C/1B/3B/UTIL
,,,,,,,,,,91073-102424:Kevin Smith,91073-102424,SS,Kevin,Kevin Smith,Smith,5.15769254244291,26,2300,OAK@PIT,OAK,PIT,,,,,0,SS/UTIL
,,,,,,,,,,91073-102427:Jordan Groshans,91073-102427,3B,Jordan,Jordan Groshans,Groshans,6.16470606186811,17,2300,KC@MIA,MIA,KC,,,,,0,3B/UTIL
,,,,,,,,,,91073-73832:Joey Wendle,91073-73832,SS,Joey,Joey Wendle,Wendle,5.34230745755709,26,2300,KC@MIA,MIA,KC,,,,,7,SS/UTIL
,,,,,,,,,,91073-102577:Santiago Espinal,91073-102577,2B,Santiago,Santiago Espinal,Espinal,5.73200012207031,25,2300,HOU@TOR,TOR,HOU,IL,Hamstring,,,0,2B/UTIL
,,,,,,,,,,91073-85277:Cavan Biggio,91073-85277,2B,Cavan,Cavan Biggio,Biggio,5.36756773252745,37,2300,HOU@TOR,TOR,HOU,,,,,8,2B/UTIL
,,,,,,,,,,91073-146722:Canaan Smith-Njigba,91073-146722,OF,Canaan,Canaan Smith-Njigba,Smith-Njigba,4.72142846243722,14,2300,OAK@PIT,PIT,OAK,,,,,0,OF/UTIL
,,,,,,,,,,91073-79247:Edmundo Sosa,91073-79247,3B,Edmundo,Edmundo Sosa,Sosa,5.7136362249201,44,2300,DET@PHI,PHI,DET,,,,,8,3B/UTIL
,,,,,,,,,,91073-84401:Brandon Dixon,91073-84401,1B,Brandon,Brandon Dixon,Dixon,5.625,16,2300,CHC@SD,SD,CHC,,,,,,C/1B/UTIL
,,,,,,,,,,91073-12928:Eric Hosmer,91073-12928,1B,Eric,Eric Hosmer,Hosmer,5.88387077085434,31,2300,CHC@SD,CHC,SD,,,,,,C/1B/UTIL
,,,,,,,,,,91073-82563:Garrett Hampson,91073-82563,2B/SS/OF,Garrett,Garrett Hampson,Hampson,5.27045440673828,44,2300,KC@MIA,MIA,KC,,,,,0,2B/SS/OF/UTIL
,,,,,,,,,,91073-12931:Wil Myers,91073-12931,OF/1B,Wil,Wil Myers,Myers,6.30270262022276,37,2300,MIL@CIN,CIN,MIL,IL,Shoulder,,,,C/1B/OF/UTIL
,,,,,,,,,,91073-14000:Darin Ruf,91073-14000,1B/OF,Darin,Darin Ruf,Ruf,4.30499992370605,20,2300,MIL@CIN,MIL,CIN,IL,Knee,,,,C/1B/OF/UTIL
,,,,,,,,,,91073-82611:Akil Baddoo,91073-82611,OF,Akil,Akil Baddoo,Baddoo,7.81304334557575,46,2300,DET@PHI,DET,PHI,,,,,3,OF/UTIL
,,,,,,,,,,91073-187103:Andruw Monasterio,91073-187103,SS,Andruw,Andruw Monasterio,Monasterio,10.8499997456869,6,2300,MIL@CIN,MIL,CIN,DTD,Head,,,,SS/UTIL
,,,,,,,,,,91073-52995:Luke Maile,91073-52995,C,Luke,Luke Maile,Maile,5.69599975585938,25,2300,MIL@CIN,CIN,MIL,,,,,,C/1B/UTIL
,,,,,,,,,,91073-17167:Brad Miller,91073-17167,1B,Brad,Brad Miller,Miller,4.81818181818182,22,2300,STL@TEX,TEX,STL,IL,Oblique,,,0,C/1B/UTIL
,,,,,,,,,,91073-13188:Jean Segura,91073-13188,3B,Jean,Jean Segura,Segura,5.08846165583684,52,2300,KC@MIA,MIA,KC,,,,,0,3B/UTIL
,,,,,,,,,,91073-80847:Mike Tauchman,91073-80847,OF,Mike,Mike Tauchman,Tauchman,6.37333323160807,15,2300,CHC@SD,CHC,SD,,,,,,OF/UTIL
,,,,,,,,,,91073-102353:Brice Turang,91073-102353,2B/SS,Brice,Brice Turang,Turang,5.6375002179827,56,2300,MIL@CIN,MIL,CIN,,,,,,2B/SS/UTIL
,,,,,,,,,,91073-70665:Jacob Stallings,91073-70665,C,Jacob,Jacob Stallings,Stallings,4.23870948053175,31,2200,KC@MIA,MIA,KC,,,,,0,C/1B/UTIL
,,,,,,,,,,91073-135282:Josh Palacios,91073-135282,OF,Josh,Josh Palacios,Palacios,5.54285703386579,14,2200,OAK@PIT,PIT,OAK,,,,,0,OF/UTIL
,,,,,,,,,,91073-38004:Austin Hedges,91073-38004,C,Austin,Austin Hedges,Hedges,4.41470606186811,34,2200,OAK@PIT,PIT,OAK,,,,,9,C/1B/UTIL
,,,,,,,,,,91073-178304:David Hensley,91073-178304,2B/OF,David,David Hensley,Hensley,4.76538467407227,26,2200,HOU@TOR,HOU,TOR,,,,,,2B/OF/UTIL
,,,,,,,,,,91073-21637:Jackie Bradley Jr.,91073-21637,OF,Jackie,Jackie Bradley Jr.,Bradley Jr.,3.25581395348837,43,2200,KC@MIA,KC,MIA,,,,,0,OF/UTIL
,,,,,,,,,,91073-83143:Oscar Mercado,91073-83143,OF,Oscar,Oscar Mercado,Mercado,6.00769219031701,13,2200,STL@TEX,STL,TEX,,,,,9,OF/UTIL
,,,,,,,,,,91073-109803:Austin Nola,91073-109803,C,Austin,Austin Nola,Nola,3.61666652134487,42,2200,CHC@SD,SD,CHC,,,,,,C/1B/UTIL
,,,,,,,,,,91073-79195:Miguel Andujar,91073-79195,3B/OF,Miguel,Miguel Andujar,Andujar,5.33846165583684,13,2200,OAK@PIT,PIT,OAK,,,,,0,3B/OF/UTIL
,,,,,,,,,,91073-13771:Josh Harrison,91073-13771,3B/OF,Josh,Josh Harrison,Harrison,3.71481492784288,27,2200,DET@PHI,PHI,DET,,,,,0,3B/OF/UTIL
,,,,,,,,,,91073-16946:Jon Singleton,91073-16946,1B,Jon,Jon Singleton,Singleton,6.19999980926514,2,2200,MIL@CIN,MIL,CIN,,,,,,C/1B/UTIL
,,,,,,,,,,91073-119404:Nick Maton,91073-119404,2B/3B,Nick,Nick Maton,Maton,6.10754740013267,53,2200,DET@PHI,DET,PHI,,,,,5,2B/3B/UTIL
,,,,,,,,,,91073-82558:Conner Capel,91073-82558,OF,Conner,Conner Capel,Capel,5.28076934814453,26,2200,OAK@PIT,OAK,PIT,,,,,0,OF/UTIL
,,,,,,,,,,91073-162509:Juan Yepez,91073-162509,1B/OF,Juan,Juan Yepez,Yepez,4.15,20,2200,STL@TEX,STL,TEX,,,,,0,C/1B/OF/UTIL
,,,,,,,,,,91073-82652:Bubba Thompson,91073-82652,OF,Bubba,Bubba Thompson,Thompson,3.61111111111111,36,2200,STL@TEX,TEX,STL,,,,,0,OF/UTIL
,,,,,,,,,,91073-110404:Mike Brosseau,91073-110404,3B,Mike,Mike Brosseau,Brosseau,4.76000010172526,30,2200,MIL@CIN,MIL,CIN,,,,,,3B/UTIL
,,,,,,,,,,91073-68471:Tony Kemp,91073-68471,2B/OF,Tony,Tony Kemp,Kemp,4.74081638881138,49,2200,OAK@PIT,OAK,PIT,,,,,0,2B/OF/UTIL
,,,,,,,,,,91073-102322:Nick Madrigal,91073-102322,2B/3B,Nick,Nick Madrigal,Madrigal,5.26000017438616,35,2200,CHC@SD,CHC,SD,,,,,,2B/3B/UTIL
,,,,,,,,,,91073-163772:Brett Sullivan,91073-163772,C,Brett,Brett Sullivan,Sullivan,3.58571443103609,21,2200,CHC@SD,SD,CHC,,,,,,C/1B/UTIL
,,,,,,,,,,91073-13253:Martin Maldonado,91073-13253,C,Martin,Martin Maldonado,Maldonado,5.3767441150754,43,2200,HOU@TOR,HOU,TOR,,,,,,C/1B/UTIL
,,,,,,,,,,91073-52180:Austin Meadows,91073-52180,OF,Austin,Austin Meadows,Meadows,4.16666666666667,6,2200,DET@PHI,DET,PHI,IL,Personal,,,0,OF/UTIL
,,,,,,,,,,91073-38872:Jesse Winker,91073-38872,OF,Jesse,Jesse Winker,Winker,5.37692299867288,39,2200,MIL@CIN,MIL,CIN,IL,Neck,,,,OF/UTIL
,,,,,,,,,,91073-180208:Miles Mastrobuoni,91073-180208,2B,Miles,Miles Mastrobuoni,Mastrobuoni,3.91250006357829,24,2200,CHC@SD,CHC,SD,,,,,,2B/UTIL
,,,,,,,,,,91073-102453:Zack Short,91073-102453,SS,Zack,Zack Short,Short,5.99599975585938,25,2100,DET@PHI,DET,PHI,,,,,0,SS/UTIL
,,,,,,,,,,91073-116867:Tyler Heineman,91073-116867,C,Tyler,Tyler Heineman,Heineman,5.06666660308838,6,2100,HOU@TOR,TOR,HOU,,,,,0,C/1B/UTIL
,,,,,,,,,,91073-179362:Dalton Guthrie,91073-179362,OF,Dalton,Dalton Guthrie,Guthrie,1.18888886769613,18,2100,DET@PHI,PHI,DET,,,,,9,OF/UTIL
,,,,,,,,,,91073-38100:Matt Reynolds,91073-38100,1B/SS,Matt,Matt Reynolds,Reynolds,3.09999990463257,2,2100,MIL@CIN,CIN,MIL,,,,,,C/1B/SS/UTIL
,,,,,,,,,,91073-146698:Peyton Burdick,91073-146698,OF,Peyton,Peyton Burdick,Burdick,5.05714307512556,14,2100,KC@MIA,MIA,KC,,,,,0,OF/UTIL
,,,,,,,,,,91073-79119:Will Benson,91073-79119,OF,Will,Will Benson,Benson,4.10588253245634,17,2100,MIL@CIN,CIN,MIL,,,,,,OF/UTIL
,,,,,,,,,,91073-79128:Garrett Stubbs,91073-79128,C,Garrett,Garrett Stubbs,Stubbs,4.63333320617676,12,2100,DET@PHI,PHI,DET,,,,,0,C/1B/UTIL
,,,,,,,,,,91073-101821:Edwin Rios,91073-101821,3B,Edwin,Edwin Rios,Rios,2.76842097232216,19,2100,CHC@SD,CHC,SD,,,,,,3B/UTIL
,,,,,,,,,,91073-173546:Nate Eaton,91073-173546,OF,Nate,Nate Eaton,Eaton,1.59600006103516,25,2100,KC@MIA,KC,MIA,,,,,0,OF/UTIL
,,,,,,,,,,91073-16947:Jonathan Schoop,91073-16947,2B,Jonathan,Jonathan Schoop,Schoop,3.57222239176432,36,2100,DET@PHI,DET,PHI,,,,,0,2B/UTIL
,,,,,,,,,,91073-17012:Curt Casali,91073-17012,C,Curt,Curt Casali,Casali,3.31724127407732,29,2100,MIL@CIN,CIN,MIL,,,,,,C/1B/UTIL
,,,,,,,,,,91073-82566:Tyler Nevin,91073-82566,3B,Tyler,Tyler Nevin,Nevin,3.81428582327706,14,2100,DET@PHI,DET,PHI,,,,,0,3B/UTIL
,,,,,,,,,,91073-119439:Sam Huff,91073-119439,C,Sam,Sam Huff,Huff,2.5,5,2100,STL@TEX,TEX,STL,,,,,0,C/1B/UTIL
,,,,,,,,,,91073-54049:Aledmys Diaz,91073-54049,2B/SS/3B,Aledmys,Aledmys Diaz,Diaz,4.53170739150629,41,2100,OAK@PIT,OAK,PIT,,,,,0,2B/3B/SS/UTIL
,,,,,,,,,,91073-163672:Jonah Bride,91073-163672,1B/2B,Jonah,Jonah Bride,Bride,2.43999996185303,5,2100,OAK@PIT,OAK,PIT,,,,,7,C/1B/2B/UTIL
,,,,,,,,,,91073-102380:Nick Allen,91073-102380,SS,Nick,Nick Allen,Allen,3.49459467707454,37,2100,OAK@PIT,OAK,PIT,,,,,9,SS/UTIL
,,,,,,,,,,91073-102393:Xavier Edwards,91073-102393,2B,Xavier,Xavier Edwards,Edwards,5.86666658189562,9,2100,KC@MIA,MIA,KC,,,,,0,2B/UTIL
,,,,,,,,,,91073-13304:Tucker Barnhart,91073-13304,C,Tucker,Tucker Barnhart,Barnhart,2.63214274815151,28,2100,CHC@SD,CHC,SD,,,,,,C/1B/UTIL
,,,,,,,,,,91073-5118:Miguel Cabrera,91073-5118,1B,Miguel,Miguel Cabrera,Cabrera,4.8034483810951,29,2100,DET@PHI,DET,PHI,,,,,7,C/1B/UTIL
,,,,,,,,,,91073-102413:Luken Baker,91073-102413,1B,Luken,Luken Baker,Baker,6,1,2000,STL@TEX,STL,TEX,,,,,5,C/1B/UTIL
,,,,,,,,,,91073-102486:Blake Perkins,91073-102486,OF,Blake,Blake Perkins,Perkins,3.75833320617676,12,2000,MIL@CIN,MIL,CIN,,,,,,OF/UTIL
,,,,,,,,,,91073-13422:Jake Marisnick,91073-13422,OF,Jake,Jake Marisnick,Marisnick,1.2076922930204,13,2000,DET@PHI,DET,PHI,,,,,9,OF/UTIL
,,,,,,,,,,91073-135293:Drew Maggi,91073-135293,3B,Drew,Drew Maggi,Maggi,5.23333326975505,3,2000,OAK@PIT,PIT,OAK,,,,,0,3B/UTIL
,,,,,,,,,,91073-38016:Jesus Aguilar,91073-38016,1B,Jesus,Jesus Aguilar,Aguilar,5.66944461398655,36,2000,OAK@PIT,OAK,PIT,,,,,0,C/1B/UTIL
,,,,,,,,,,91073-135314:Ernie Clement,91073-135314,2B/SS,Ernie,Ernie Clement,Clement,3.23333326975505,3,2000,HOU@TOR,TOR,HOU,,,,,0,2B/SS/UTIL
,,,,,,,,,,91073-102550:Luis Campusano,91073-102550,C,Luis,Luis Campusano,Campusano,6.22857121058873,7,2000,CHC@SD,SD,CHC,IL,Thumb,,,,C/1B/UTIL
,,,,,,,,,,91073-184480:Cesar Salazar,91073-184480,C,Cesar,Cesar Salazar,Salazar,1.21999998092651,10,2000,HOU@TOR,HOU,TOR,,,,,,C/1B/UTIL
,,,,,,,,,,91073-102584:Tres Barrera,91073-102584,C,Tres,Tres Barrera,Barrera,0,6,2000,STL@TEX,STL,TEX,,,,,0,C/1B/UTIL
,,,,,,,,,,91073-13501:Chris Owings,91073-13501,SS/2B,Chris,Chris Owings,Owings,1.09090909090909,11,2000,OAK@PIT,PIT,OAK,,,,,0,2B/SS/UTIL
,,,,,,,,,,91073-145618:Otto Lopez,91073-145618,SS,Otto,Otto Lopez,Lopez,3.9375,8,2000,HOU@TOR,TOR,HOU,,,,,0,SS/UTIL
,,,,,,,,,,91073-146697:Garrett Mitchell,91073-146697,OF,Garrett,Garrett Mitchell,Mitchell,9.30000019073486,16,2000,MIL@CIN,MIL,CIN,IL,Shoulder,,,,OF/UTIL
,,,,,,,,,,91073-85273:Rylan Bannon,91073-85273,3B,Rylan,Rylan Bannon,Bannon,0,2,2000,HOU@TOR,HOU,TOR,O,Finger,,,,3B/UTIL
,,,,,,,,,,91073-79130:Jose Azocar,91073-79130,OF,Jose,Jose Azocar,Azocar,4.5038460951585,26,2000,CHC@SD,SD,CHC,,,,,,OF/UTIL
,,,,,,,,,,91073-85279:Miguel Amaya,91073-85279,C,Miguel,Miguel Amaya,Amaya,8.05714307512556,7,2000,CHC@SD,CHC,SD,,,,,,C/1B/UTIL
,,,,,,,,,,91073-79215:Rhys Hoskins,91073-79215,1B,Rhys,Rhys Hoskins,Hoskins,10.2341040462428,173,2000,DET@PHI,PHI,DET,IL,Knee,,,0,C/1B/UTIL
,,,,,,,,,,91073-5488:Joey Votto,91073-5488,1B,Joey,Joey Votto,Votto,8.37032980447287,91,2000,MIL@CIN,CIN,MIL,IL,Shoulder,,,,C/1B/UTIL
,,,,,,,,,,91073-79225:Luis Urias,91073-79225,3B/SS/2B,Luis,Luis Urias,Urias,0,1,2000,MIL@CIN,MIL,CIN,IL,Hamstring,,,,2B/3B/SS/UTIL
,,,,,,,,,,91073-181662:Nathan Lukes,91073-181662,OF,Nathan,Nathan Lukes,Lukes,1.77894732826634,19,2000,HOU@TOR,TOR,HOU,,,,,0,OF/UTIL
,,,,,,,,,,91073-161274:Alfonso Rivas,91073-161274,1B,Alfonso,Alfonso Rivas,Rivas,4.5,2,2000,CHC@SD,SD,CHC,,,,,,C/1B/UTIL
,,,,,,,,,,91073-181790:Diego Hernandez,91073-181790,OF,Diego,Diego Hernandez,Hernandez,,,2000,KC@MIA,KC,MIA,IL,Shoulder,,,0,OF/UTIL
,,,,,,,,,,91073-81506:Jordan Luplow,91073-81506,OF,Jordan,Jordan Luplow,Luplow,1.54999995231628,4,2000,HOU@TOR,TOR,HOU,,,,,0,OF/UTIL
,,,,,,,,,,91073-119401:Rafael Marchan,91073-119401,C,Rafael,Rafael Marchan,Marchan,,,2000,DET@PHI,PHI,DET,IL,Wrist,,,0,C/1B/UTIL
,,,,,,,,,,91073-12919:Jose Iglesias,91073-12919,2B/SS,Jose,Jose Iglesias,Iglesias,7.6788133524232,118,2000,CHC@SD,SD,CHC,,,,,,2B/SS/UTIL
,,,,,,,,,,91073-176777:Cal Stevenson,91073-176777,OF,Cal,Cal Stevenson,Stevenson,2.03333330154419,6,2000,DET@PHI,PHI,DET,,,,,0,OF/UTIL
,,,,,,,,,,91073-165550:Ryan Kreidler,91073-165550,2B/3B/SS,Ryan,Ryan Kreidler,Kreidler,1.12727269259366,11,2000,DET@PHI,DET,PHI,IL,Knee,,,0,2B/3B/SS/UTIL
,,,,,,,,,,91073-17105:Sandy Leon,91073-17105,C,Sandy,Sandy Leon,Leon,2.98888884650336,18,2000,STL@TEX,TEX,STL,,,,,0,C/1B/UTIL
,,,,,,,,,,91073-163661:Eguy Rosario,91073-163661,SS,Eguy,Eguy Rosario,Rosario,0.857142857142857,7,2000,CHC@SD,SD,CHC,IL,Ankle,,,,SS/UTIL
,,,,,,,,,,91073-70518:Taylor Motter,91073-70518,2B/3B,Taylor,Taylor Motter,Motter,3.4375,8,2000,STL@TEX,STL,TEX,,,,,0,2B/3B/UTIL
,,,,,,,,,,91073-102279:Drew Ellis,91073-102279,3B,Drew,Drew Ellis,Ellis,16.3250007629395,4,2000,DET@PHI,PHI,DET,,,,,7,3B/UTIL
,,,,,,,,,,91073-102285:Cristian Pache,91073-102285,OF,Cristian,Cristian Pache,Pache,3.63333341810438,18,2000,DET@PHI,PHI,DET,IL,Knee,,,0,OF/UTIL
,,,,,,,,,,91073-171923:Darick Hall,91073-171923,1B,Darick,Darick Hall,Hall,4.11666679382324,6,2000,DET@PHI,PHI,DET,IL,Thumb,,,0,C/1B/UTIL
,,,,,,,,,,91073-187281:TJ Hopkins,91073-187281,OF,TJ,TJ Hopkins,Hopkins,3.25,2,2000,MIL@CIN,CIN,MIL,,,,,,OF/UTIL
,,,,,,,,,,91073-13209:Manny Pina,91073-13209,C,Manny,Manny Pina,Pina,4.44000015258789,5,2000,OAK@PIT,OAK,PIT,IL,Wrist,,,0,C/1B/UTIL
,,,,,,,,,,91073-68537:Tyler Wade,91073-68537,OF/2B/SS,Tyler,Tyler Wade,Wade,3.92000007629395,10,2000,OAK@PIT,OAK,PIT,,,,,0,2B/SS/OF/UTIL
,,,,,,,,,,91073-52153:David Dahl,91073-52153,OF,David,David Dahl,Dahl,4.67500019073486,4,2000,CHC@SD,SD,CHC,,,,,,OF/UTIL
,,,,,,,,,,91073-102389:Oneil Cruz,91073-102389,SS,Oneil,Oneil Cruz,Cruz,12.3777779473199,9,2000,OAK@PIT,PIT,OAK,IL,Lower leg,,,0,SS/UTIL
,,,,,,,,,,,,,,,,,,,,,,,,,,,
,,,,,,,,,,,,,,,,,,,,,,,,,,,
,,,,,,,,,,,,,,,,,,,,,,,,,,,
,,,,,,,,,,,,,,,,,,,,,,,,,,,
