Id,Position,First Name,Nickname,Last Name,FPPG,Played,Salary,Game,Team,Opponent,Injury Indicator,Injury Details,Tier,Probable Pitcher,Batting Order,Roster Position
90601-162445,P,Spencer,Spencer Strider,Strider,44.666666666666664,10,11500,SEA@ATL,ATL,SEA,,,,,,P
90601-5427,P,Clayton,Clayton Kershaw,Kershaw,40.55555555555556,9,11400,LAD@STL,LAD,STL,,,,,,P
90601-52859,P,Jacob,Jacob deGrom,deGrom,37.166666666666664,6,11400,COL@TEX,TEX,COL,IL,Elbow,,,,P
90601-82554,P,Shane,Shane Bieber,Bieber,31.555555555555557,9,11200,CLE@NYM,CLE,NYM,,,,,,P
90601-119430,P,Joe,Joe Ryan,Ryan,43.625,9,11000,MIN@LAA,MIN,LAA,,,,Yes,,P
90601-38000,P,Kevin,Kevin Gausman,Gausman,41.77777777777778,9,11000,BAL@TOR,TOR,BAL,,,,,,P
90601-13233,P,Nathan,Nathan Eovaldi,Eovaldi,40.111111111111114,9,10800,COL@TEX,TEX,COL,,,,,,P
90601-5202,P,Justin,Justin Verlander,Verlander,26.333333333333332,4,10800,CLE@NYM,NYM,CLE,,,,,,P
90601-85599,P,Framber,Framber Valdez,Valdez,39.77777777777778,9,10700,OAK@HOU,HOU,OAK,,,,,,P
90601-52142,P,Eduardo,Eduardo Rodriguez,Rodriguez,36.77777777777778,9,10600,DET@WSH,DET,WSH,,,,,,P
90601-101839,P,Logan,Logan Webb,Webb,36.666666666666664,9,10500,MIA@SF,SF,MIA,,,,,,P
90601-16931,P,Yu,Yu Darvish,Darvish,33.75,8,10400,BOS@SD,SD,BOS,,,,,,P
90601-52166,P,Julio,Julio Urias,Urias,29.4,10,10400,LAD@STL,LAD,STL,,,,,,P
90601-83152,P,Pablo,Pablo Lopez,Lopez,35.55555555555556,9,10400,MIN@LAA,MIN,LAA,,,,,,P
90601-79245,P,Sandy,Sandy Alcantara,Alcantara,29.375,8,10400,MIA@SF,MIA,SF,,,,Yes,,P
90601-101810,P,Justin,Justin Steele,Steele,36.22222222222222,10,10400,CHC@PHI,CHC,PHI,,,,,,P
90601-5481,P,Max,Max Scherzer,Scherzer,23,6,10300,CLE@NYM,NYM,CLE,,,,,,P
90601-17064,P,Sonny,Sonny Gray,Gray,37.44444444444444,10,10200,MIN@LAA,MIN,LAA,,,,,,P
90601-146664,P,Bryce,Bryce Elder,Elder,32.5,8,10200,SEA@ATL,ATL,SEA,,,,Yes,,P
90601-79162,P,Luis,Luis Castillo,Castillo,32.888888888888886,9,10200,SEA@ATL,SEA,ATL,,,,,,P
90601-102396,P,Logan,Logan Gilbert,Gilbert,32.75,8,10100,SEA@ATL,SEA,ATL,,,,,,P
90601-119414,P,George,George Kirby,Kirby,36.625,8,10000,SEA@ATL,SEA,ATL,,,,,,P
90601-102335,P,Cristian,Cristian Javier,Javier,35.77777777777778,9,10000,OAK@HOU,HOU,OAK,,,,,,P
90601-82635,P,MacKenzie,MacKenzie Gore,Gore,32.22222222222222,10,9900,DET@WSH,WSH,DET,,,,,,P
90601-52185,P,Max,Max Fried,Fried,30.2,5,9900,SEA@ATL,ATL,SEA,IL,Forearm,,,,P
90601-53029,P,Robbie,Robbie Ray,Ray,10,1,9900,SEA@ATL,SEA,ATL,IL,Elbow,,,,P
90601-165689,P,Bryce,Bryce Miller,Miller,44,3,9900,SEA@ATL,SEA,ATL,,,,Yes,,P
90601-145612,P,Bailey,Bailey Ober,Ober,37.4,5,9800,MIN@LAA,MIN,LAA,,,,,,P
90601-79091,P,Dylan,Dylan Cease,Cease,27.3,10,9800,KC@CWS,CWS,KC,,,,,,P
90601-79118,P,Triston,Triston McKenzie,McKenzie,34.6764705882353,34,9800,CLE@NYM,CLE,NYM,IL,Shoulder,,,,P
90601-5466,P,Charlie,Charlie Morton,Morton,36.75,9,9800,SEA@ATL,ATL,SEA,,,,,,P
90601-12477,P,Chris,Chris Sale,Sale,31,9,9700,BOS@SD,BOS,SD,,,,,,P
90601-82594,P,Dustin,Dustin May,May,27.11111111111111,9,9700,LAD@STL,LAD,STL,IL,Forearm,,,,P
90601-135212,P,Luis,Luis Garcia,Garcia,31.6,6,9600,OAK@HOU,HOU,OAK,IL,Elbow,,,,P
90601-13123,P,Alex,Alex Cobb,Cobb,31.77777777777778,10,9600,MIA@SF,SF,MIA,,,,,,P
90601-39041,P,Marcus,Marcus Stroman,Stroman,30.77777777777778,9,9500,CHC@PHI,CHC,PHI,,,,Yes,,P
90601-82557,P,Aaron,Aaron Civale,Civale,30,2,9500,CLE@NYM,CLE,NYM,IL,Oblique,,,,P
90601-52198,P,Lucas,Lucas Giolito,Giolito,32.44444444444444,9,9500,KC@CWS,CWS,KC,,,,,,P
90601-53067,P,Chris,Chris Bassitt,Bassitt,34.77777777777778,9,9500,BAL@TOR,TOR,BAL,,,,,,P
90601-16960,P,Zack,Zack Wheeler,Wheeler,33.44444444444444,9,9400,CHC@PHI,PHI,CHC,,,,,,P
90601-185490,P,Logan,Logan Allen,Allen,30,5,9400,CLE@NYM,CLE,NYM,,,,,,P
90601-102294,P,Grayson,Grayson Rodriguez,Rodriguez,21.75,8,9400,BAL@TOR,BAL,TOR,,,,,,P
90601-52155,P,Jon,Jon Gray,Gray,27.375,8,9300,COL@TEX,TEX,COL,,,,,,P
90601-146687,P,Hunter,Hunter Brown,Brown,32.5,8,9300,OAK@HOU,HOU,OAK,,,,,,P
90601-181805,P,J.P.,J.P. France,France,21.666666666666668,3,9300,OAK@HOU,HOU,OAK,,,,,,P
90601-102343,P,Tony,Tony Gonsolin,Gonsolin,26.5,4,9300,LAD@STL,LAD,STL,,,,Yes,,P
90601-145922,P,Tyler,Tyler Wells,Wells,29.88888888888889,10,9200,BAL@TOR,BAL,TOR,,,,,,P
90601-52167,P,Andrew,Andrew Heaney,Heaney,28.625,8,9200,COL@TEX,TEX,COL,,,,,,P
90601-37999,P,Michael,Michael Wacha,Wacha,29.5,8,9200,BOS@SD,SD,BOS,,,,,,P
90601-79280,P,Jesus,Jesus Luzardo,Luzardo,33.666666666666664,10,9200,MIA@SF,MIA,SF,,,,,,P
90601-182153,P,Kodai,Kodai Senga,Senga,34.5,9,9200,CLE@NYM,NYM,CLE,,,,,,P
90601-53607,P,Anthony,Anthony DeSclafani,DeSclafani,30.25,9,9100,MIA@SF,SF,MIA,,,,Yes,,P
90601-82535,P,Kyle,Kyle Wright,Wright,16,5,9100,SEA@ATL,ATL,SEA,IL,Shoulder,,,,P
90601-82607,P,Trevor,Trevor Rogers,Rogers,24.25,5,9100,MIA@SF,MIA,SF,IL,Biceps,,,,P
90601-119441,P,Alek,Alek Manoah,Manoah,19.22222222222222,9,9000,BAL@TOR,TOR,BAL,,,,,,P
90601-17087,P,Drew,Drew Smyly,Smyly,31.22222222222222,10,9000,CHC@PHI,CHC,PHI,,,,,,P
90601-68523,P,Joe,Joe Musgrove,Musgrove,19.5,4,9000,BOS@SD,SD,BOS,,,,,,P
90601-60647,P,Aaron,Aaron Nola,Nola,27.77777777777778,9,9000,CHC@PHI,PHI,CHC,,,,,,P
90601-71034,P,Seth,Seth Lugo,Lugo,27.5,8,9000,BOS@SD,SD,BOS,IL,Calf,,,,P
90601-68488,P,Blake,Blake Snell,Snell,25.875,8,8900,BOS@SD,SD,BOS,,,,Yes,,P
90601-102502,P,Josiah,Josiah Gray,Gray,31.444444444444443,10,8800,DET@WSH,WSH,DET,,,,,,P
90601-60639,P,Jose,Jose Berrios,Berrios,29.666666666666668,9,8800,BAL@TOR,TOR,BAL,,,,,,P
90601-79109,P,Tyler,Tyler Mahle,Mahle,28.8,6,8800,MIN@LAA,MIN,LAA,IL,Elbow,,,,P
90601-102001,P,Yusei,Yusei Kikuchi,Kikuchi,29.125,8,8800,BAL@TOR,TOR,BAL,,,,Yes,,P
90601-52159,P,Lance,Lance McCullers Jr.,McCullers Jr.,34.09090909090909,11,8700,OAK@HOU,HOU,OAK,IL,Forearm,,,,P
90601-72265,P,Matt,Matt Strahm,Strahm,21.9,10,8600,CHC@PHI,PHI,CHC,,,,,,P
90601-82540,P,Tanner,Tanner Houck,Houck,23.25,9,8600,BOS@SD,BOS,SD,,,,,,P
90601-82599,P,Edward,Edward Cabrera,Cabrera,26.555555555555557,10,8600,MIA@SF,MIA,SF,DTD,Finger,,,,P
90601-83157,P,Ranger,Ranger Suarez,Suarez,15,1,8600,CHC@PHI,PHI,CHC,,,,Yes,,P
90601-79853,P,Jordan,Jordan Montgomery,Montgomery,28.666666666666668,9,8600,LAD@STL,STL,LAD,,,,,,P
90601-68452,P,Kenta,Kenta Maeda,Maeda,10.5,5,8500,MIN@LAA,MIN,LAA,IL,Triceps,,,,P
90601-185501,P,Tanner,Tanner Bibee,Bibee,29.75,4,8500,CLE@NYM,CLE,NYM,,,,,,P
90601-79390,P,Michael,Michael Kopech,Kopech,22.875,8,8500,KC@CWS,CWS,KC,,,,Yes,,P
90601-165599,P,Eury,Eury Perez,Perez,32.5,2,8500,MIA@SF,MIA,SF,,,,,,P
90601-163680,P,Brayan,Brayan Bello,Bello,26.333333333333332,6,8500,BOS@SD,BOS,SD,,,,,,P
90601-82618,P,David,David Peterson,Peterson,19.125,9,8400,CLE@NYM,NYM,CLE,,,,,,P
90601-11328,P,Martin,Martin Perez,Perez,24,8,8400,COL@TEX,TEX,COL,,,,Yes,,P
90601-179456,P,Louie,Louie Varland,Varland,33.75,4,8400,MIN@LAA,MIN,LAA,,,,,,P
90601-21098,P,James,James Paxton,Paxton,36,1,8300,BOS@SD,BOS,SD,,,,Yes,,P
90601-82636,P,Joey,Joey Lucchesi,Lucchesi,19,5,8300,CLE@NYM,NYM,CLE,,,,,,P
90601-102376,P,Garrett,Garrett Whitlock,Whitlock,19.333333333333332,3,8300,BOS@SD,BOS,SD,IL,Elbow,,,,P
90601-102498,P,Patrick,Patrick Sandoval,Sandoval,26.125,8,8200,MIN@LAA,LAA,MIN,,,,,,P
90601-102684,P,Jake,Jake Irvin,Irvin,25.666666666666668,3,8200,DET@WSH,WSH,DET,,,,Yes,,P
90601-21099,P,Jose,Jose Quintana,Quintana,25.545454545454547,33,8200,CLE@NYM,NYM,CLE,IL,Ribs,,,,P
90601-79246,P,Jack,Jack Flaherty,Flaherty,25.666666666666668,9,8200,LAD@STL,STL,LAD,,,,,,P
90601-135229,P,Reid,Reid Detmers,Detmers,25,7,8100,MIN@LAA,LAA,MIN,,,,Yes,,P
90601-165520,P,Peyton,Peyton Battenfield,Battenfield,19,7,8100,CLE@NYM,CLE,NYM,,,,,,P
90601-110822,P,Jose,Jose Urquidy,Urquidy,20,6,8000,OAK@HOU,HOU,OAK,IL,Shoulder,,,,P
90601-21097,P,Taijuan,Taijuan Walker,Walker,20.555555555555557,9,8000,CHC@PHI,PHI,CHC,,,,,,P
90601-12936,P,Kyle,Kyle Gibson,Gibson,24.77777777777778,9,8000,BAL@TOR,BAL,TOR,,,,Yes,,P
90601-79072,P,Brad,Brad Keller,Keller,20.22222222222222,10,8000,KC@CWS,KC,CWS,,,,,,P
90601-5498,P,Johnny,Johnny Cueto,Cueto,-9,2,8000,MIA@SF,MIA,SF,IL,Biceps,,,,P
90601-52728,P,Michael,Michael Lorenzen,Lorenzen,27.5,6,8000,DET@WSH,DET,WSH,,,,,,P
90601-102330,P,Kris,Kris Bubic,Bubic,26.333333333333332,4,8000,KC@CWS,KC,CWS,IL,Elbow,,,,P
90601-119340,P,Tarik,Tarik Skubal,Skubal,30.857142857142858,21,7900,DET@WSH,DET,WSH,IL,Elbow,,,,P
90601-63136,P,Matthew,Matthew Boyd,Boyd,18.571428571428573,8,7900,DET@WSH,DET,WSH,,,,Yes,,P
90601-163670,P,Cody,Cody Morris,Morris,18.375,8,7900,CLE@NYM,CLE,NYM,IL,Lat,,,,P
90601-102447,P,Dean,Dean Kremer,Kremer,23.77777777777778,10,7800,BAL@TOR,BAL,TOR,,,,,,P
90601-154714,P,Tylor,Tylor Megill,Megill,24.666666666666668,9,7800,CLE@NYM,NYM,CLE,,,,,,P
90601-79168,P,Walker,Walker Buehler,Buehler,27.5,12,7800,LAD@STL,LAD,STL,IL,Elbow,,,,P
90601-13664,P,Patrick,Patrick Corbin,Corbin,22,9,7800,DET@WSH,WSH,DET,,,,,,P
90601-79228,P,Cal,Cal Quantrill,Quantrill,22.125,8,7800,CLE@NYM,CLE,NYM,,,,Yes,,P
90601-163693,P,Adam,Adam Oller,Oller,4.222222222222222,9,7800,OAK@HOU,OAK,HOU,,,,,,P
90601-165636,P,Hayden,Hayden Wesneski,Wesneski,20,9,7700,CHC@PHI,CHC,PHI,,,,,,P
90601-165642,P,Mason,Mason Miller,Miller,28.5,4,7700,OAK@HOU,OAK,HOU,IL,Elbow,,,,P
90601-70559,P,Mike,Mike Clevinger,Clevinger,24.444444444444443,9,7600,KC@CWS,CWS,KC,,,,,,P
90601-52165,P,Sean,Sean Manaea,Manaea,13.333333333333334,10,7600,MIA@SF,SF,MIA,,,,,,P
90601-85269,P,Cole,Cole Irvin,Irvin,10.666666666666666,4,7600,BAL@TOR,BAL,TOR,,,,,,P
90601-16961,P,Jameson,Jameson Taillon,Taillon,16.166666666666668,7,7500,CHC@PHI,CHC,PHI,,,,,,P
90601-164511,P,Dylan,Dylan Dodd,Dodd,16.666666666666668,3,7500,SEA@ATL,ATL,SEA,,,,,,P
90601-17121,P,Miles,Miles Mikolas,Mikolas,23.11111111111111,9,7500,LAD@STL,STL,LAD,,,,,,P
90601-11354,P,Lance,Lance Lynn,Lynn,27,9,7500,KC@CWS,CWS,KC,,,,,,P
90601-79133,P,Matt,Matt Manning,Manning,22,3,7500,DET@WSH,DET,WSH,IL,Foot,,,,P
90601-135221,P,Cade,Cade Cavalli,Cavalli,10,1,7400,DET@WSH,WSH,DET,IL,Elbow,,,,P
90601-6266,P,Carlos,Carlos Carrasco,Carrasco,8.666666666666666,4,7400,CLE@NYM,NYM,CLE,IL,Elbow,,Yes,,P
90601-53590,P,Nick,Nick Martinez,Martinez,15.692307692307692,13,7400,BOS@SD,SD,BOS,,,,,,P
90601-82582,P,Griffin,Griffin Canning,Canning,19.166666666666668,6,7400,MIN@LAA,LAA,MIN,,,,,,P
90601-38246,P,Tyler,Tyler Anderson,Anderson,19,8,7400,MIN@LAA,LAA,MIN,,,,,,P
90601-79951,P,Nick,Nick Pivetta,Pivetta,23,9,7300,BOS@SD,BOS,SD,,,,,,P
90601-145625,P,Bailey,Bailey Falter,Falter,18,8,7300,CHC@PHI,PHI,CHC,,,,,,P
90601-135647,P,Ryan,Ryan Pepiot,Pepiot,23.88888888888889,9,7300,LAD@STL,LAD,STL,IL,Oblique,,,,P
90601-162419,P,Matt,Matt Brash,Brash,6.6521739130434785,23,7300,SEA@ATL,SEA,ATL,,,,,,P
90601-52190,P,Marco,Marco Gonzales,Gonzales,18.125,8,7300,SEA@ATL,SEA,ATL,,,,,,P
90601-97300,P,John,John Means,Means,18,2,7300,BAL@TOR,BAL,TOR,IL,Elbow,,,,P
90601-60632,P,Kyle,Kyle Freeland,Freeland,29.11111111111111,9,7300,COL@TEX,COL,TEX,,,,,,P
90601-79172,P,Luis,Luis Ortiz,Ortiz,6.375,8,7300,CHC@PHI,PHI,CHC,,,,,,P
90601-161465,P,Ryan,Ryan Feltner,Feltner,19,8,7300,COL@TEX,COL,TEX,IL,Head,,,,P
90601-53398,P,Kyle,Kyle Hendricks,Hendricks,22.25,16,7200,CHC@PHI,CHC,PHI,IL,Shoulder,,,,P
90601-68517,P,Antonio,Antonio Senzatela,Senzatela,11.5,2,7200,COL@TEX,COL,TEX,IL,Elbow,,,,P
90601-52174,P,Steven,Steven Matz,Matz,19.75,8,7200,LAD@STL,STL,LAD,,,,Yes,,P
90601-163685,P,JP,JP Sears,Sears,24.125,8,7200,OAK@HOU,OAK,HOU,,,,,,P
90601-163700,P,Kyle,Kyle Bradish,Bradish,23.714285714285715,8,7200,BAL@TOR,BAL,TOR,,,,,,P
90601-102333,P,Daniel,Daniel Lynch,Lynch,21.185185185185187,27,7200,KC@CWS,KC,CWS,IL,Shoulder,,,,P
90601-102458,P,Kutter,Kutter Crawford,Crawford,17.857142857142858,9,7100,BOS@SD,BOS,SD,IL,Hamstring,,,,P
90601-73880,P,German,German Marquez,Marquez,23.5,4,7100,COL@TEX,COL,TEX,IL,Elbow,,,,P
90601-12929,P,Jordan,Jordan Lyles,Lyles,16.666666666666668,10,7100,KC@CWS,KC,CWS,,,,,,P
90601-68483,P,Trevor,Trevor Williams,Williams,20,10,7100,DET@WSH,WSH,DET,,,,,,P
90601-52172,P,Noah,Noah Syndergaard,Syndergaard,16.625,8,7100,LAD@STL,LAD,STL,,,,,,P
90601-102484,P,Brandon,Brandon Bielak,Bielak,18.666666666666668,3,7000,OAK@HOU,HOU,OAK,,,,Yes,,P
90601-17116,P,Jake,Jake Odorizzi,Odorizzi,21.130434782608695,23,7000,COL@TEX,TEX,COL,IL,Shoulder,,,,P
90601-38028,P,Alex,Alex Wood,Wood,16,6,7000,MIA@SF,SF,MIA,,,,,,P
90601-83098,P,Austin,Austin Gomber,Gomber,17.22222222222222,9,7000,COL@TEX,COL,TEX,,,,,,P
90601-185606,P,Gavin,Gavin Stone,Stone,3,1,7000,LAD@STL,LAD,STL,,,,,,P
90601-82810,P,Elieser,Elieser Hernandez,Hernandez,12.85,20,6900,CLE@NYM,NYM,CLE,IL,Shoulder,,,,P
90601-80859,P,Paul,Paul Blackburn,Blackburn,24.09090909090909,22,6900,OAK@HOU,OAK,HOU,IL,Finger,,,,P
90601-102344,P,Brady,Brady Singer,Singer,19.88888888888889,10,6900,KC@CWS,KC,CWS,,,,,,P
90601-102574,P,Jake,Jake Woodford,Woodford,13.714285714285714,7,6800,LAD@STL,STL,LAD,IL,Shoulder,,,,P
90601-10978,P,Stephen,Stephen Strasburg,Strasburg,8,1,6800,DET@WSH,WSH,DET,IL,Ribs,,,,P
90601-68536,P,James,James Kaprielian,Kaprielian,10,7,6800,OAK@HOU,OAK,HOU,,,,,,P
90601-79103,P,Dane,Dane Dunning,Dunning,17.454545454545453,11,6800,COL@TEX,TEX,COL,,,,,,P
90601-79147,P,Jakob,Jakob Junis,Junis,10.909090909090908,12,6800,MIA@SF,SF,MIA,,,,,,P
90601-163675,P,Noah,Noah Davis,Davis,15.666666666666666,3,6800,COL@TEX,COL,TEX,IL,Elbow,,,,P
90601-102395,P,Ryan,Ryan Weathers,Weathers,16,6,6800,BOS@SD,SD,BOS,,,,,,P
90601-102297,P,Keegan,Keegan Thompson,Thompson,6.714285714285714,15,6700,CHC@PHI,CHC,PHI,,,,,,P
90601-70649,P,Adrian,Adrian Sampson,Sampson,22.666666666666668,21,6600,CHC@PHI,CHC,PHI,IL,Knee,,,,P
90601-5431,P,Adam,Adam Wainwright,Wainwright,15.666666666666666,3,6600,LAD@STL,STL,LAD,,,,,,P
90601-13627,P,Corey,Corey Kluber,Kluber,18.625,8,6600,BOS@SD,BOS,SD,,,,,,P
90601-5522,P,Zack,Zack Greinke,Greinke,18.666666666666668,9,6600,KC@CWS,KC,CWS,,,,Yes,,P
90601-104584,P,Zach,Zach Plesac,Plesac,12.4,5,6500,CLE@NYM,CLE,NYM,,,,,,P
90601-135343,P,Max,Max Meyer,Meyer,10.5,2,6500,MIA@SF,MIA,SF,IL,Elbow,,,,P
90601-161167,P,Glenn,Glenn Otto,Otto,21.925925925925927,27,6500,COL@TEX,TEX,COL,IL,Lat,,,,P
90601-118225,P,Cristopher,Cristopher Sanchez,Sanchez,19,1,6500,CHC@PHI,PHI,CHC,,,,,,P
90601-156227,P,Josh,Josh Winder,Winder,-1,1,6400,MIN@LAA,MIN,LAA,,,,,,P
90601-79161,P,Braxton,Braxton Garrett,Garrett,19.75,9,6400,MIA@SF,MIA,SF,,,,,,P
90601-101819,P,Jose,Jose Suarez,Suarez,10.666666666666666,6,6400,MIN@LAA,LAA,MIN,IL,Shoulder,,,,P
90601-175698,P,Hunter,Hunter Gaddis,Gaddis,11.4,5,6400,CLE@NYM,CLE,NYM,,,,,,P
90601-102287,P,Kyle,Kyle Muller,Muller,12.666666666666666,9,6400,OAK@HOU,OAK,HOU,,,,,,P
90601-178415,P,Javier,Javier Assad,Assad,10.6,6,6300,CHC@PHI,CHC,PHI,,,,,,P
90601-165634,P,Ken,Ken Waldichuk,Waldichuk,18.125,8,6300,OAK@HOU,OAK,HOU,,,,Yes,,P
90601-161675,P,Jonathan,Jonathan Heasley,Heasley,5,1,6300,KC@CWS,KC,CWS,,,,,,P
90601-145610,P,Angel,Angel Zerpa,Zerpa,16,3,6200,KC@CWS,KC,CWS,IL,Shoulder,,,,P
90601-68518,P,Spencer,Spencer Turnbull,Turnbull,13.714285714285714,8,6200,DET@WSH,DET,WSH,IL,Neck,,,,P
90601-79079,P,Joey,Joey Wentz,Wentz,16,9,6200,DET@WSH,DET,WSH,,,,,,P
90601-169636,P,Beau,Beau Brieske,Brieske,22.333333333333332,15,6200,DET@WSH,DET,WSH,IL,Elbow,,,,P
90601-163514,P,Adrian,Adrian Martinez,Martinez,9,8,6200,OAK@HOU,OAK,HOU,,,,,,P
90601-163692,P,Jose,Jose Butto,Butto,13,3,6200,CLE@NYM,NYM,CLE,,,,,,P
90601-102375,P,Luis,Luis Medina,Medina,21.666666666666668,3,6200,OAK@HOU,OAK,HOU,,,,,,P
90601-102543,P,Connor,Connor Seabold,Seabold,10.2,10,6100,COL@TEX,COL,TEX,,,,,,P
90601-104672,P,Devin,Devin Smeltzer,Smeltzer,6.833333333333333,6,6100,MIA@SF,MIA,SF,,,,,,P
90601-79224,P,Chris,Chris Paddack,Paddack,20.6,5,6100,MIN@LAA,MIN,LAA,IL,Elbow,,,,P
90601-178306,P,Bryan,Bryan Hoeing,Hoeing,9.666666666666666,6,6000,MIA@SF,MIA,SF,,,,,,P
90601-182597,P,Shintaro,Shintaro Fujinami,Fujinami,4.153846153846154,13,6000,OAK@HOU,OAK,HOU,,,,,,P
90601-82573,P,Alex,Alex Faedo,Faedo,22.5,2,6000,DET@WSH,DET,WSH,,,,,,P
90601-82631,P,Taylor,Taylor Hearn,Hearn,4.5,4,6000,COL@TEX,TEX,COL,,,,,,P
90601-68485,P,Ryan,Ryan Yarbrough,Yarbrough,7.3,11,6000,KC@CWS,KC,CWS,IL,Head,,,,P
90601-68484,P,Chad,Chad Kuhl,Kuhl,10.2,6,6000,DET@WSH,WSH,DET,IL,Foot,,,,P
90601-68490,P,Austin,Austin Voth,Voth,6.666666666666667,17,6000,BAL@TOR,BAL,TOR,,,,,,P
90601-177584,P,Xzavion,Xzavion Curry,Curry,10.3,10,6000,CLE@NYM,CLE,NYM,,,,,,P
90601-102342,P,Michael,Michael Grove,Grove,11.25,4,6000,LAD@STL,LAD,STL,IL,Groin,,,,P
90601-102408,P,Matthew,Matthew Liberatore,Liberatore,39,1,5900,LAD@STL,STL,LAD,,,,,,P
90601-135231,P,Jared,Jared Shuster,Shuster,10.666666666666666,4,5900,SEA@ATL,ATL,SEA,,,,,,P
90601-79123,P,Tyler,Tyler Alexander,Alexander,5.923076923076923,14,5900,DET@WSH,DET,WSH,,,,,,P
90601-79270,P,Cole,Cole Ragans,Ragans,7.454545454545454,11,5900,COL@TEX,TEX,COL,,,,,,P
90601-163681,P,Josh,Josh Winckowski,Winckowski,8.125,16,5900,BOS@SD,BOS,SD,,,,,,P
90601-102528,P,Simeon,Simeon Woods Richardson,Woods Richardson,14,1,5800,MIN@LAA,MIN,LAA,,,,,,P
90601-53608,P,Jose,Jose Urena,Urena,4.4,5,5800,DET@WSH,WSH,DET,,,,,,P
90601-119336,P,Karl,Karl Kauffmann,Kauffmann,,,5800,COL@TEX,COL,TEX,,,,Yes,,P
90601-82603,P,Mitch,Mitch White,White,14.44,25,5800,BAL@TOR,TOR,BAL,IL,Elbow,,,,P
90601-68555,P,Brent,Brent Honeywell,Honeywell,6.470588235294118,17,5800,BOS@SD,SD,BOS,,,,,,P
90601-38161,P,Chase,Chase Anderson,Anderson,15,3,5800,COL@TEX,COL,TEX,,,,,,P
90601-79259,P,Jake,Jake Faria,Faria,,,5800,BOS@SD,BOS,SD,,,,,,P
90601-81490,P,Chris,Chris Flexen,Flexen,8.777777777777779,9,5800,SEA@ATL,SEA,ATL,,,,,,P
90601-102440,P,Mike,Mike Baumann,Baumann,6.578947368421052,20,5700,BAL@TOR,BAL,TOR,,,,,,P
90601-102455,P,Cory,Cory Abbott,Abbott,7.5,2,5700,DET@WSH,WSH,DET,,,,,,P
90601-55374,P,Drew,Drew Rucinski,Rucinski,4.5,4,5700,OAK@HOU,OAK,HOU,,,,,,P
90601-164530,P,Caleb,Caleb Kilian,Kilian,1,1,5700,CHC@PHI,CHC,PHI,,,,,,P
90601-68527,P,Jose,Jose De Leon,De Leon,8,1,5700,MIN@LAA,MIN,LAA,,,,,,P
90601-38146,P,Sean,Sean Nolin,Nolin,-3,1,5700,MIA@SF,MIA,SF,,,,,,P
90601-118180,P,Tucker,Tucker Davidson,Davidson,8.8,10,5700,MIN@LAA,LAA,MIN,DTD,Leg,,,,P
90601-38311,P,Ross,Ross Stripling,Stripling,10.777777777777779,10,5700,MIA@SF,SF,MIA,DTD,Back,,,,P
90601-155315,P,Spenser,Spenser Watkins,Watkins,17.545454545454547,23,5700,BAL@TOR,BAL,TOR,IL,Finger,,,,P
90601-102505,P,Edwin,Edwin Uceta,Uceta,18,1,5600,CLE@NYM,NYM,CLE,IL,Ankle,,,,P
90601-37014,P,Hyun Jin,Hyun Jin Ryu,Ryu,15.666666666666666,6,5600,BAL@TOR,TOR,BAL,IL,Elbow,,,,P
90601-170174,P,Chase,Chase Silseth,Silseth,8.8,5,5600,MIN@LAA,LAA,MIN,,,,,,P
90601-80433,P,Dinelson,Dinelson Lamet,Lamet,2.6666666666666665,12,5600,COL@TEX,COL,TEX,IL,Back,,,,P
90601-82546,P,Adbert,Adbert Alzolay,Alzolay,7.176470588235294,18,5600,CHC@PHI,CHC,PHI,,,,,,P
90601-168950,P,Andre,Andre Pallante,Pallante,5.230769230769231,13,5600,LAD@STL,STL,LAD,,,,,,P
90601-171453,P,Max,Max Castillo,Castillo,14.333333333333334,3,5600,KC@CWS,KC,CWS,,,,,,P
90601-79873,P,Dylan,Dylan Covey,Covey,15,1,5500,LAD@STL,LAD,STL,,,,,,P
90601-102405,P,Sean,Sean Hjelle,Hjelle,4.9,10,5500,MIA@SF,SF,MIA,,,,,,P
90601-81926,P,Andres,Andres Machado,Machado,4.625,8,5500,DET@WSH,WSH,DET,,,,,,P
90601-79882,P,Austin,Austin Pruitt,Pruitt,5.571428571428571,7,5500,OAK@HOU,OAK,HOU,,,,,,P
90601-161818,P,Dylan,Dylan Coleman,Coleman,0,5,5500,KC@CWS,KC,CWS,,,,,,P
90601-161827,P,Seth,Seth Martinez,Martinez,5.933333333333334,15,5500,OAK@HOU,HOU,OAK,,,,,,P
90601-155687,P,Andrew,Andrew Wantz,Wantz,7.769230769230769,13,5500,MIN@LAA,LAA,MIN,,,,,,P
90601-102442,P,Freddy,Freddy Tarnok,Tarnok,5,1,5500,OAK@HOU,OAK,HOU,IL,Shoulder,,,,P
90601-102446,P,Tristan,Tristan Beck,Beck,8.714285714285714,7,5500,MIA@SF,SF,MIA,,,,,,P
90601-172092,P,Garrett,Garrett Hill,Hill,3.6,6,5500,DET@WSH,DET,WSH,,,,,,P
90601-79937,P,Cesar,Cesar Valdez,Valdez,0,1,5500,MIN@LAA,LAA,MIN,,,,,,P
90601-79936,P,Mark,Mark Leiter Jr.,Leiter Jr.,7.333333333333333,19,5500,CHC@PHI,CHC,PHI,,,,,,P
90601-135237,P,Nick,Nick Mears,Mears,9,4,5500,COL@TEX,COL,TEX,IL,Oblique,,,,P
90601-102470,P,Rico,Rico Garcia,Garcia,-1,3,5500,OAK@HOU,OAK,HOU,,,,,,P
90601-102474,P,Eli,Eli Morgan,Morgan,7.4,15,5500,CLE@NYM,CLE,NYM,,,,,,P
90601-135250,P,Daniel,Daniel Castano,Castano,0,1,5500,MIA@SF,MIA,SF,IL,Undisclosed,,,,P
90601-135252,P,Johan,Johan Quezada,Quezada,-7,1,5500,MIA@SF,MIA,SF,,,,,,P
90601-102487,P,Austin,Austin Cox,Cox,9,1,5500,KC@CWS,KC,CWS,,,,,,P
90601-135253,P,Alex,Alex Vesia,Vesia,3.769230769230769,13,5500,LAD@STL,LAD,STL,,,,,,P
90601-102489,P,Carlos,Carlos Hernandez,Hernandez,6.666666666666667,19,5500,KC@CWS,KC,CWS,,,,,,P
90601-135256,P,Connor,Connor Brogdon,Brogdon,5.9,20,5500,CHC@PHI,PHI,CHC,,,,,,P
90601-82018,P,Victor,Victor Arano,Arano,4.674418604651163,43,5500,DET@WSH,WSH,DET,IL,Shoulder,,,,P
90601-73835,P,Ty,Ty Blach,Blach,2.5,6,5500,COL@TEX,COL,TEX,,,,,,P
90601-135273,P,Andre,Andre Jackson,Jackson,7.333333333333333,6,5500,LAD@STL,LAD,STL,,,,,,P
90601-135279,P,Codi,Codi Heuer,Heuer,,,5500,CHC@PHI,CHC,PHI,IL,Elbow,,,,P
90601-161907,P,Dylan,Dylan Lee,Lee,5.75,20,5500,SEA@ATL,ATL,SEA,,,,,,P
90601-159857,P,Jose,Jose Marte,Marte,4.636363636363637,11,5500,MIN@LAA,LAA,MIN,IL,Elbow,,,,P
90601-135281,P,Bryan,Bryan Baker,Baker,6.545454545454546,22,5500,BAL@TOR,BAL,TOR,,,,,,P
90601-102517,P,Jhoan,Jhoan Duran,Duran,6.125,16,5500,MIN@LAA,MIN,LAA,,,,,,P
90601-102530,P,Spencer,Spencer Howard,Howard,12.8,10,5500,COL@TEX,TEX,COL,IL,Lat,,,,P
90601-135303,P,Jordan,Jordan Weems,Weems,8,2,5500,DET@WSH,WSH,DET,,,,,,P
90601-116868,P,Gabe,Gabe Speier,Speier,3.5714285714285716,21,5500,SEA@ATL,SEA,ATL,,,,,,P
90601-102536,P,Nick,Nick Nelson,Nelson,6.729166666666667,48,5500,CHC@PHI,PHI,CHC,DTD,Hamstring,,,,P
90601-114827,P,John,John Schreiber,Schreiber,6,19,5500,BOS@SD,BOS,SD,IL,Lat,,,,P
90601-135313,P,Nick,Nick Sandlin,Sandlin,5.625,16,5500,CLE@NYM,CLE,NYM,,,,,,P
90601-102549,P,Andres,Andres Munoz,Munoz,4.75,4,5500,SEA@ATL,SEA,ATL,IL,Shoulder,,,,P
90601-170135,P,Yennier,Yennier Cano,Cano,8.588235294117647,17,5500,BAL@TOR,BAL,TOR,,,,,,P
90601-6295,P,Daniel,Daniel Hudson,Hudson,6.28,25,5500,LAD@STL,LAD,STL,IL,Knee,,,,P
90601-73882,P,Joely,Joely Rodriguez,Rodriguez,0,1,5500,BOS@SD,BOS,SD,,,,,,P
90601-102558,P,Gregory,Gregory Santos,Santos,5.857142857142857,21,5500,KC@CWS,CWS,KC,,,,,,P
90601-184482,P,Hobie,Hobie Harris,Harris,3,15,5500,DET@WSH,WSH,DET,,,,,,P
90601-80033,P,Emilio,Emilio Pagan,Pagan,5.5625,17,5500,MIN@LAA,MIN,LAA,,,,,,P
90601-102560,P,Camilo,Camilo Doval,Doval,6.7,21,5500,MIA@SF,SF,MIA,,,,,,P
90601-80034,P,Jose,Jose Alvarado,Alvarado,8,14,5500,CHC@PHI,PHI,CHC,IL,Elbow,,,,P
90601-102565,P,Mason,Mason Englert,Englert,7.538461538461538,13,5500,DET@WSH,DET,WSH,,,,,,P
90601-12452,P,Kenley,Kenley Jansen,Jansen,5.923076923076923,15,5500,BOS@SD,BOS,SD,,,,,,P
90601-12453,P,Fernando,Fernando Abad,Abad,2,1,5500,COL@TEX,COL,TEX,,,,,,P
90601-39081,P,Chasen,Chasen Shreve,Shreve,4.75,16,5500,DET@WSH,DET,WSH,,,,,,P
90601-71875,P,Mike,Mike Mayers,Mayers,14,1,5500,KC@CWS,KC,CWS,,,,,,P
90601-135361,P,Nabil,Nabil Crismatt,Crismatt,3,6,5500,BOS@SD,SD,BOS,IL,Hip,,,,P
90601-112841,P,Jose,Jose Rodriguez,Rodriguez,3,1,5500,SEA@ATL,SEA,ATL,,,,,,P
90601-145627,P,Lucas,Lucas Gilbreath,Gilbreath,4.956521739130435,47,5500,COL@TEX,COL,TEX,IL,Elbow,,,,P
90601-145629,P,Mason,Mason Thompson,Thompson,6.411764705882353,17,5500,DET@WSH,WSH,DET,,,,,,P
90601-149731,P,Anthony,Anthony Bender,Bender,4.476190476190476,22,5500,MIA@SF,MIA,SF,IL,Elbow,,,,P
90601-178411,P,Michael,Michael Plassmeyer,Plassmeyer,17,2,5500,CHC@PHI,PHI,CHC,,,,,,P
90601-53550,P,Alex,Alex Reyes,Reyes,,,5500,LAD@STL,LAD,STL,IL,Shoulder,,,,P
90601-180540,P,Easton,Easton McGee,McGee,30,1,5500,SEA@ATL,SEA,ATL,IL,Forearm,,,,P
90601-174406,P,Huascar,Huascar Brazoban,Brazoban,6.238095238095238,21,5500,MIA@SF,MIA,SF,,,,,,P
90601-117065,P,James,James Karinchak,Karinchak,5.095238095238095,21,5500,CLE@NYM,CLE,NYM,,,,,,P
90601-170323,P,Nick,Nick Vespi,Vespi,6.28,25,5500,BAL@TOR,BAL,TOR,,,,,,P
90601-170324,P,Brandon,Brandon Hughes,Hughes,4.222222222222222,9,5500,CHC@PHI,CHC,PHI,,,,,,P
90601-53599,P,Chi Chi,Chi Chi Gonzalez,Gonzalez,5.5,2,5500,MIA@SF,MIA,SF,,,,,,P
90601-153961,P,Tayler,Tayler Saucedo,Saucedo,7,7,5500,SEA@ATL,SEA,ATL,,,,,,P
90601-184691,P,Jeff,Jeff Lindgren,Lindgren,3,1,5500,MIA@SF,MIA,SF,,,,,,P
90601-61858,P,Raisel,Raisel Iglesias,Iglesias,3.2,5,5500,SEA@ATL,ATL,SEA,,,,,,P
90601-158134,P,Stephen,Stephen Ridings,Ridings,,,5500,CLE@NYM,NYM,CLE,IL,Lat,,,,P
90601-80313,P,Keynan,Keynan Middleton,Middleton,6.066666666666666,15,5500,KC@CWS,CWS,KC,,,,,,P
90601-84431,P,Dereck,Dereck Rodriguez,Rodriguez,-1,1,5500,SEA@ATL,ATL,SEA,,,,,,P
90601-80346,P,Giovanny,Giovanny Gallegos,Gallegos,5.866666666666666,15,5500,LAD@STL,STL,LAD,,,,,,P
90601-84452,P,Caleb,Caleb Ferguson,Ferguson,6.2105263157894735,19,5500,LAD@STL,LAD,STL,,,,,,P
90601-170491,P,Chad,Chad Smith,Smith,4.714285714285714,8,5500,OAK@HOU,OAK,HOU,,,,,,P
90601-145918,P,Will,Will Vest,Vest,7.7,10,5500,DET@WSH,DET,WSH,,,,,,P
90601-145916,P,Zach,Zach Pop,Pop,3.933333333333333,15,5500,BAL@TOR,TOR,BAL,IL,Hamstring,,,,P
90601-184829,P,McKinley,McKinley Moore,Moore,-1.6666666666666667,3,5500,CHC@PHI,PHI,CHC,,,,,,P
90601-119310,P,Noah,Noah Song,Song,,,5500,CHC@PHI,PHI,CHC,IL,Back,,,,P
90601-170514,P,Jose,Jose Cuas,Cuas,5.7894736842105265,19,5500,KC@CWS,KC,CWS,,,,,,P
90601-119316,P,Thaddeus,Thaddeus Ward,Ward,5.909090909090909,12,5500,DET@WSH,WSH,DET,,,,,,P
90601-119328,P,Packy,Packy Naughton,Naughton,7.5,4,5500,LAD@STL,STL,LAD,IL,Forearm,,,,P
90601-178743,P,Nick,Nick Padilla,Padilla,6,1,5500,KC@CWS,CWS,KC,,,,,,P
90601-139851,P,Justin,Justin Topa,Topa,5.470588235294118,18,5500,SEA@ATL,SEA,ATL,,,,,,P
90601-80460,P,John,John Brebbia,Brebbia,6.2105263157894735,19,5500,MIA@SF,SF,MIA,,,,,,P
90601-16982,P,Ryan,Ryan Tepera,Tepera,4.7,10,5500,MIN@LAA,LAA,MIN,,,,,,P
90601-150107,P,Tommy,Tommy Nance,Nance,7.171428571428572,35,5500,MIA@SF,MIA,SF,IL,Shoulder,,,,P
90601-16986,P,Alex,Alex Colome,Colome,2.25,4,5500,KC@CWS,CWS,KC,,,,,,P
90601-16989,P,Wilking,Wilking Rodriguez,Rodriguez,,,5500,LAD@STL,STL,LAD,IL,Shoulder,,,,P
90601-16994,P,Lucas,Lucas Luetge,Luetge,5.2,5,5500,SEA@ATL,ATL,SEA,IL,Biceps,,,,P
90601-82537,P,DL,DL Hall,Hall,24,1,5500,BAL@TOR,BAL,TOR,,,,,,P
90601-21096,P,Erasmo,Erasmo Ramirez,Ramirez,5.055555555555555,18,5500,DET@WSH,WSH,DET,,,,,,P
90601-184943,P,Jesse,Jesse Scholtens,Scholtens,18,2,5500,KC@CWS,CWS,KC,,,,,,P
90601-156272,P,Reiss,Reiss Knehr,Knehr,1.6666666666666667,3,5500,BOS@SD,SD,BOS,,,,,,P
90601-82547,P,Thomas,Thomas Hatch,Hatch,-4,1,5500,BAL@TOR,TOR,BAL,,,,,,P
90601-53876,P,Spencer,Spencer Patton,Patton,1.75,4,5500,OAK@HOU,OAK,HOU,,,,,,P
90601-82548,P,Alex,Alex Lange,Lange,6.666666666666667,19,5500,DET@WSH,DET,WSH,,,,,,P
90601-119415,P,Juan,Juan Then,Then,4.6,5,5500,SEA@ATL,SEA,ATL,,,,,,P
90601-119423,P,Zack,Zack Thompson,Thompson,7,11,5500,LAD@STL,STL,LAD,,,,,,P
90601-70271,P,Carlos,Carlos Estevez,Estevez,6.75,20,5500,MIN@LAA,LAA,MIN,,,,,,P
90601-17026,P,Heath,Heath Hembree,Hembree,10,1,5500,DET@WSH,DET,WSH,,,,,,P
90601-82564,P,Yency,Yency Almonte,Almonte,2.6842105263157894,19,5500,LAD@STL,LAD,STL,,,,,,P
90601-82572,P,Gregory,Gregory Soto,Soto,5,22,5500,CHC@PHI,PHI,CHC,,,,,,P
90601-12943,P,Shelby,Shelby Miller,Miller,6.5625,16,5500,LAD@STL,LAD,STL,,,,,,P
90601-12946,P,Matt,Matt Moore,Moore,7.105263157894737,19,5500,MIN@LAA,LAA,MIN,,,,,,P
90601-82587,P,Richard,Richard Lovelady,Lovelady,5.230769230769231,13,5500,OAK@HOU,OAK,HOU,,,,,,P
90601-82591,P,Chris,Chris Rodriguez,Rodriguez,,,5500,MIN@LAA,LAA,MIN,IL,Shoulder,,,,P
90601-82592,P,Dennis,Dennis Santana,Santana,5.875,9,5500,CLE@NYM,NYM,CLE,,,,,,P
90601-17065,P,Blake,Blake Treinen,Treinen,6.5,6,5500,LAD@STL,LAD,STL,IL,Shoulder,,,,P
90601-80571,P,Phil,Phil Maton,Maton,6.833333333333333,18,5500,OAK@HOU,HOU,OAK,,,,,,P
90601-80570,P,Jimmy,Jimmy Yacabonis,Yacabonis,7.2,5,5500,CLE@NYM,NYM,CLE,IL,Quadriceps,,,,P
90601-82627,P,JoJo,JoJo Romero,Romero,5.333333333333333,6,5500,LAD@STL,STL,LAD,,,,,,P
90601-170699,P,Matt,Matt Gage,Gage,7,3,5500,OAK@HOU,HOU,OAK,,,,,,P
90601-17100,P,Jeurys,Jeurys Familia,Familia,2.7142857142857144,14,5500,OAK@HOU,OAK,HOU,,,,,,P
90601-82639,P,Ryan,Ryan Helsley,Helsley,7.333333333333333,15,5500,LAD@STL,STL,LAD,,,,,,P
90601-82638,P,Jordan,Jordan Hicks,Hicks,6.277777777777778,18,5500,LAD@STL,STL,LAD,,,,,,P
90601-21210,P,Mychal,Mychal Givens,Givens,6.283333333333333,61,5500,BAL@TOR,BAL,TOR,IL,Knee,,,,P
90601-82653,P,Ryan,Ryan Borucki,Borucki,3.3225806451612905,32,5500,CHC@PHI,CHC,PHI,,,,,,P
90601-82656,P,Nate,Nate Pearson,Pearson,6.75,8,5500,BAL@TOR,TOR,BAL,,,,,,P
90601-84727,P,Drew,Drew Smith,Smith,6.411764705882353,17,5500,CLE@NYM,NYM,CLE,,,,,,P
90601-84731,P,Evan,Evan Phillips,Phillips,6,18,5500,LAD@STL,LAD,STL,,,,,,P
90601-135977,P,Garrett,Garrett Crochet,Crochet,3,1,5500,KC@CWS,CWS,KC,,,,,,P
90601-119631,P,Yerry,Yerry Rodriguez,Rodriguez,2.25,4,5500,COL@TEX,TEX,COL,,,,,,P
90601-11108,P,Aroldis,Aroldis Chapman,Chapman,6.611111111111111,19,5500,KC@CWS,KC,CWS,,,,,,P
90601-70510,P,Zach,Zach Neal,Neal,5,2,5500,OAK@HOU,OAK,HOU,,,,,,P
90601-68466,P,Steven,Steven Okert,Okert,5.428571428571429,14,5500,MIA@SF,MIA,SF,,,,,,P
90601-70517,P,Chad,Chad Green,Green,6,14,5500,BAL@TOR,TOR,BAL,IL,Elbow,,,,P
90601-15221,P,Tommy,Tommy Milone,Milone,20,1,5500,SEA@ATL,SEA,ATL,,,,,,P
90601-15225,P,Liam,Liam Hendriks,Hendriks,6.862068965517241,58,5500,KC@CWS,CWS,KC,IL,Illness,,,,P
90601-68475,P,JT,JT Chargois,Chargois,5.666666666666667,6,5500,MIA@SF,MIA,SF,,,,,,P
90601-68474,P,Josh,Josh Hader,Hader,6.666666666666667,18,5500,BOS@SD,SD,BOS,,,,,,P
90601-68477,P,Jake,Jake Reed,Reed,-13,1,5500,LAD@STL,LAD,STL,,,,,,P
90601-68476,P,Taylor,Taylor Rogers,Rogers,3.625,19,5500,MIA@SF,SF,MIA,,,,,,P
90601-170891,P,Davis,Davis Daniel,Daniel,,,5500,MIN@LAA,LAA,MIN,IL,Shoulder,,,,P
90601-68491,P,Reynaldo,Reynaldo Lopez,Lopez,4.6,21,5500,KC@CWS,CWS,KC,,,,,,P
90601-170895,P,Jake,Jake Bird,Bird,7.5,20,5500,COL@TEX,COL,TEX,,,,,,P
90601-23437,P,Brooks,Brooks Raley,Raley,4.375,16,5500,CLE@NYM,NYM,CLE,,,,,,P
90601-185233,P,Braden,Braden Bristo,Bristo,21,1,5500,DET@WSH,DET,WSH,,,,,,P
90601-68510,P,Amir,Amir Garrett,Garrett,4.684210526315789,19,5500,KC@CWS,KC,CWS,O,Personal,,,,P
90601-68515,P,Sam,Sam Moll,Moll,3.25,20,5500,OAK@HOU,OAK,HOU,,,,,,P
90601-68520,P,Michael,Michael Fulmer,Fulmer,3.6,20,5500,CHC@PHI,CHC,PHI,,,,,,P
90601-168872,P,Ronel,Ronel Blanco,Blanco,7.333333333333333,9,5500,OAK@HOU,HOU,OAK,,,,,,P
90601-179118,P,Zack,Zack Kelly,Kelly,5.166666666666667,6,5500,BOS@SD,BOS,SD,IL,Elbow,,,,P
90601-52143,P,Hunter,Hunter Harvey,Harvey,6.166666666666667,18,5500,DET@WSH,WSH,DET,,,,,,P
90601-52146,P,Carl,Carl Edwards Jr.,Edwards Jr.,4.2105263157894735,20,5500,DET@WSH,WSH,DET,,,,,,P
90601-52148,P,Pierce,Pierce Johnson,Johnson,5.166666666666667,18,5500,COL@TEX,COL,TEX,,,,,,P
90601-70585,P,Richard,Richard Bleier,Bleier,3.4444444444444446,19,5500,BOS@SD,BOS,SD,,,,,,P
90601-175032,P,Brennan,Brennan Bernardino,Bernardino,5.2727272727272725,11,5500,BOS@SD,BOS,SD,,,,,,P
90601-179129,P,Jeremiah,Jeremiah Estrada,Estrada,10.75,4,5500,CHC@PHI,CHC,PHI,,,,,,P
90601-68548,P,Edwin,Edwin Diaz,Diaz,8.65625,64,5500,CLE@NYM,NYM,CLE,IL,Knee,,,,P
90601-68552,P,Sam,Sam Coonrod,Coonrod,3.4166666666666665,12,5500,CLE@NYM,NYM,CLE,IL,Lat,,,,P
90601-68556,P,Dillon,Dillon Tate,Tate,5.223880597014926,67,5500,BAL@TOR,BAL,TOR,IL,Forearm,,,,P
90601-13271,P,Will,Will Smith,Smith,5.866666666666666,16,5500,COL@TEX,TEX,COL,,,,,,P
90601-82911,P,Adam,Adam Cimber,Cimber,3,11,5500,BAL@TOR,TOR,BAL,IL,Back,,,,P
90601-52192,P,Luke,Luke Jackson,Jackson,,,5500,MIA@SF,SF,MIA,IL,Elbow,,,,P
90601-70624,P,Chris,Chris Stratton,Stratton,7.9375,16,5500,LAD@STL,STL,LAD,,,,,,P
90601-82921,P,Zack,Zack Weiss,Weiss,6.583333333333333,12,5500,MIN@LAA,LAA,MIN,,,,,,P
90601-82922,P,Tyler,Tyler Kinley,Kinley,6.12,25,5500,COL@TEX,COL,TEX,IL,Elbow,,,,P
90601-82924,P,Tim,Tim Hill,Hill,3.5714285714285716,21,5500,BOS@SD,SD,BOS,,,,,,P
90601-82935,P,Trevor,Trevor Richards,Richards,8.5,13,5500,BAL@TOR,TOR,BAL,,,,,,P
90601-13312,P,Ryan,Ryan Brasier,Brasier,3.6,20,5500,BOS@SD,BOS,SD,,,,,,P
90601-168965,P,Tanner,Tanner Banks,Banks,7.5,4,5500,KC@CWS,CWS,KC,,,,,,P
90601-82974,P,Tanner,Tanner Rainey,Rainey,5.896551724137931,29,5500,DET@WSH,WSH,DET,IL,Elbow,,,,P
90601-82999,P,Scott,Scott Barlow,Barlow,6.411764705882353,18,5500,KC@CWS,KC,CWS,,,,,,P
90601-58434,P,Kendall,Kendall Graveman,Graveman,4.888888888888889,18,5500,KC@CWS,CWS,KC,,,,,,P
90601-169030,P,Zach,Zach Jackson,Jackson,6.315789473684211,19,5500,OAK@HOU,OAK,HOU,,,,,,P
90601-11333,P,Craig,Craig Kimbrel,Kimbrel,5.647058823529412,17,5500,CHC@PHI,PHI,CHC,,,,,,P
90601-11335,P,Jay,Jay Jackson,Jackson,4,3,5500,BAL@TOR,TOR,BAL,,,,,,P
90601-13404,P,Anthony,Anthony Bass,Bass,3.2,15,5500,BAL@TOR,TOR,BAL,,,,,,P
90601-38001,P,Matt,Matt Barnes,Barnes,4.631578947368421,20,5500,MIA@SF,MIA,SF,,,,,,P
90601-85108,P,Enyel,Enyel De Los Santos,De Los Santos,5.5,16,5500,CLE@NYM,CLE,NYM,,,,,,P
90601-13438,P,Drew,Drew Pomeranz,Pomeranz,,,5500,BOS@SD,SD,BOS,IL,Elbow,,,,P
90601-54403,P,Trevor,Trevor Gott,Gott,5.619047619047619,22,5500,SEA@ATL,SEA,ATL,,,,,,P
90601-158858,P,Justin,Justin Bruihl,Bruihl,7.222222222222222,9,5500,LAD@STL,LAD,STL,,,,,,P
90601-179339,P,Bryce,Bryce Montes de Oca,Montes de Oca,5.333333333333333,3,5500,CLE@NYM,NYM,CLE,IL,Elbow,,,,P
90601-21653,P,Hector,Hector Neris,Neris,6.842105263157895,19,5500,OAK@HOU,HOU,OAK,,,,,,P
90601-38041,P,Ryan,Ryan Pressly,Pressly,4.388888888888889,18,5500,OAK@HOU,HOU,OAK,,,,,,P
90601-152733,P,Griffin,Griffin Jax,Jax,4.75,20,5500,MIN@LAA,MIN,LAA,,,,,,P
90601-13479,P,Joe,Joe Kelly,Kelly,6.909090909090909,11,5500,KC@CWS,CWS,KC,,,,,,P
90601-154794,P,Joe,Joe Barlow,Barlow,1,1,5500,COL@TEX,TEX,COL,,,,,,P
90601-140459,P,John,John King,King,3,2,5500,COL@TEX,TEX,COL,,,,,,P
90601-85164,P,Matt,Matt Festa,Festa,4.333333333333333,3,5500,SEA@ATL,SEA,ATL,,,,,,P
90601-83116,P,Wander,Wander Suero,Suero,5.666666666666667,3,5500,LAD@STL,LAD,STL,,,,,,P
90601-62641,P,Andrew,Andrew Bellatti,Bellatti,4.6923076923076925,13,5500,CHC@PHI,PHI,CHC,,,,,,P
90601-21682,P,Aaron,Aaron Loup,Loup,2.727272727272727,11,5500,MIN@LAA,LAA,MIN,IL,Hamstring,,,,P
90601-83145,P,Jose,Jose Castillo,Castillo,3,1,5500,BOS@SD,SD,BOS,IL,Shoulder,,,,P
90601-66765,P,Jorge,Jorge Lopez,Lopez,5.35,20,5500,MIN@LAA,MIN,LAA,,,,,,P
90601-83159,P,Diego,Diego Castillo,Castillo,3.625,8,5500,SEA@ATL,SEA,ATL,,,,,,P
90601-83158,P,Seranthony,Seranthony Dominguez,Dominguez,4.7,21,5500,CHC@PHI,PHI,CHC,,,,,,P
90601-38106,P,Kirby,Kirby Yates,Yates,6.133333333333334,16,5500,SEA@ATL,ATL,SEA,,,,,,P
90601-79066,P,Anthony,Anthony Banda,Banda,3,11,5500,DET@WSH,WSH,DET,,,,,,P
90601-79071,P,Taylor,Taylor Clarke,Clarke,7.222222222222222,19,5500,KC@CWS,KC,CWS,,,,,,P
90601-60640,P,Nick,Nick Burdi,Burdi,0,1,5500,CHC@PHI,CHC,PHI,,,,,,P
90601-152806,P,Jason,Jason Foley,Foley,5.176470588235294,18,5500,DET@WSH,DET,WSH,,,,,,P
90601-83172,P,Jonathan,Jonathan Hernandez,Hernandez,4.6875,19,5500,COL@TEX,TEX,COL,,,,,,P
90601-79076,P,Kolby,Kolby Allard,Allard,7.5,10,5500,SEA@ATL,ATL,SEA,IL,Oblique,,,,P
90601-136424,P,Jake,Jake Brentz,Brentz,0.14285714285714285,8,5500,KC@CWS,KC,CWS,IL,Elbow,,,,P
90601-79085,P,Keegan,Keegan Akin,Akin,3.9166666666666665,13,5500,BAL@TOR,BAL,TOR,,,,,,P
90601-79084,P,Tanner,Tanner Scott,Scott,6.2,20,5500,MIA@SF,MIA,SF,,,,,,P
90601-60656,P,Jeff,Jeff Hoffman,Hoffman,12,3,5500,CHC@PHI,PHI,CHC,,,,,,P
90601-83184,P,Julian,Julian Merryweather,Merryweather,4.4375,17,5500,CHC@PHI,CHC,PHI,,,,,,P
90601-5370,P,Daniel,Daniel Bard,Bard,5.2,10,5500,COL@TEX,COL,TEX,,,,,,P
90601-85253,P,Casey,Casey Mize,Mize,12,2,5500,DET@WSH,DET,WSH,IL,Elbow,,,,P
90601-21764,P,Caleb,Caleb Thielbar,Thielbar,4.909090909090909,11,5500,MIN@LAA,MIN,LAA,IL,Oblique,,,,P
90601-85258,P,James,James Naile,Naile,3.3333333333333335,3,5500,LAD@STL,STL,LAD,,,,,,P
90601-146702,P,Cole,Cole Sands,Sands,8.25,5,5500,MIN@LAA,MIN,LAA,,,,,,P
90601-79117,P,Peter,Peter Lambert,Lambert,16.666666666666668,3,5500,COL@TEX,COL,TEX,,,,,,P
90601-79116,P,Riley,Riley Pint,Pint,-2,1,5500,COL@TEX,COL,TEX,,,,,,P
90601-70933,P,Brock,Brock Stewart,Stewart,7.555555555555555,9,5500,MIN@LAA,MIN,LAA,,,,,,P
90601-38164,P,Jimmy,Jimmy Nelson,Nelson,,,5500,LAD@STL,LAD,STL,IL,Elbow,,,,P
90601-79124,P,Joe,Joe Jimenez,Jimenez,5,16,5500,SEA@ATL,ATL,SEA,,,,,,P
90601-23834,P,Collin,Collin McHugh,McHugh,6.6,10,5500,SEA@ATL,ATL,SEA,,,,,,P
90601-179490,P,Cole,Cole Waites,Waites,0.3333333333333333,3,5500,MIA@SF,SF,MIA,,,,,,P
90601-85289,P,Nick,Nick Anderson,Anderson,6.588235294117647,18,5500,SEA@ATL,ATL,SEA,,,,,,P
90601-85288,P,Brusdar,Brusdar Graterol,Graterol,4.7894736842105265,19,5500,LAD@STL,LAD,STL,,,,,,P
90601-38189,P,Michael,Michael Tonkin,Tonkin,11,12,5500,SEA@ATL,ATL,SEA,,,,,,P
90601-79150,P,Josh,Josh Staumont,Staumont,5.769230769230769,13,5500,KC@CWS,KC,CWS,,,,,,P
90601-185648,P,Zach,Zach Muckenhirn,Muckenhirn,7,2,5500,CLE@NYM,NYM,CLE,,,,,,P
90601-156976,P,Darren,Darren McCaughan,McCaughan,6,1,5500,SEA@ATL,SEA,ATL,,,,,,P
90601-79155,P,Jaime,Jaime Barria,Barria,12.3,10,5500,MIN@LAA,LAA,MIN,,,,,,P
90601-152888,P,Sam,Sam Long,Long,5.75,8,5500,OAK@HOU,OAK,HOU,,,,,,P
90601-185662,P,Sammy,Sammy Peralta,Peralta,2,1,5500,KC@CWS,CWS,KC,,,,,,P
90601-154947,P,Justin,Justin Garza,Garza,4.5,2,5500,BOS@SD,BOS,SD,,,,,,P
90601-79171,P,Phil,Phil Bickford,Bickford,6.294117647058823,17,5500,LAD@STL,LAD,STL,,,,,,P
90601-113986,P,Emmanuel,Emmanuel Clase,Clase,4.086956521739131,23,5500,CLE@NYM,CLE,NYM,,,,,,P
90601-13635,P,Brad,Brad Hand,Hand,6.9411764705882355,17,5500,COL@TEX,COL,TEX,,,,,,P
90601-38216,P,Jose,Jose Cisnero,Cisnero,5.117647058823529,19,5500,DET@WSH,DET,WSH,,,,,,P
90601-79184,P,Thomas,Thomas Szapucki,Szapucki,5.7272727272727275,11,5500,MIA@SF,SF,MIA,IL,Arm,,,,P
90601-38228,P,Trevor,Trevor May,May,3.4285714285714284,8,5500,OAK@HOU,OAK,HOU,IL,Personal,,,,P
90601-21846,P,Chris,Chris Devenski,Devenski,6.875,8,5500,MIN@LAA,LAA,MIN,,,,,,P
90601-177493,P,Andrew,Andrew Nardi,Nardi,5.9,21,5500,MIA@SF,MIA,SF,,,,,,P
90601-118106,P,Victor,Victor Gonzalez,Gonzalez,7.6,10,5500,LAD@STL,LAD,STL,,,,,,P
90601-79194,P,Domingo,Domingo Acevedo,Acevedo,1.7777777777777777,9,5500,OAK@HOU,OAK,HOU,,,,,,P
90601-38240,P,Rafael,Rafael Montero,Montero,4.777777777777778,19,5500,OAK@HOU,HOU,OAK,,,,,,P
90601-79209,P,A.J.,A.J. Puk,Puk,6.933333333333334,16,5500,MIA@SF,MIA,SF,IL,Elbow,,,,P
90601-118123,P,Blake,Blake Taylor,Taylor,3.1578947368421053,19,5500,OAK@HOU,HOU,OAK,,,,,,P
90601-79227,P,Adrian,Adrian Morejon,Morejon,6.230769230769231,28,5500,BOS@SD,SD,BOS,IL,Elbow,,,,P
90601-79258,P,Ryne,Ryne Stanek,Stanek,5.266666666666667,15,5500,OAK@HOU,HOU,OAK,,,,,,P
90601-79266,P,Brett,Brett Martin,Martin,3.7636363636363637,55,5500,COL@TEX,TEX,COL,IL,Shoulder,,,,P
90601-118185,P,Matt,Matt Foster,Foster,4.448979591836735,50,5500,KC@CWS,CWS,KC,IL,Elbow,,,,P
90601-118186,P,Jimmy,Jimmy Lambert,Lambert,4.947368421052632,19,5500,KC@CWS,CWS,KC,,,,,,P
90601-101804,P,Huascar,Huascar Ynoa,Ynoa,7,2,5500,SEA@ATL,ATL,SEA,IL,Elbow,,,,P
90601-101809,P,Josh,Josh Taylor,Taylor,6.3076923076923075,13,5500,KC@CWS,KC,CWS,,,,,,P
90601-101808,P,Denyi,Denyi Reyes,Reyes,5.166666666666667,6,5500,CLE@NYM,NYM,CLE,,,,,,P
90601-101812,P,Justin,Justin Lawrence,Lawrence,7.526315789473684,19,5500,COL@TEX,COL,TEX,,,,,,P
90601-101815,P,Jimmy,Jimmy Herget,Herget,3.9,10,5500,MIN@LAA,LAA,MIN,,,,,,P
90601-101814,P,Sam,Sam Hentges,Hentges,6,3,5500,CLE@NYM,CLE,NYM,,,,,,P
90601-101816,P,Bryan,Bryan Abreu,Abreu,8.333333333333334,21,5500,OAK@HOU,HOU,OAK,,,,,,P
90601-169400,P,Parker,Parker Mushinski,Mushinski,5.285714285714286,7,5500,OAK@HOU,HOU,OAK,IL,Back,,,,P
90601-40382,P,Luis,Luis Garcia,Garcia,4.368421052631579,19,5500,BOS@SD,SD,BOS,,,,,,P
90601-101822,P,Josh,Josh Sborz,Sborz,8.181818181818182,12,5500,COL@TEX,TEX,COL,,,,,,P
90601-101825,P,Jose,Jose Quijada,Quijada,3.3,10,5500,MIN@LAA,LAA,MIN,IL,Elbow,,,,P
90601-118221,P,J.P.,J.P. Feyereisen,Feyereisen,7.818181818181818,22,5500,LAD@STL,LAD,STL,IL,Shoulder,,,,P
90601-101845,P,Genesis,Genesis Cabrera,Cabrera,5.823529411764706,17,5500,LAD@STL,STL,LAD,,,,,,P
90601-101846,P,Erik,Erik Swanson,Swanson,6.476190476190476,21,5500,BAL@TOR,TOR,BAL,,,,,,P
90601-101851,P,Brock,Brock Burke,Burke,5.666666666666667,15,5500,COL@TEX,TEX,COL,,,,,,P
90601-185847,P,Garrett,Garrett Acton,Acton,11.5,2,5500,OAK@HOU,OAK,HOU,,,,,,P
90601-52733,P,Scott,Scott Alexander,Alexander,3.611111111111111,19,5500,MIA@SF,SF,MIA,,,,,,P
90601-95757,P,Andrew,Andrew Vasquez,Vasquez,8.333333333333334,12,5500,CHC@PHI,PHI,CHC,,,,,,P
90601-85517,P,Trey,Trey Wingenter,Wingenter,4.4,7,5500,DET@WSH,DET,WSH,IL,Biceps,,,,P
90601-95756,P,Rowan,Rowan Wick,Wick,5.285714285714286,64,5500,CHC@PHI,CHC,PHI,,,,,,P
90601-101904,P,Jordan,Jordan Romano,Romano,7.235294117647059,19,5500,BAL@TOR,TOR,BAL,,,,,,P
90601-71190,P,Jose,Jose Leclerc,Leclerc,4.846153846153846,13,5500,COL@TEX,TEX,COL,,,,,,P
90601-95774,P,Jeff,Jeff Brigham,Brigham,6,14,5500,CLE@NYM,NYM,CLE,,,,,,P
90601-181794,P,Hogan,Hogan Harris,Harris,-17,1,5500,OAK@HOU,OAK,HOU,,,,,,P
90601-58913,P,Danny,Danny Coulombe,Coulombe,5.55,21,5500,BAL@TOR,BAL,TOR,,,,,,P
90601-5673,P,Jesse,Jesse Chavez,Chavez,5.25,21,5500,SEA@ATL,ATL,SEA,,,,,,P
90601-185896,P,Cody,Cody Bradford,Bradford,6,1,5500,COL@TEX,TEX,COL,,,,,,P
90601-79402,P,Cionel,Cionel Perez,Perez,4,20,5500,BAL@TOR,BAL,TOR,,,,,,P
90601-71218,P,Dylan,Dylan Floro,Floro,5.45,21,5500,MIA@SF,MIA,SF,,,,,,P
90601-181815,P,Brent,Brent Headrick,Headrick,17.333333333333332,3,5500,MIN@LAA,MIN,LAA,,,,,,P
90601-140858,P,Domingo,Domingo Tapia,Tapia,6.444444444444445,10,5500,BOS@SD,SD,BOS,,,,,,P
90601-181819,P,Tim,Tim Herrin,Herrin,5.555555555555555,9,5500,CLE@NYM,CLE,NYM,,,,,,P
90601-181841,P,George,George Soriano,Soriano,8,3,5500,MIA@SF,MIA,SF,,,,,,P
90601-73301,P,Brent,Brent Suter,Suter,9.11111111111111,18,5500,COL@TEX,COL,TEX,,,,,,P
90601-181845,P,Drew,Drew Rom,Rom,,,5500,BAL@TOR,BAL,TOR,,,,,,P
90601-181848,P,Tom,Tom Cosgrove,Cosgrove,4.833333333333333,6,5500,BOS@SD,SD,BOS,,,,,,P
90601-181854,P,Brendan,Brendan White,White,,,5500,DET@WSH,DET,WSH,,,,,,P
90601-81507,P,Aaron,Aaron Bummer,Bummer,2.5,19,5500,KC@CWS,CWS,KC,,,,,,P
90601-169574,P,Penn,Penn Murfee,Murfee,5.6,15,5500,SEA@ATL,SEA,ATL,IL,Elbow,,,,P
90601-5735,P,David,David Robertson,Robertson,7.764705882352941,17,5500,CLE@NYM,NYM,CLE,,,,,,P
90601-118381,P,Kyle,Kyle Finnegan,Finnegan,3.764705882352941,17,5500,DET@WSH,WSH,DET,,,,,,P
90601-118395,P,Dany,Dany Jimenez,Jimenez,2.857142857142857,7,5500,OAK@HOU,OAK,HOU,IL,Shoulder,,,,P
90601-5761,P,Tommy,Tommy Hunter,Hunter,6.333333333333333,10,5500,CLE@NYM,NYM,CLE,,,,,,P
90601-110216,P,Stephen,Stephen Nogosek,Nogosek,9.375,9,5500,CLE@NYM,NYM,CLE,,,,,,P
90601-52877,P,Dominic,Dominic Leone,Leone,3.3333333333333335,6,5500,CLE@NYM,NYM,CLE,,,,,,P
90601-52887,P,Tyler,Tyler Matzek,Matzek,5.0476190476190474,42,5500,SEA@ATL,ATL,SEA,IL,Elbow,,,,P
90601-38563,P,Yimi,Yimi Garcia,Garcia,4.9523809523809526,21,5500,BAL@TOR,TOR,BAL,,,,,,P
90601-163511,P,Yunior,Yunior Marte,Marte,0.5,6,5500,CHC@PHI,PHI,CHC,,,,,,P
90601-161463,P,Drew,Drew Carlton,Carlton,18,1,5500,BOS@SD,SD,BOS,,,,,,P
90601-38596,P,Chris,Chris Martin,Martin,4.75,12,5500,BOS@SD,BOS,SD,,,,,,P
90601-81615,P,Tim,Tim Mayza,Mayza,5.111111111111111,19,5500,BAL@TOR,TOR,BAL,,,,,,P
90601-14047,P,Brad,Brad Boxberger,Boxberger,3.5,17,5500,CHC@PHI,CHC,PHI,IL,Forearm,,,,P
90601-181985,P,Guillermo,Guillermo Zuniga,Zuniga,9,1,5500,LAD@STL,STL,LAD,,,,,,P
90601-81641,P,John,John Curtiss,Curtiss,3.5454545454545454,12,5500,CLE@NYM,NYM,CLE,,,,,,P
90601-81642,P,A.J.,A.J. Minter,Minter,4.380952380952381,21,5500,SEA@ATL,ATL,SEA,,,,,,P
90601-81644,P,Ryan,Ryan Sherriff,Sherriff,4.5,2,5500,BOS@SD,BOS,SD,,,,,,P
90601-182006,P,Nic,Nic Enright,Enright,,,5500,MIA@SF,MIA,SF,IL,Illness,,,,P
90601-52986,P,Drew,Drew VerHagen,VerHagen,5.666666666666667,21,5500,LAD@STL,STL,LAD,,,,,,P
90601-157433,P,Kirby,Kirby Snead,Snead,3.4782608695652173,47,5500,OAK@HOU,OAK,HOU,IL,Shoulder,,,,P
90601-165628,P,Josh,Josh Walker,Walker,3,1,5500,CLE@NYM,NYM,CLE,,,,,,P
90601-161545,P,Kaleb,Kaleb Ort,Ort,4.083333333333333,12,5500,BOS@SD,BOS,SD,,,,,,P
90601-169742,P,Tyler,Tyler Holton,Holton,8,11,5500,DET@WSH,DET,WSH,,,,,,P
90601-161563,P,Jovani,Jovani Moran,Moran,5.5625,17,5500,MIN@LAA,MIN,LAA,,,,,,P
90601-182061,P,Nick,Nick Avila,Avila,,,5500,MIA@SF,SF,MIA,,,,,,P
90601-163641,P,Ray,Ray Kerr,Kerr,5,2,5500,BOS@SD,SD,BOS,,,,,,P
90601-116548,P,Tyler,Tyler Rogers,Rogers,5.333333333333333,18,5500,MIA@SF,SF,MIA,,,,,,P
90601-163660,P,Steven,Steven Wilson,Wilson,5.904761904761905,21,5500,BOS@SD,SD,BOS,,,,,,P
90601-163682,P,Ethan,Ethan Roberts,Roberts,3.2222222222222223,9,5500,CHC@PHI,CHC,PHI,IL,Elbow,,,,P
90601-163684,P,Ronny,Ronny Henriquez,Henriquez,17.666666666666668,3,5500,MIN@LAA,MIN,LAA,,,,,,P
90601-163702,P,Logan,Logan Gillaspie,Gillaspie,2.875,9,5500,BAL@TOR,BAL,TOR,,,,,,P
90601-163701,P,Felix,Felix Bautista,Bautista,8.85,20,5500,BAL@TOR,BAL,TOR,,,,,,P
90601-163707,P,Freddy,Freddy Pacheco,Pacheco,,,5500,DET@WSH,DET,WSH,IL,Elbow,,,,P
90601-102298,P,Erich,Erich Uelmen,Uelmen,4.75,25,5500,CHC@PHI,PHI,CHC,,,,,,P
90601-102300,P,Michael,Michael Rucker,Rucker,5.8125,18,5500,CHC@PHI,CHC,PHI,,,,,,P
90601-157600,P,Austin,Austin Warren,Warren,7,2,5500,MIN@LAA,LAA,MIN,IL,Elbow,,,,P
90601-8101,P,Ian,Ian Kennedy,Kennedy,4.090909090909091,11,5500,COL@TEX,TEX,COL,,,,,,P
90601-102318,P,Ryan,Ryan Rolison,Rolison,,,5500,COL@TEX,COL,TEX,IL,Shoulder,,,,P
90601-102332,P,Jackson,Jackson Kowar,Kowar,6.714285714285714,7,5500,KC@CWS,KC,CWS,,,,,,P
90601-163782,P,Robert,Robert Suarez,Suarez,7.3,52,5500,BOS@SD,SD,BOS,IL,Elbow,,,,P
90601-102355,P,Jorge,Jorge Alcala,Alcala,4.9,11,5500,MIN@LAA,MIN,LAA,IL,Forearm,,,,P
90601-12257,P,Adam,Adam Ottavino,Ottavino,5.117647058823529,19,5500,CLE@NYM,NYM,CLE,,,,,,P
90601-169957,P,Danny,Danny Young,Young,6.875,8,5500,SEA@ATL,ATL,SEA,,,,,,P
90601-102377,P,Trevor,Trevor Stephan,Stephan,5.947368421052632,19,5500,CLE@NYM,CLE,NYM,,,,,,P
90601-79848,P,Paul,Paul Sewald,Sewald,6.1,20,5500,SEA@ATL,SEA,ATL,,,,,,P
90601-102397,P,Wyatt,Wyatt Mills,Mills,4.653846153846154,27,5500,BOS@SD,BOS,SD,IL,Elbow,,,,P
90601-79756,OF,Ronald,Ronald Acuna Jr.,Acuna Jr.,16.825581395348838,43,4600,SEA@ATL,ATL,SEA,,,,,,OF/UTIL
90601-79401,C,Will,Will Smith,Smith,14.474073621961805,27,4400,LAD@STL,LAD,STL,,,,,,C/1B/UTIL
90601-82575,OF,Yordan,Yordan Alvarez,Alvarez,13.624324489284206,37,4300,OAK@HOU,HOU,OAK,,,,,,OF/UTIL
90601-12948,1B/OF,Bryce,Bryce Harper,Harper,12.623077392578125,13,4200,CHC@PHI,PHI,CHC,,,,,,C/1B/OF/UTIL
90601-21705,2B,Marcus,Marcus Semien,Semien,14.044186614280523,43,4200,COL@TEX,TEX,COL,,,,,,2B/UTIL
90601-119318,OF/3B,Christopher,Christopher Morel,Morel,20.350000381469727,8,4100,CHC@PHI,CHC,PHI,,,,,,3B/OF/UTIL
90601-85520,OF,Adolis,Adolis Garcia,Garcia,14.209523518880209,42,4100,COL@TEX,TEX,COL,,,,,,OF/UTIL
90601-82624,C,Sean,Sean Murphy,Murphy,13.567567567567568,37,4000,SEA@ATL,ATL,SEA,,,,,,C/1B/UTIL
90601-52175,1B,Matt,Matt Olson,Olson,13,43,4000,SEA@ATL,ATL,SEA,,,,,,C/1B/UTIL
90601-11334,1B,Freddie,Freddie Freeman,Freeman,13.326666937934029,45,4000,LAD@STL,LAD,STL,,,,,,C/1B/UTIL
90601-82440,OF,Shohei,Shohei Ohtani,Ohtani,12.969767725744912,43,3900,MIN@LAA,LAA,MIN,,,,,,OF/UTIL
90601-12968,1B,Paul,Paul Goldschmidt,Goldschmidt,12.879545731977982,44,3900,LAD@STL,STL,LAD,,,,,,C/1B/UTIL
90601-52176,3B,Max,Max Muncy,Muncy,13.607499694824218,40,3900,LAD@STL,LAD,STL,,,,,,3B/UTIL
90601-39151,OF/2B,Mookie,Mookie Betts,Betts,12.076743902162065,43,3800,LAD@STL,LAD,STL,,,,,,2B/OF/UTIL
90601-119311,OF,Jarren,Jarren Duran,Duran,12.989286150251116,28,3800,BOS@SD,BOS,SD,,,,,,OF/UTIL
90601-82536,OF,Cedric,Cedric Mullins,Mullins,12.48181845925071,44,3800,BAL@TOR,BAL,TOR,,,,,,OF/UTIL
90601-82612,OF,Brent,Brent Rooker,Rooker,12.900000321237664,38,3800,OAK@HOU,OAK,HOU,,,,,,OF/UTIL
90601-82654,SS,Bo,Bo Bichette,Bichette,12.047726717862217,44,3700,BAL@TOR,TOR,BAL,,,,,,SS/UTIL
90601-68585,3B,Rafael,Rafael Devers,Devers,12.162790697674419,43,3700,BOS@SD,BOS,SD,,,,,,3B/UTIL
90601-118120,C,Jonah,Jonah Heim,Heim,11.991892221811655,37,3700,COL@TEX,TEX,COL,,,,,,C/1B/UTIL
90601-79273,1B,Vladimir,Vladimir Guerrero Jr.,Guerrero Jr.,11.939024390243903,41,3700,BAL@TOR,TOR,BAL,DTD,Knee,,,,C/1B/UTIL
90601-79393,OF/SS,Fernando,Fernando Tatis Jr.,Tatis Jr.,11.241666158040365,24,3700,BOS@SD,SD,BOS,,,,,,SS/OF/UTIL
90601-12933,OF,Mike,Mike Trout,Trout,12.135714576357888,42,3600,MIN@LAA,LAA,MIN,,,,,,OF/UTIL
90601-82613,2B/SS,Thairo,Thairo Estrada,Estrada,11.960975460889863,41,3600,MIA@SF,SF,MIA,,,,,,2B/SS/UTIL
90601-82614,1B,Pete,Pete Alonso,Alonso,12.677777777777777,45,3600,CLE@NYM,NYM,CLE,,,,,,C/1B/UTIL
90601-82734,OF,Luis,Luis Robert Jr.,Robert Jr.,11.913636641068893,44,3600,KC@CWS,CWS,KC,,,,,,OF/UTIL
90601-154711,OF,Lars,Lars Nootbaar,Nootbaar,11.690322383757561,31,3600,LAD@STL,STL,LAD,,,,,,OF/UTIL
90601-79160,OF,Alex,Alex Verdugo,Verdugo,11.748837493186773,43,3600,BOS@SD,BOS,SD,DTD,Groin,,,,OF/UTIL
90601-181987,OF,Masataka,Masataka Yoshida,Yoshida,12.783333672417534,36,3600,BOS@SD,BOS,SD,,,,,,OF/UTIL
90601-102400,OF,Julio,Julio Rodriguez,Rodriguez,10.846341761147103,41,3500,SEA@ATL,SEA,ATL,,,,,,OF/UTIL
90601-102415,2B,Nolan,Nolan Gorman,Gorman,12.765000152587891,40,3500,LAD@STL,STL,LAD,,,,,,2B/UTIL
90601-135216,OF,Chas,Chas McCormick,McCormick,11.493749618530273,16,3500,OAK@HOU,HOU,OAK,,,,,,OF/UTIL
90601-39086,OF,Byron,Byron Buxton,Buxton,11.952500152587891,40,3500,MIN@LAA,MIN,LAA,,,,,,OF/UTIL
90601-119349,SS,Bobby,Bobby Witt Jr.,Witt Jr.,11.529545177112926,44,3500,KC@CWS,KC,CWS,,,,,,SS/UTIL
90601-68544,3B,Matt,Matt Chapman,Chapman,10.89302311387173,43,3500,BAL@TOR,TOR,BAL,,,,,,3B/UTIL
90601-13342,OF,Nick,Nick Castellanos,Castellanos,11.039535167605377,43,3500,CHC@PHI,PHI,CHC,,,,,,OF/UTIL
90601-85260,3B/OF,Patrick,Patrick Wisdom,Wisdom,11.960526315789474,38,3500,CHC@PHI,CHC,PHI,,,,,,3B/OF/UTIL
90601-79159,OF,Cody,Cody Bellinger,Bellinger,12.91351318359375,37,3500,CHC@PHI,CHC,PHI,DTD,Knee,,,,OF/UTIL
90601-79282,OF,Juan,Juan Soto,Soto,11.236363497647373,44,3500,BOS@SD,SD,BOS,,,,,,OF/UTIL
90601-102301,2B,Nico,Nico Hoerner,Hoerner,12.32857142857143,35,3500,CHC@PHI,CHC,PHI,IL,Hamstring,,,,2B/UTIL
90601-14562,2B,Jose,Jose Altuve,Altuve,11.64740228033685,154,3400,OAK@HOU,HOU,OAK,IL,Thumb,,,,2B/UTIL
90601-16952,SS,Francisco,Francisco Lindor,Lindor,10.926666937934028,45,3400,CLE@NYM,NYM,CLE,,,,,,SS/UTIL
90601-82589,OF/1B,Nick,Nick Pratto,Pratto,10.78499984741211,20,3400,KC@CWS,KC,CWS,,,,,,C/1B/OF/UTIL
90601-79188,1B,Alex,Alex Kirilloff,Kirilloff,10.336363358931107,11,3400,MIN@LAA,MIN,LAA,,,,,,C/1B/UTIL
90601-13719,3B,Nolan,Nolan Arenado,Arenado,11.176744327988736,43,3400,LAD@STL,STL,LAD,,,,,,3B/UTIL
90601-38976,3B,Jose,Jose Ramirez,Ramirez,11.105000305175782,40,3300,CLE@NYM,CLE,NYM,NA,Personal,,,,3B/UTIL
90601-119307,C,Adley,Adley Rutschman,Rutschman,10.80454531582919,44,3300,BAL@TOR,BAL,TOR,,,,,,C/1B/UTIL
90601-23107,OF,Jorge,Jorge Soler,Soler,10.533333188011532,42,3300,MIA@SF,MIA,SF,,,,,,OF/UTIL
90601-68587,2B,Ozzie,Ozzie Albies,Albies,10.774418320766715,43,3300,SEA@ATL,ATL,SEA,,,,,,2B/UTIL
90601-165686,3B,Casey,Casey Schmitt,Schmitt,13.544444613986546,9,3300,MIA@SF,SF,MIA,,,,,,3B/UTIL
90601-108450,SS,Tommy,Tommy Edman,Edman,9.307142711821056,42,3300,LAD@STL,STL,LAD,DTD,Abdomen,,,,SS/UTIL
90601-102554,C,Cal,Cal Raleigh,Raleigh,10.394594759554476,37,3200,SEA@ATL,SEA,ATL,,,,,,C/1B/UTIL
90601-16981,C,Yan,Yan Gomes,Gomes,10.204166412353516,24,3200,CHC@PHI,CHC,PHI,,,,,,C/1B/UTIL
90601-68586,SS,Dansby,Dansby Swanson,Swanson,10.376190185546875,42,3200,CHC@PHI,CHC,PHI,,,,,,SS/UTIL
90601-85285,1B,Nathaniel,Nathaniel Lowe,Lowe,11.05813953488372,43,3200,COL@TEX,TEX,COL,,,,,,C/1B/UTIL
90601-21874,2B,Jorge,Jorge Polanco,Polanco,10.565217391304348,23,3200,MIN@LAA,MIN,LAA,DTD,Hamstring,,,,2B/UTIL
90601-165571,1B,Vinnie,Vinnie Pasquantino,Pasquantino,10.126666937934028,45,3200,KC@CWS,KC,CWS,,,,,,C/1B/UTIL
90601-53033,OF,Mike,Mike Yastrzemski,Yastrzemski,10.16296273690683,27,3200,MIA@SF,SF,MIA,,,,,,OF/UTIL
90601-102392,OF,Esteury,Esteury Ruiz,Ruiz,11.262221950954862,45,3200,OAK@HOU,OAK,HOU,,,,,,OF/UTIL
90601-61553,3B,Yoan,Yoan Moncada,Moncada,10.526666259765625,15,3100,KC@CWS,CWS,KC,,,,,,3B/UTIL
90601-119345,SS,Jeremy,Jeremy Pena,Pena,10.348837209302326,43,3100,OAK@HOU,HOU,OAK,,,,,,SS/UTIL
90601-16951,3B,Anthony,Anthony Rendon,Rendon,10.859999593098959,30,3100,MIN@LAA,LAA,MIN,IL,Groin,,,,3B/UTIL
90601-80462,SS,Paul,Paul DeJong,DeJong,11.330000305175782,20,3100,LAD@STL,STL,LAD,,,,,,SS/UTIL
90601-17097,OF,Brandon,Brandon Nimmo,Nimmo,10.063636086203836,44,3100,CLE@NYM,NYM,CLE,,,,,,OF/UTIL
90601-70562,2B/OF,Whit,Whit Merrifield,Merrifield,9.967567237647804,37,3100,BAL@TOR,TOR,BAL,,,,,,2B/OF/UTIL
90601-13266,C,Salvador,Salvador Perez,Perez,10.84749984741211,40,3100,KC@CWS,KC,CWS,,,,,,C/1B/UTIL
90601-37982,SS,Xander,Xander Bogaerts,Bogaerts,10.348837209302326,43,3100,BOS@SD,SD,BOS,,,,,,SS/UTIL
90601-167012,OF,Seiya,Seiya Suzuki,Suzuki,10.132258261403729,31,3100,CHC@PHI,CHC,PHI,,,,,,OF/UTIL
90601-13540,OF,J.D.,J.D. Martinez,Martinez,10.803447854929956,29,3100,LAD@STL,LAD,STL,,,,,,OF/UTIL
90601-79082,1B,Ryan,Ryan Mountcastle,Mountcastle,10.902273004705256,44,3100,BAL@TOR,BAL,TOR,,,,,,C/1B/UTIL
90601-79125,OF,Kyle,Kyle Tucker,Tucker,10.67209288131359,43,3100,OAK@HOU,HOU,OAK,,,,,,OF/UTIL
90601-13909,OF,Randal,Randal Grichuk,Grichuk,10.884615384615385,13,3100,COL@TEX,COL,TEX,,,,,,OF/UTIL
90601-102398,OF,Jarred,Jarred Kelenic,Kelenic,10.885365555926066,41,3100,SEA@ATL,SEA,ATL,,,,,,OF/UTIL
90601-79884,OF,Anthony,Anthony Santander,Santander,10.258536734232088,41,3000,BAL@TOR,BAL,TOR,,,,,,OF/UTIL
90601-6312,1B/3B,Justin,Justin Turner,Turner,10.077272588556463,44,3000,BOS@SD,BOS,SD,,,,,,C/1B/3B/UTIL
90601-82570,3B,Jake,Jake Burger,Burger,11.91851806640625,27,3000,KC@CWS,CWS,KC,,,,,,3B/UTIL
90601-119437,3B,Josh,Josh Jung,Jung,10.417500305175782,40,3000,COL@TEX,TEX,COL,,,,,,3B/UTIL
90601-119495,1B,Andrew,Andrew Vaughn,Vaughn,10.120454268022018,44,3000,KC@CWS,CWS,KC,,,,,,C/1B/UTIL
90601-54068,OF,Hunter,Hunter Renfroe,Renfroe,10.911628190861192,43,3000,MIN@LAA,LAA,MIN,,,,,,OF/UTIL
90601-68522,3B,Alex,Alex Bregman,Bregman,9.923256097837935,43,3000,OAK@HOU,HOU,OAK,,,,,,3B/UTIL
90601-68593,SS,Jorge,Jorge Mateo,Mateo,11.45945945945946,37,3000,BAL@TOR,BAL,TOR,,,,,,SS/UTIL
90601-60631,OF,Kyle,Kyle Schwarber,Schwarber,9.611627623092296,43,3000,CHC@PHI,PHI,CHC,,,,,,OF/UTIL
90601-60642,OF,Michael,Michael Conforto,Conforto,9.502564259064503,39,3000,MIA@SF,SF,MIA,,,,,,OF/UTIL
90601-79092,OF,Ian,Ian Happ,Happ,10.878571283249627,42,3000,CHC@PHI,CHC,PHI,,,,,,OF/UTIL
90601-21890,SS/3B/2B,Orlando,Orlando Arcia,Arcia,11.318181818181818,22,3000,SEA@ATL,ATL,SEA,,,,,,2B/3B/SS/UTIL
90601-101787,1B,LaMonte,LaMonte Wade Jr.,Wade Jr.,9.792682926829269,41,3000,MIA@SF,SF,MIA,,,,,,C/1B/UTIL
90601-38321,1B/OF,Joey,Joey Gallo,Gallo,10.57647076775046,34,3000,MIN@LAA,MIN,LAA,DTD,Leg,,,,C/1B/OF/UTIL
90601-101842,1B,Ty,Ty France,France,9.413953204487646,43,3000,SEA@ATL,SEA,ATL,,,,,,C/1B/UTIL
90601-38412,SS,Corey,Corey Seager,Seager,10.824999491373697,12,3000,COL@TEX,TEX,COL,,,,,,SS/UTIL
90601-13854,OF,Robbie,Robbie Grossman,Grossman,9.855555216471354,36,3000,COL@TEX,TEX,COL,,,,,,OF/UTIL
90601-13864,OF,Joc,Joc Pederson,Pederson,10.246153611403246,26,3000,MIA@SF,SF,MIA,IL,Hand,,,,OF/UTIL
90601-81622,C,Mitch,Mitch Garver,Garver,12.633333841959635,6,3000,COL@TEX,TEX,COL,IL,Knee,,,,C/1B/UTIL
90601-163691,OF,James,James Outman,Outman,11.424443901909722,45,3000,LAD@STL,LAD,STL,,,,,,OF/UTIL
90601-102362,OF,Trevor,Trevor Larnach,Larnach,9.705555386013454,36,3000,MIN@LAA,MIN,LAA,,,,,,OF/UTIL
90601-102370,3B/1B,Alec,Alec Bohm,Bohm,10.018604367278343,43,3000,CHC@PHI,PHI,CHC,,,,,,C/1B/3B/UTIL
90601-65881,SS,Trea,Trea Turner,Turner,9.227906692859738,43,2900,CHC@PHI,PHI,CHC,,,,,,SS/UTIL
90601-17139,C,J.T.,J.T. Realmuto,Realmuto,10.110810975770693,37,2900,CHC@PHI,PHI,CHC,,,,,,C/1B/UTIL
90601-119637,2B/SS/OF,Ezequiel,Ezequiel Duran,Duran,9.469444274902344,36,2900,COL@TEX,TEX,COL,,,,,,2B/SS/OF/UTIL
90601-68525,3B,J.D.,J.D. Davis,Davis,8.969999694824219,40,2900,MIA@SF,SF,MIA,,,,,,3B/UTIL
90601-13262,OF,Jurickson,Jurickson Profar,Profar,9.239473844829359,38,2900,COL@TEX,COL,TEX,,,,,,OF/UTIL
90601-21633,3B,Eugenio,Eugenio Suarez,Suarez,8.625581253406613,43,2900,SEA@ATL,SEA,ATL,,,,,,3B/UTIL
90601-79074,3B,Austin,Austin Riley,Riley,9.779069767441861,43,2900,SEA@ATL,ATL,SEA,,,,,,3B/UTIL
90601-79093,OF,Eloy,Eloy Jimenez,Jimenez,9.635999755859375,25,2900,KC@CWS,CWS,KC,IL,Abdomen,,,,OF/UTIL
90601-79154,OF,Brandon,Brandon Marsh,Marsh,9.512195121951219,41,2900,CHC@PHI,PHI,CHC,,,,,,OF/UTIL
90601-21887,C,Willson,Willson Contreras,Contreras,10.074418888535611,43,2900,LAD@STL,STL,LAD,,,,,,C/1B/UTIL
90601-79263,OF,Leody,Leody Taveras,Taveras,9.846666463216145,30,2900,COL@TEX,TEX,COL,,,,,,OF/UTIL
90601-118210,1B/2B,Jake,Jake Cronenworth,Cronenworth,8.920930374500363,43,2900,BOS@SD,SD,BOS,,,,,,C/1B/2B/UTIL
90601-101844,OF,Lane,Lane Thomas,Thomas,9.904651020848474,43,2900,DET@WSH,WSH,DET,,,,,,OF/UTIL
90601-81511,2B/SS,Kyle,Kyle Farmer,Farmer,9.75789441560444,19,2900,MIN@LAA,MIN,LAA,,,,,,2B/SS/UTIL
90601-13929,3B,Manny,Manny Machado,Machado,8.65250015258789,40,2900,BOS@SD,SD,BOS,DTD,Hand,,,,3B/UTIL
90601-13961,OF,Kevin,Kevin Kiermaier,Kiermaier,9.722856794084821,35,2900,BAL@TOR,TOR,BAL,DTD,Illness,,,,OF/UTIL
90601-38614,SS,Carlos,Carlos Correa,Correa,8.827500152587891,40,2900,MIN@LAA,MIN,LAA,,,,,,SS/UTIL
90601-163666,OF,Steven,Steven Kwan,Kwan,9.972092739371366,43,2900,CLE@NYM,CLE,NYM,,,,,,OF/UTIL
90601-38965,1B,C.J.,C.J. Cron,Cron,9.299999660915798,36,2800,COL@TEX,COL,TEX,IL,Back,,,,C/1B/UTIL
90601-119303,C,Shea,Shea Langeliers,Langeliers,9.118918753959036,37,2800,OAK@HOU,OAK,HOU,,,,,,C/1B/UTIL
90601-119343,OF,Riley,Riley Greene,Greene,9.4375,40,2800,DET@WSH,DET,WSH,,,,,,OF/UTIL
90601-16983,OF,George,George Springer,Springer,8.647619338262649,42,2800,BAL@TOR,TOR,BAL,,,,,,OF/UTIL
90601-82527,OF,Jazz,Jazz Chisholm Jr.,Chisholm Jr.,10.364102877103365,39,2800,MIA@SF,MIA,SF,IL,Toe,,,,OF/UTIL
90601-82533,OF,Daulton,Daulton Varsho,Varsho,8.990697816360829,43,2800,BAL@TOR,TOR,BAL,,,,,,OF/UTIL
90601-119405,2B,Bryson,Bryson Stott,Stott,8.502439173256478,41,2800,CHC@PHI,PHI,CHC,,,,,,2B/UTIL
90601-119410,SS,CJ,CJ Abrams,Abrams,8.338095528738839,42,2800,DET@WSH,WSH,DET,,,,,,SS/UTIL
90601-82586,C/OF,MJ,MJ Melendez,Melendez,8.8875,40,2800,KC@CWS,KC,CWS,,,,,,C/1B/OF/UTIL
90601-82615,3B,Mark,Mark Vientos,Vientos,22.200000762939453,1,2800,CLE@NYM,NYM,CLE,,,,,,3B/UTIL
90601-82617,2B,Andres,Andres Gimenez,Gimenez,8.558536436499619,41,2800,CLE@NYM,CLE,NYM,,,,,,2B/UTIL
90601-17086,OF,Marcell,Marcell Ozuna,Ozuna,9.448275862068966,29,2800,SEA@ATL,ATL,SEA,,,,,,OF/UTIL
90601-82660,2B,Luis,Luis Garcia,Garcia,8.469230456229967,39,2800,DET@WSH,WSH,DET,,,,,,2B/UTIL
90601-68514,2B/3B,Ryan,Ryan McMahon,McMahon,8.661904471261161,42,2800,COL@TEX,COL,TEX,,,,,,2B/3B/UTIL
90601-13229,OF,Charlie,Charlie Blackmon,Blackmon,9.633333646334135,39,2800,COL@TEX,COL,TEX,,,,,,OF/UTIL
90601-52147,OF,Kris,Kris Bryant,Bryant,8.980000305175782,40,2800,COL@TEX,COL,TEX,,,,,,OF/UTIL
90601-68563,OF,Victor,Victor Robles,Robles,8.245161487210181,31,2800,DET@WSH,WSH,DET,IL,Back,,,,OF/UTIL
90601-52179,SS,J.P.,J.P. Crawford,Crawford,8.351219363328887,41,2800,SEA@ATL,SEA,ATL,,,,,,SS/UTIL
90601-68589,SS,Amed,Amed Rosario,Rosario,8.5621618322424,37,2800,CLE@NYM,CLE,NYM,,,,,,SS/UTIL
90601-83155,OF,Ramon,Ramon Laureano,Laureano,8.946666463216145,30,2800,OAK@HOU,OAK,HOU,,,,,,OF/UTIL
90601-60672,SS,Tim,Tim Anderson,Anderson,8.40769254244291,26,2800,KC@CWS,CWS,KC,,,,,,SS/UTIL
90601-85268,1B,Joey,Joey Meneses,Meneses,8.614634444073934,41,2800,DET@WSH,WSH,DET,IL,Personal,,,,C/1B/UTIL
90601-73023,OF,Teoscar,Teoscar Hernandez,Hernandez,9.134883437045785,43,2800,SEA@ATL,SEA,ATL,,,,,,OF/UTIL
90601-13638,1B/3B,Wilmer,Wilmer Flores,Flores,8.5,33,2800,MIA@SF,SF,MIA,,,,,,C/1B/3B/UTIL
90601-79181,2B,Mauricio,Mauricio Dubon,Dubon,8.767567402607686,37,2800,OAK@HOU,HOU,OAK,,,,,,2B/UTIL
90601-38223,OF,Travis,Travis Jankowski,Jankowski,8.572000122070312,25,2800,COL@TEX,TEX,COL,IL,Hamstring,,,,OF/UTIL
90601-21885,SS,Javier,Javier Baez,Baez,8.407692151191908,39,2800,DET@WSH,DET,WSH,,,,,,SS/UTIL
90601-101827,2B,Luis,Luis Arraez,Arraez,9.0375,40,2800,MIA@SF,MIA,SF,,,,,,2B/UTIL
90601-101841,OF,Edward,Edward Olivares,Olivares,8.70882370892693,34,2800,KC@CWS,KC,CWS,,,,,,OF/UTIL
90601-71182,3B,Jeimer,Jeimer Candelario,Candelario,8.85952395484561,42,2800,DET@WSH,WSH,DET,,,,,,3B/UTIL
90601-38561,OF/3B/SS,Chris,Chris Taylor,Taylor,8.654285539899554,35,2800,LAD@STL,LAD,STL,,,,,,3B/SS/OF/UTIL
90601-181990,C/OF,Blake,Blake Sabol,Sabol,8.18999989827474,30,2800,MIA@SF,SF,MIA,,,,,,C/1B/OF/UTIL
90601-181991,1B,Ryan,Ryan Noda,Noda,8.76585350967035,41,2800,OAK@HOU,OAK,HOU,,,,,,C/1B/UTIL
90601-102303,1B,Triston,Triston Casas,Casas,8.19210494192023,38,2800,BOS@SD,BOS,SD,,,,,,C/1B/UTIL
90601-135194,C,Freddy,Freddy Fermin,Fermin,8.52500025431315,12,2700,KC@CWS,KC,CWS,,,,,,C/1B/UTIL
90601-81953,OF,Austin,Austin Hays,Hays,9.528205284705528,39,2700,BAL@TOR,BAL,TOR,,,,,,OF/UTIL
90601-135203,1B,Spencer,Spencer Torkelson,Torkelson,7.869999694824219,40,2700,DET@WSH,DET,WSH,,,,,,C/1B/UTIL
90601-135218,OF,Jake,Jake Meyers,Meyers,7.002777947319879,36,2700,OAK@HOU,HOU,OAK,,,,,,OF/UTIL
90601-102452,OF,Nelson,Nelson Velazquez,Velazquez,8.43076911339393,13,2700,CHC@PHI,CHC,PHI,,,,,,OF/UTIL
90601-53401,1B/OF,Trey,Trey Mancini,Mancini,7.6421051025390625,38,2700,CHC@PHI,CHC,PHI,,,,,,C/1B/OF/UTIL
90601-119306,3B/SS,Gunnar,Gunnar Henderson,Henderson,8.297436053936298,39,2700,BAL@TOR,BAL,TOR,,,,,,3B/SS/UTIL
90601-119372,2B,Miguel,Miguel Vargas,Vargas,9.504762195405506,42,2700,LAD@STL,LAD,STL,,,,,,2B/UTIL
90601-82569,1B/OF,Gavin,Gavin Sheets,Sheets,7.581818089340672,33,2700,KC@CWS,CWS,KC,,,,,,C/1B/OF/UTIL
90601-21172,1B/2B,Brandon,Brandon Drury,Drury,8.619512046255716,41,2700,MIN@LAA,LAA,MIN,,,,,,C/1B/2B/UTIL
90601-82655,C,Danny,Danny Jansen,Jansen,8.32999979654948,30,2700,BAL@TOR,TOR,BAL,,,,,,C/1B/UTIL
90601-53994,1B,Josh,Josh Bell,Bell,7.926190330868676,42,2700,CLE@NYM,CLE,NYM,,,,,,C/1B/UTIL
90601-13099,C,Travis,Travis d'Arnaud,d'Arnaud,7.008333206176758,12,2700,SEA@ATL,ATL,SEA,,,,,,C/1B/UTIL
90601-68495,OF,Andrew,Andrew Benintendi,Benintendi,8.497560826743522,41,2700,KC@CWS,CWS,KC,,,,,,OF/UTIL
90601-173078,OF,Alex,Alex Call,Call,8.211904616582961,42,2700,DET@WSH,WSH,DET,,,,,,OF/UTIL
90601-54307,C,Elias,Elias Diaz,Diaz,8.56052599455181,38,2700,COL@TEX,COL,TEX,,,,,,C/1B/UTIL
90601-13423,OF,Starling,Starling Marte,Marte,7.775,40,2700,CLE@NYM,NYM,CLE,DTD,Hand,,,,OF/UTIL
90601-81046,1B,Garrett,Garrett Cooper,Cooper,8.139285496303014,28,2700,MIA@SF,MIA,SF,,,,,,C/1B/UTIL
90601-21666,OF,Mark,Mark Canha,Canha,7.590000152587891,40,2700,CLE@NYM,NYM,CLE,,,,,,OF/UTIL
90601-83182,C/OF,Eric,Eric Haase,Haase,6.787878787878788,33,2700,DET@WSH,DET,WSH,,,,,,C/1B/OF/UTIL
90601-70898,2B,Adam,Adam Frazier,Frazier,8.241860323174055,43,2700,BAL@TOR,BAL,TOR,,,,,,2B/UTIL
90601-146682,OF,Brenton,Brenton Doyle,Doyle,11.321052952816611,19,2700,COL@TEX,COL,TEX,,,,,,OF/UTIL
90601-79151,OF,Taylor,Taylor Ward,Ward,8.413636641068893,44,2700,MIN@LAA,LAA,MIN,,,,,,OF/UTIL
90601-85307,2B/OF,Jeff,Jeff McNeil,McNeil,8.035555691189236,45,2700,CLE@NYM,NYM,CLE,,,,,,2B/OF/UTIL
90601-79164,OF,Stone,Stone Garrett,Garrett,8.41500015258789,20,2700,DET@WSH,WSH,DET,,,,,,OF/UTIL
90601-79175,OF,Trent,Trent Grisham,Grisham,7.4790699093840844,43,2700,BOS@SD,SD,BOS,,,,,,OF/UTIL
90601-38247,2B/3B,Hanser,Hanser Alberto,Alberto,7.333333333333333,24,2700,KC@CWS,CWS,KC,,,,,,2B/3B/UTIL
90601-21875,OF,Max,Max Kepler,Kepler,9.799999782017299,28,2700,MIN@LAA,MIN,LAA,IL,Hamstring,,,,OF/UTIL
90601-181642,3B,Enmanuel,Enmanuel Valdez,Valdez,7.657894736842105,19,2700,BOS@SD,BOS,SD,,,,,,3B/UTIL
90601-38299,OF,Kevin,Kevin Pillar,Pillar,8.41153834416316,26,2700,SEA@ATL,ATL,SEA,,,,,,OF/UTIL
90601-101811,OF,Sam,Sam Hilliard,Hilliard,7.353846036470854,26,2700,SEA@ATL,ATL,SEA,,,,,,OF/UTIL
90601-101850,3B/2B,Ramon,Ramon Urias,Urias,8.746666463216146,30,2700,BAL@TOR,BAL,TOR,IL,Hamstring,,,,2B/3B/UTIL
90601-13792,2B/SS/OF,Kike,Kike Hernandez,Hernandez,8.24102548452524,39,2700,BOS@SD,BOS,SD,,,,,,2B/SS/OF/UTIL
90601-136672,OF,Michael,Michael Harris II,Harris II,7.140909368341619,22,2700,SEA@ATL,ATL,SEA,,,,,,OF/UTIL
90601-5763,OF,Nelson,Nelson Cruz,Cruz,6.913333129882813,30,2700,BOS@SD,SD,BOS,,,,,,OF/UTIL
90601-163689,SS,Maikel,Maikel Garcia,Garcia,8.485714503696986,14,2700,KC@CWS,KC,CWS,,,,,,SS/UTIL
90601-157797,OF,Bryan,Bryan De La Cruz,De La Cruz,8.06750030517578,40,2600,MIA@SF,MIA,SF,,,,,,OF/UTIL
90601-184479,OF,Corey,Corey Julks,Julks,7.966666666666667,30,2600,OAK@HOU,HOU,OAK,,,,,,OF/UTIL
90601-119376,3B,Brett,Brett Baty,Baty,7.165384732759916,26,2600,CLE@NYM,NYM,CLE,,,,,,3B/UTIL
90601-80485,OF,Austin,Austin Slater,Slater,7.699999809265137,8,2600,MIA@SF,SF,MIA,IL,Hamstring,,,,OF/UTIL
90601-82556,OF,Taylor,Taylor Trammell,Trammell,8.708333333333334,12,2600,SEA@ATL,SEA,ATL,,,,,,OF/UTIL
90601-119444,C,Alejandro,Alejandro Kirk,Kirk,6.567647148581112,34,2600,BAL@TOR,TOR,BAL,,,,,,C/1B/UTIL
90601-82593,C,Keibert,Keibert Ruiz,Ruiz,6.95405372413429,37,2600,DET@WSH,WSH,DET,,,,,,C/1B/UTIL
90601-82596,C,Jake,Jake Rogers,Rogers,6.993333435058593,30,2600,DET@WSH,DET,WSH,,,,,,C/1B/UTIL
90601-12970,OF,AJ,AJ Pollock,Pollock,6.3000002260561345,27,2600,SEA@ATL,SEA,ATL,,,,,,OF/UTIL
90601-21183,C,Carlos,Carlos Perez,Perez,6.548148261176215,27,2600,OAK@HOU,OAK,HOU,,,,,,C/1B/UTIL
90601-154422,OF,Matt,Matt Vierling,Vierling,6.694444444444445,36,2600,DET@WSH,DET,WSH,,,,,,OF/UTIL
90601-13152,1B,Matt,Matt Carpenter,Carpenter,7.509091001568419,33,2600,BOS@SD,SD,BOS,,,,,,C/1B/UTIL
90601-11129,OF,Jason,Jason Heyward,Heyward,6.376470677992877,34,2600,LAD@STL,LAD,STL,,,,,,OF/UTIL
90601-101276,2B/3B/SS,Jon,Jon Berti,Berti,7.266666510166266,39,2600,MIA@SF,MIA,SF,,,,,,2B/3B/SS/UTIL
90601-52170,1B,Dominic,Dominic Smith,Smith,7.3999998511337655,41,2600,DET@WSH,WSH,DET,,,,,,C/1B/UTIL
90601-185300,SS,Zach,Zach Neto,Neto,7.451612903225806,31,2600,MIN@LAA,LAA,MIN,,,,,,SS/UTIL
90601-21573,3B,Jace,Jace Peterson,Peterson,7.143589900090144,39,2600,OAK@HOU,OAK,HOU,,,,,,3B/UTIL
90601-38016,1B,Jesus,Jesus Aguilar,Aguilar,6.093939578894413,33,2600,OAK@HOU,OAK,HOU,,,,,,C/1B/UTIL
90601-38112,1B/3B/SS,Gio,Gio Urshela,Urshela,7.253658387719131,41,2600,MIN@LAA,LAA,MIN,,,,,,C/1B/3B/SS/UTIL
90601-146720,3B,Jordan,Jordan Diaz,Diaz,6.099999861283735,22,2600,OAK@HOU,OAK,HOU,,,,,,3B/UTIL
90601-79223,1B,Josh,Josh Naylor,Naylor,8.843243573163006,37,2600,CLE@NYM,CLE,NYM,DTD,Leg,,,,C/1B/UTIL
90601-73159,OF,Mitch,Mitch Haniger,Haniger,6.661111195882161,18,2600,MIA@SF,SF,MIA,,,,,,OF/UTIL
90601-79400,OF,Dylan,Dylan Carlson,Carlson,6.637499809265137,32,2600,LAD@STL,STL,LAD,IL,Ankle,,,,OF/UTIL
90601-71507,1B,Yuli,Yuli Gurriel,Gurriel,7.157692542442908,26,2600,MIA@SF,MIA,SF,,,,,,C/1B/UTIL
90601-163706,2B,Brendan,Brendan Donovan,Donovan,7.228204971704727,39,2600,LAD@STL,STL,LAD,,,,,,2B/UTIL
90601-102365,C,Francisco,Francisco Alvarez,Alvarez,6.6961540809044475,26,2600,CLE@NYM,NYM,CLE,DTD,Undisclosed,,,,C/1B/UTIL
90601-102411,C,Andrew,Andrew Knizner,Knizner,7.333333333333333,21,2500,LAD@STL,STL,LAD,,,,,,C/1B/UTIL
90601-102504,C,Connor,Connor Wong,Wong,7.13225826140373,31,2500,BOS@SD,BOS,SD,,,,,,C/1B/UTIL
90601-102518,3B/1B,Jose,Jose Miranda,Miranda,6.8542855398995535,35,2500,MIN@LAA,MIN,LAA,,,,,,C/1B/3B/UTIL
90601-6273,OF,Michael,Michael Brantley,Brantley,9.009230393629808,65,2500,OAK@HOU,HOU,OAK,IL,Shoulder,,,,OF/UTIL
90601-172216,3B/2B,David,David Villar,Villar,6.45,30,2500,MIA@SF,SF,MIA,,,,,,2B/3B/UTIL
90601-53757,OF,Rob,Rob Refsnyder,Refsnyder,7.340740627712673,27,2500,BOS@SD,BOS,SD,,,,,,OF/UTIL
90601-119337,1B,Michael,Michael Toglia,Toglia,4.133333206176758,3,2500,COL@TEX,COL,TEX,,,,,,C/1B/UTIL
90601-176691,OF,Kerry,Kerry Carpenter,Carpenter,7.980952671595982,21,2500,DET@WSH,DET,WSH,IL,Shoulder,,,,OF/UTIL
90601-119352,2B/3B,Michael,Michael Busch,Busch,7.571428571428571,7,2500,LAD@STL,LAD,STL,,,,,,2B/3B/UTIL
90601-21074,OF,Michael A.,Michael A. Taylor,Taylor,7.075,40,2500,MIN@LAA,MIN,LAA,,,,,,OF/UTIL
90601-12900,1B,Brandon,Brandon Belt,Belt,7.429999796549479,30,2500,BAL@TOR,TOR,BAL,,,,,,C/1B/UTIL
90601-12961,SS,Brandon,Brandon Crawford,Crawford,7.247999877929687,25,2500,MIA@SF,SF,MIA,,,,,,SS/UTIL
90601-12985,OF,Avisail,Avisail Garcia,Garcia,6.236363497647372,22,2500,MIA@SF,MIA,SF,IL,Back,,,,OF/UTIL
90601-146160,2B,Ha-Seong,Ha-Seong Kim,Kim,8.075609904963796,41,2500,BOS@SD,SD,BOS,,,,,,2B/UTIL
90601-68547,OF,Tyler,Tyler O'Neill,O'Neill,6.186206686085668,29,2500,LAD@STL,STL,LAD,IL,Back,,,,OF/UTIL
90601-52164,SS,Adalberto,Adalberto Mondesi,Mondesi,5.53999989827474,15,2500,BOS@SD,BOS,SD,IL,Knee,,,,SS/UTIL
90601-97257,OF,Myles,Myles Straw,Straw,7.616666521344866,42,2500,CLE@NYM,CLE,NYM,,,,,,OF/UTIL
90601-13303,C,Yasmani,Yasmani Grandal,Grandal,7.555263318513569,38,2500,KC@CWS,CWS,KC,,,,,,C/1B/UTIL
90601-38040,OF,Eddie,Eddie Rosario,Rosario,7.2189190838788,37,2500,SEA@ATL,ATL,SEA,,,,,,OF/UTIL
90601-60635,OF,Raimel,Raimel Tapia,Tapia,5.660714285714286,28,2500,BOS@SD,BOS,SD,,,,,,OF/UTIL
90601-38117,OF,Adam,Adam Duvall,Duvall,24.774999618530273,8,2500,BOS@SD,BOS,SD,IL,Wrist,,,,OF/UTIL
90601-5359,SS/2B,Elvis,Elvis Andrus,Andrus,6.607692620693109,39,2500,KC@CWS,CWS,KC,IL,Oblique,,,,2B/SS/UTIL
90601-79152,C,Matt,Matt Thaiss,Thaiss,6.459259033203125,27,2500,MIN@LAA,LAA,MIN,,,,,,C/1B/UTIL
90601-38282,1B,Daniel,Daniel Vogelbach,Vogelbach,6.408571515764509,35,2500,CLE@NYM,NYM,CLE,,,,,,C/1B/UTIL
90601-118218,2B,Zach,Zach McKinstry,McKinstry,7.141176560345818,34,2500,DET@WSH,DET,WSH,,,,,,2B/UTIL
90601-173548,2B,Michael,Michael Massey,Massey,5.6499999196905835,38,2500,KC@CWS,KC,CWS,,,,,,2B/UTIL
90601-95776,OF,Pablo,Pablo Reyes,Reyes,11.280000305175781,5,2500,BOS@SD,BOS,SD,,,,,,OF/UTIL
90601-116450,1B/OF,Seth,Seth Brown,Brown,7.300000190734863,8,2500,OAK@HOU,OAK,HOU,IL,Oblique,,,,C/1B/OF/UTIL
90601-163674,SS,Ezequiel,Ezequiel Tovar,Tovar,7.682499694824219,40,2500,COL@TEX,COL,TEX,,,,,,SS/UTIL
90601-102412,3B,Elehuris,Elehuris Montero,Montero,6.618750095367432,16,2400,COL@TEX,COL,TEX,,,,,,3B/UTIL
90601-102424,SS,Kevin,Kevin Smith,Smith,5.157692542442908,26,2400,OAK@HOU,OAK,HOU,,,,,,SS/UTIL
90601-104511,OF,Kyle,Kyle Garlick,Garlick,6.233333587646484,3,2400,MIN@LAA,MIN,LAA,,,,,,OF/UTIL
90601-102485,OF,Kyle,Kyle Isbel,Isbel,6.9269233116736775,26,2400,KC@CWS,KC,CWS,IL,Hamstring,,,,OF/UTIL
90601-53586,OF,David,David Peralta,Peralta,5.502857317243303,35,2400,LAD@STL,LAD,STL,,,,,,OF/UTIL
90601-49523,1B,Jose,Jose Abreu,Abreu,6.035714285714286,42,2400,OAK@HOU,HOU,OAK,,,,,,C/1B/UTIL
90601-119368,C,Ryan,Ryan Jeffers,Jeffers,6.173913043478261,23,2400,MIN@LAA,MIN,LAA,,,,,,C/1B/UTIL
90601-82563,2B/SS/OF,Garrett,Garrett Hampson,Hampson,5.775862068965517,29,2400,MIA@SF,MIA,SF,,,,,,2B/SS/OF/UTIL
90601-164502,SS,Vaughn,Vaughn Grissom,Grissom,5.921052631578948,19,2400,SEA@ATL,ATL,SEA,,,,,,SS/UTIL
90601-82611,OF,Akil,Akil Baddoo,Baddoo,5.933333333333334,30,2400,DET@WSH,DET,WSH,,,,,,OF/UTIL
90601-82644,OF,Jesus,Jesus Sanchez,Sanchez,7.326666768391927,30,2400,MIA@SF,MIA,SF,IL,Hamstring,,,,OF/UTIL
90601-68471,2B/OF,Tony,Tony Kemp,Kemp,5.710810893290752,37,2400,OAK@HOU,OAK,HOU,,,,,,2B/OF/UTIL
90601-13239,3B,Eduardo,Eduardo Escobar,Escobar,6.857692425067608,26,2400,CLE@NYM,NYM,CLE,,,,,,3B/UTIL
90601-52162,3B/1B,Hunter,Hunter Dozier,Dozier,6.003571646554129,28,2400,KC@CWS,KC,CWS,,,,,,C/1B/3B/UTIL
90601-185303,3B/2B,Jose,Jose Caballero,Caballero,6.965000152587891,20,2400,SEA@ATL,SEA,ATL,,,,,,2B/3B/UTIL
90601-13487,OF,Tommy,Tommy Pham,Pham,5.806451612903226,31,2400,CLE@NYM,NYM,CLE,,,,,,OF/UTIL
90601-83164,OF,Jake,Jake Cave,Cave,7.005000305175781,20,2400,CHC@PHI,PHI,CHC,,,,,,OF/UTIL
90601-60652,2B,Christian,Christian Arroyo,Arroyo,6.51481458875868,27,2400,BOS@SD,BOS,SD,IL,Hamstring,,,,2B/UTIL
90601-146698,OF,Peyton,Peyton Burdick,Burdick,6.436363913796165,11,2400,MIA@SF,MIA,SF,,,,,,OF/UTIL
90601-13596,OF,Trayce,Trayce Thompson,Thompson,5.873333231608073,30,2400,LAD@STL,LAD,STL,,,,,,OF/UTIL
90601-79165,SS/2B,Gavin,Gavin Lux,Lux,7.915671277402052,134,2400,LAD@STL,LAD,STL,IL,Knee,,,,2B/SS/UTIL
90601-79247,3B,Edmundo,Edmundo Sosa,Sosa,6.012499809265137,32,2400,CHC@PHI,PHI,CHC,,,,,,3B/UTIL
90601-79267,3B,Andy,Andy Ibanez,Ibanez,6.4058824426987595,17,2400,DET@WSH,DET,WSH,,,,,,3B/UTIL
90601-101817,2B/SS/OF,Luis,Luis Rengifo,Rengifo,7.348648483688767,37,2400,MIN@LAA,LAA,MIN,,,,,,2B/SS/OF/UTIL
90601-13858,C,Christian,Christian Vazquez,Vazquez,6.353333536783854,30,2400,MIN@LAA,MIN,LAA,,,,,,C/1B/UTIL
90601-165693,OF,Alec,Alec Burleson,Burleson,6.503030487985322,33,2400,LAD@STL,STL,LAD,,,,,,OF/UTIL
90601-165707,OF/SS,Josh,Josh Smith,Smith,5.938709874306956,31,2400,COL@TEX,TEX,COL,,,,,,SS/OF/UTIL
90601-180095,OF,Will,Will Brennan,Brennan,4.891891891891892,37,2400,CLE@NYM,CLE,NYM,,,,,,OF/UTIL
90601-182170,OF,Oscar,Oscar Colas,Colas,5.724000244140625,25,2400,KC@CWS,CWS,KC,,,,,,OF/UTIL
90601-102326,1B,Kody,Kody Clemens,Clemens,5.899999830457899,18,2400,CHC@PHI,PHI,CHC,,,,,,C/1B/UTIL
90601-178304,2B/OF,David,David Hensley,Hensley,4.765384674072266,26,2300,OAK@HOU,HOU,OAK,,,,,,2B/OF/UTIL
90601-84133,OF,Franmil,Franmil Reyes,Reyes,5.447368421052632,19,2300,DET@WSH,WSH,DET,,,,,,OF/UTIL
90601-102577,2B,Santiago,Santiago Espinal,Espinal,5.087499936421712,24,2300,BAL@TOR,TOR,BAL,,,,,,2B/UTIL
90601-16948,2B,Kolten,Kolten Wong,Wong,4.681250095367432,32,2300,SEA@ATL,SEA,ATL,,,,,,2B/UTIL
90601-53844,2B/3B,Matt,Matt Duffy,Duffy,5.445833206176758,24,2300,KC@CWS,KC,CWS,,,,,,2B/3B/UTIL
90601-119404,2B/3B,Nick,Nick Maton,Maton,6.426315709164268,38,2300,DET@WSH,DET,WSH,,,,,,2B/3B/UTIL
90601-82555,3B/SS/OF,Willi,Willi Castro,Castro,4.954545454545454,33,2300,MIN@LAA,MIN,LAA,,,,,,3B/SS/OF/UTIL
90601-12928,1B,Eric,Eric Hosmer,Hosmer,5.883870770854335,31,2300,CHC@PHI,CHC,PHI,,,,,,C/1B/UTIL
90601-54049,2B/SS/3B,Aledmys,Aledmys Diaz,Diaz,4.813793313914332,29,2300,OAK@HOU,OAK,HOU,,,,,,2B/3B/SS/UTIL
90601-52157,C,Tom,Tom Murphy,Murphy,5.306666564941406,15,2300,SEA@ATL,SEA,ATL,,,,,,C/1B/UTIL
90601-13253,C,Martin,Martin Maldonado,Maldonado,5.293548583984375,31,2300,OAK@HOU,HOU,OAK,,,,,,C/1B/UTIL
90601-80852,2B/SS/3B,Ildemaro,Ildemaro Vargas,Vargas,5.084615267240084,13,2300,DET@WSH,WSH,DET,,,,,,2B/3B/SS/UTIL
90601-52182,C,Reese,Reese McGuire,McGuire,4.93076911339393,26,2300,BOS@SD,BOS,SD,,,,,,C/1B/UTIL
90601-97291,2B/SS/OF,Harold,Harold Castro,Castro,5.7333334463614,27,2300,COL@TEX,COL,TEX,,,,,,2B/SS/OF/UTIL
90601-11322,1B/3B,Mike,Mike Moustakas,Moustakas,6.63076899601863,26,2300,COL@TEX,COL,TEX,,,,,,C/1B/3B/UTIL
90601-37983,C,Mike,Mike Zunino,Zunino,5.755172203327048,29,2300,CLE@NYM,CLE,NYM,,,,,,C/1B/UTIL
90601-179362,OF,Dalton,Dalton Guthrie,Guthrie,0.8857142584664481,7,2300,CHC@PHI,PHI,CHC,,,,,,OF/UTIL
90601-83195,OF,Yonathan,Yonathan Daza,Daza,6.087500254313151,24,2300,COL@TEX,COL,TEX,,,,,,OF/UTIL
90601-85254,C,Joey,Joey Bart,Bart,4.869230710543119,26,2300,MIA@SF,SF,MIA,,,,,,C/1B/UTIL
90601-38196,1B,Jake,Jake Lamb,Lamb,5.415789553993626,19,2300,MIN@LAA,LAA,MIN,,,,,,C/1B/UTIL
90601-165559,C,Yainer,Yainer Diaz,Diaz,5.847058913286994,17,2300,OAK@HOU,HOU,OAK,,,,,,C/1B/UTIL
90601-182167,1B,Matt,Matt Mervis,Mervis,6.8599998474121096,10,2300,CHC@PHI,CHC,PHI,,,,,,C/1B/UTIL
90601-102331,3B/2B/SS,Nicky,Nicky Lopez,Lopez,5.22,25,2300,KC@CWS,KC,CWS,IL,Abdomen,,,,2B/3B/SS/UTIL
90601-102347,SS,Livan,Livan Soto,Soto,9.199999809265137,1,2300,MIN@LAA,LAA,MIN,,,,,,SS/UTIL
90601-170471,OF,Oscar,Oscar Gonzalez,Gonzalez,4.1,25,2200,CLE@NYM,CLE,NYM,,,,,,OF/UTIL
90601-82558,OF,Conner,Conner Capel,Capel,5.280769348144531,26,2200,OAK@HOU,OAK,HOU,,,,,,OF/UTIL
90601-82566,3B,Tyler,Tyler Nevin,Nevin,4.420000076293945,10,2200,DET@WSH,DET,WSH,,,,,,3B/UTIL
90601-119439,C,Sam,Sam Huff,Huff,2.5,5,2200,COL@TEX,TEX,COL,,,,,,C/1B/UTIL
90601-162509,1B/OF,Juan,Juan Yepez,Yepez,5.6181817488236865,11,2200,LAD@STL,STL,LAD,,,,,,C/1B/OF/UTIL
90601-82652,OF,Bubba,Bubba Thompson,Thompson,4.455555668583623,27,2200,COL@TEX,TEX,COL,,,,,,OF/UTIL
90601-17167,1B,Brad,Brad Miller,Miller,4.921052631578948,19,2200,COL@TEX,TEX,COL,,,,,,C/1B/UTIL
90601-13188,3B,Jean,Jean Segura,Segura,5.274358896108774,39,2200,MIA@SF,MIA,SF,,,,,,3B/UTIL
90601-52180,OF,Austin,Austin Meadows,Meadows,4.166666666666667,6,2200,DET@WSH,DET,WSH,IL,Personal,,,,OF/UTIL
90601-21584,2B/OF,Rougned,Rougned Odor,Odor,4.3681817488236865,22,2200,BOS@SD,SD,BOS,,,,,,2B/OF/UTIL
90601-13412,1B,Donovan,Donovan Solano,Solano,4.79117629107307,34,2200,MIN@LAA,MIN,LAA,,,,,,C/1B/UTIL
90601-60641,OF/2B,Nick,Nick Gordon,Gordon,4.5911766501034,34,2200,MIN@LAA,MIN,LAA,O,Lower leg,,,,2B/OF/UTIL
90601-109803,C,Austin,Austin Nola,Nola,4.171875,32,2200,BOS@SD,SD,BOS,,,,,,C/1B/UTIL
90601-101753,OF/SS,Dylan,Dylan Moore,Moore,6.83831787109375,107,2200,SEA@ATL,SEA,ATL,IL,Oblique,,,,SS/OF/UTIL
90601-101807,C,Seby,Seby Zavala,Zavala,4.044444331416377,27,2200,KC@CWS,CWS,KC,,,,,,C/1B/UTIL
90601-13771,3B/OF,Josh,Josh Harrison,Harrison,4.014285859607515,21,2200,CHC@PHI,PHI,CHC,,,,,,3B/OF/UTIL
90601-71217,C,Omar,Omar Narvaez,Narvaez,5.6400001525878904,5,2200,CLE@NYM,NYM,CLE,IL,Calf,,,,C/1B/UTIL
90601-161677,C,Nick,Nick Fortes,Fortes,4.599999789533944,29,2200,MIA@SF,MIA,SF,,,,,,C/1B/UTIL
90601-102322,2B/3B,Nick,Nick Madrigal,Madrigal,5.053124904632568,32,2200,CHC@PHI,CHC,PHI,,,,,,2B/3B/UTIL
90601-163772,C,Brett,Brett Sullivan,Sullivan,4.186666615804037,15,2200,BOS@SD,SD,BOS,,,,,,C/1B/UTIL
90601-180208,2B,Miles,Miles Mastrobuoni,Mastrobuoni,3.692857197352818,14,2200,CHC@PHI,CHC,PHI,,,,,,2B/UTIL
90601-116841,2B/OF,Sam,Sam Haggerty,Haggerty,3.3882352043600643,17,2100,SEA@ATL,SEA,ATL,,,,,,2B/OF/UTIL
90601-73832,SS,Joey,Joey Wendle,Wendle,4.658333460489909,12,2100,MIA@SF,MIA,SF,,,,,,SS/UTIL
90601-135284,C,Riley,Riley Adams,Adams,7.112500190734863,8,2100,DET@WSH,WSH,DET,,,,,,C/1B/UTIL
90601-135288,SS,Alan,Alan Trejo,Trejo,5.051613100113407,31,2100,COL@TEX,COL,TEX,,,,,,SS/UTIL
90601-116867,C,Tyler,Tyler Heineman,Heineman,5.066666603088379,3,2100,BAL@TOR,TOR,BAL,,,,,,C/1B/UTIL
90601-135310,C,Chadwick,Chadwick Tromp,Tromp,2.616666634877523,6,2100,SEA@ATL,ATL,SEA,,,,,,C/1B/UTIL
90601-119305,OF,Kyle,Kyle Stowers,Stowers,1.2133333841959635,15,2100,BAL@TOR,BAL,TOR,,,,,,OF/UTIL
90601-16947,2B,Jonathan,Jonathan Schoop,Schoop,3.1538461538461537,26,2100,DET@WSH,DET,WSH,,,,,,2B/UTIL
90601-164513,SS,Joey,Joey Ortiz,Ortiz,4.628571646554129,7,2100,BAL@TOR,BAL,TOR,,,,,,SS/UTIL
90601-82626,OF,Adam,Adam Haseley,Haseley,3.4,20,2100,KC@CWS,CWS,KC,,,,,,OF/UTIL
90601-82642,OF,Heliot,Heliot Ramos,Ramos,3.4111111958821616,9,2100,MIA@SF,SF,MIA,,,,,,OF/UTIL
90601-17171,C,James,James McCann,McCann,5.56315773411801,19,2100,BAL@TOR,BAL,TOR,,,,,,C/1B/UTIL
90601-17198,2B/3B,Tommy,Tommy La Stella,La Stella,3.116666793823242,12,2100,SEA@ATL,SEA,ATL,,,,,,2B/3B/UTIL
90601-68533,OF,Brett,Brett Phillips,Phillips,2.3299999237060547,20,2100,MIN@LAA,LAA,MIN,,,,,,OF/UTIL
90601-13304,C,Tucker,Tucker Barnhart,Barnhart,3.223809378487723,21,2100,CHC@PHI,CHC,PHI,,,,,,C/1B/UTIL
90601-5118,1B,Miguel,Miguel Cabrera,Cabrera,4.063636432994496,22,2100,DET@WSH,DET,WSH,,,,,,C/1B/UTIL
90601-70665,C,Jacob,Jacob Stallings,Stallings,3.0954544760964136,22,2100,MIA@SF,MIA,SF,,,,,,C/1B/UTIL
90601-13390,SS/2B,Miguel,Miguel Rojas,Rojas,3.8923075749323917,26,2100,LAD@STL,LAD,STL,,,,,,2B/SS/UTIL
90601-21637,OF,Jackie,Jackie Bradley Jr.,Bradley Jr.,3.282352896297679,34,2100,KC@CWS,KC,CWS,,,,,,OF/UTIL
90601-79087,2B,Michael,Michael Chavis,Chavis,2.6499998910086497,14,2100,DET@WSH,WSH,DET,,,,,,2B/UTIL
90601-85277,2B,Cavan,Cavan Biggio,Biggio,4.274999936421712,24,2100,BAL@TOR,TOR,BAL,,,,,,2B/UTIL
90601-38297,C,Austin,Austin Barnes,Barnes,3.6714284987676713,21,2100,LAD@STL,LAD,STL,,,,,,C/1B/UTIL
90601-101821,3B,Edwin,Edwin Rios,Rios,3.815384498009315,13,2100,CHC@PHI,CHC,PHI,,,,,,3B/UTIL
90601-118204,OF,Ryan,Ryan McKenna,McKenna,4.087500095367432,32,2100,BAL@TOR,BAL,TOR,,,,,,OF/UTIL
90601-101820,OF,Matt,Matt Beaty,Beaty,2.424999952316284,4,2100,MIA@SF,SF,MIA,,,,,,OF/UTIL
90601-173546,OF,Nate,Nate Eaton,Eaton,1.8136364329944958,22,2100,KC@CWS,KC,CWS,,,,,,OF/UTIL
90601-181820,OF,Brett,Brett Wisely,Wisely,3.368181748823686,22,2100,MIA@SF,SF,MIA,,,,,,OF/UTIL
90601-165544,2B/3B,Lenyn,Lenyn Sosa,Sosa,3.240909229625355,22,2100,KC@CWS,CWS,KC,,,,,,2B/3B/UTIL
90601-163704,OF,Cooper,Cooper Hummel,Hummel,3.0399999618530273,10,2100,SEA@ATL,SEA,ATL,,,,,,OF/UTIL
90601-102380,SS,Nick,Nick Allen,Allen,3.8500000635782876,24,2100,OAK@HOU,OAK,HOU,,,,,,SS/UTIL
90601-102418,OF,Eli,Eli White,White,2.5333333015441895,6,2000,SEA@ATL,ATL,SEA,,,,,,OF/UTIL
90601-79896,C,Luis,Luis Torrens,Torrens,2.692857197352818,14,2000,DET@WSH,WSH,DET,,,,,,C/1B/UTIL
90601-102427,3B,Jordan,Jordan Groshans,Groshans,6.164706061868107,17,2000,MIA@SF,MIA,SF,,,,,,3B/UTIL
90601-104483,1B,Jared,Jared Walsh,Walsh,7.323728917008739,118,2000,MIN@LAA,LAA,MIN,IL,Head,,,,C/1B/UTIL
90601-102453,SS,Zack,Zack Short,Short,3.315384498009315,13,2000,DET@WSH,DET,WSH,,,,,,SS/UTIL
90601-102475,SS,Brayan,Brayan Rocchio,Rocchio,3.1666666666666665,3,2000,CLE@NYM,CLE,NYM,,,,,,SS/UTIL
90601-135260,C,Logan,Logan O'Hoppe,O'Hoppe,10.21875,16,2000,MIN@LAA,LAA,MIN,IL,Shoulder,,,,C/1B/UTIL
90601-82021,C,Tomas,Tomas Nido,Nido,2.175,20,2000,CLE@NYM,NYM,CLE,IL,Impaired vision,,,,C/1B/UTIL
90601-102546,1B/3B/SS,Gabriel,Gabriel Arias,Arias,3.475862174198545,29,2000,CLE@NYM,CLE,NYM,,,,,,C/1B/3B/SS/UTIL
90601-102550,C,Luis,Luis Campusano,Campusano,6.228571210588727,7,2000,BOS@SD,SD,BOS,IL,Thumb,,,,C/1B/UTIL
90601-184480,C,Cesar,Cesar Salazar,Salazar,1.524999976158142,8,2000,OAK@HOU,HOU,OAK,,,,,,C/1B/UTIL
90601-102584,C,Tres,Tres Barrera,Barrera,0,3,2000,LAD@STL,STL,LAD,,,,,,C/1B/UTIL
90601-135364,OF,Jordan,Jordan Walker,Walker,8.905000305175781,20,2000,LAD@STL,STL,LAD,,,,,,OF/UTIL
90601-178382,C,Carlos,Carlos Perez,Perez,1,3,2000,KC@CWS,CWS,KC,,,,,,C/1B/UTIL
90601-82251,OF,Tim,Tim Locastro,Locastro,3.5499998728434243,12,2000,CLE@NYM,NYM,CLE,IL,Back,,,,OF/UTIL
90601-170321,C,Brian,Brian Serven,Serven,1.55,10,2000,COL@TEX,COL,TEX,,,,,,C/1B/UTIL
90601-84401,1B,Brandon,Brandon Dixon,Dixon,1.8399999618530274,5,2000,BOS@SD,SD,BOS,,,,,,C/1B/UTIL
90601-119304,SS,Braden,Braden Shewmake,Shewmake,0,2,2000,SEA@ATL,ATL,SEA,,,,,,SS/UTIL
90601-119333,SS,Tyler,Tyler Freeman,Freeman,4.566666603088379,6,2000,CLE@NYM,CLE,NYM,,,,,,SS/UTIL
90601-158244,3B,Yonny,Yonny Hernandez,Hernandez,0,1,2000,LAD@STL,LAD,STL,,,,,,3B/UTIL
90601-119363,OF,JJ,JJ Bleday,Bleday,8.761538578913761,13,2000,OAK@HOU,OAK,HOU,,,,,,OF/UTIL
90601-80457,OF,Adam,Adam Engel,Engel,0,4,2000,BOS@SD,SD,BOS,,,,,,OF/UTIL
90601-119377,OF,Matt,Matt Wallner,Wallner,2.0333333015441895,6,2000,MIN@LAA,MIN,LAA,,,,,,OF/UTIL
90601-119401,C,Rafael,Rafael Marchan,Marchan,,,2000,CHC@PHI,PHI,CHC,IL,Wrist,,,,C/1B/UTIL
90601-12919,2B/SS,Jose,Jose Iglesias,Iglesias,7.678813352423199,118,2000,BOS@SD,SD,BOS,,,,,,2B/SS/UTIL
90601-176777,OF,Cal,Cal Stevenson,Stevenson,2.0333333015441895,6,2000,MIA@SF,SF,MIA,,,,,,OF/UTIL
90601-119445,C,Israel,Israel Pineda,Pineda,2.299999952316284,4,2000,DET@WSH,WSH,DET,IL,Finger,,,,C/1B/UTIL
90601-21165,C,Roberto,Roberto Perez,Perez,3.1,5,2000,MIA@SF,SF,MIA,IL,Shoulder,,,,C/1B/UTIL
90601-82608,SS,Royce,Royce Lewis,Lewis,8.541666666666666,12,2000,MIN@LAA,MIN,LAA,IL,Knee,,,,SS/UTIL
90601-82616,2B/3B/SS,Luis,Luis Guillorme,Guillorme,3.8607142312186107,28,2000,CLE@NYM,NYM,CLE,,,,,,2B/3B/SS/UTIL
90601-82620,OF,Nick,Nick Solak,Solak,3.200000047683716,1,2000,SEA@ATL,ATL,SEA,,,,,,OF/UTIL
90601-82637,1B,Evan,Evan White,White,,,2000,SEA@ATL,SEA,ATL,IL,Thigh,,,,C/1B/UTIL
90601-17105,C,Sandy,Sandy Leon,Leon,3.3999998910086497,14,2000,COL@TEX,TEX,COL,,,,,,C/1B/UTIL
90601-82659,3B,Carter,Carter Kieboom,Kieboom,,,2000,DET@WSH,WSH,DET,,,,,,3B/UTIL
90601-70518,2B/3B,Taylor,Taylor Motter,Motter,3.4375,8,2000,LAD@STL,STL,LAD,,,,,,2B/3B/UTIL
90601-170879,C,Chris,Chris Okey,Okey,0,2,2000,MIN@LAA,LAA,MIN,,,,,,C/1B/UTIL
90601-13209,C,Manny,Manny Pina,Pina,4.44000015258789,5,2000,OAK@HOU,OAK,HOU,IL,Wrist,,,,C/1B/UTIL
90601-68537,OF/2B/SS,Tyler,Tyler Wade,Wade,3.9200000762939453,10,2000,OAK@HOU,OAK,HOU,,,,,,2B/SS/OF/UTIL
90601-52153,OF,David,David Dahl,Dahl,4.675000190734863,4,2000,BOS@SD,SD,BOS,IL,Quadriceps,,,,OF/UTIL
90601-52158,2B/SS,Trevor,Trevor Story,Story,11.1553188892121,94,2000,BOS@SD,BOS,SD,IL,Elbow,,,,2B/SS/UTIL
90601-68554,SS,Andrew,Andrew Velazquez,Velazquez,5.3312001953125,125,2000,MIN@LAA,LAA,MIN,IL,Undisclosed,,,,SS/UTIL
90601-68582,2B,Brendan,Brendan Rodgers,Rodgers,9.006521916043932,138,2000,COL@TEX,COL,TEX,IL,Shoulder,,,,2B/UTIL
90601-13368,OF,Billy,Billy Hamilton,Hamilton,6.133333206176758,3,2000,KC@CWS,CWS,KC,IL,Hamstring,,,,OF/UTIL
90601-13378,2B/SS,Leury,Leury Garcia,Garcia,4.8747475363991475,99,2000,KC@CWS,CWS,KC,,,,,,2B/SS/UTIL
90601-171112,1B,Sean,Sean Bouchard,Bouchard,9.048148261176216,27,2000,COL@TEX,COL,TEX,IL,Biceps,,,,C/1B/UTIL
90601-13422,OF,Jake,Jake Marisnick,Marisnick,0.4000000059604645,8,2000,KC@CWS,CWS,KC,,,,,,OF/UTIL
90601-13436,C,Max,Max Stassi,Stassi,6.180392396216299,102,2000,MIN@LAA,LAA,MIN,IL,Personal,,,,C/1B/UTIL
90601-38074,OF,Corey,Corey Dickerson,Dickerson,9.475000381469727,4,2000,DET@WSH,WSH,DET,,,,,,OF/UTIL
90601-83143,OF,Oscar,Oscar Mercado,Mercado,16.799999237060547,2,2000,LAD@STL,STL,LAD,,,,,,OF/UTIL
90601-13535,SS/3B,Ehire,Ehire Adrianza,Adrianza,0.5,6,2000,SEA@ATL,ATL,SEA,IL,Elbow,,,,3B/SS/UTIL
90601-83180,C,Meibrys,Meibrys Viloria,Viloria,0.3,10,2000,MIN@LAA,LAA,MIN,,,,,,C/1B/UTIL
90601-83191,C,Austin,Austin Wynns,Wynns,5.409999847412109,10,2000,COL@TEX,COL,TEX,,,,,,C/1B/UTIL
90601-85249,1B,Bobby,Bobby Dalbec,Dalbec,2.6500000953674316,8,2000,BOS@SD,BOS,SD,,,,,,C/1B/UTIL
90601-79112,3B,Yu,Yu Chang,Chang,5.611111111111111,18,2000,BOS@SD,BOS,SD,IL,Wrist,,,,3B/UTIL
90601-79122,3B,Nolan,Nolan Jones,Jones,7.053571428571429,28,2000,COL@TEX,COL,TEX,,,,,,3B/UTIL
90601-85273,3B,Rylan,Rylan Bannon,Bannon,0,2,2000,OAK@HOU,HOU,OAK,,,,,,3B/UTIL
90601-79128,C,Garrett,Garrett Stubbs,Stubbs,4.155555725097656,9,2000,CHC@PHI,PHI,CHC,,,,,,C/1B/UTIL
90601-79130,OF,Jose,Jose Azocar,Azocar,4.584999847412109,20,2000,BOS@SD,SD,BOS,IL,Elbow,,,,OF/UTIL
90601-85279,C,Miguel,Miguel Amaya,Amaya,3.6666666666666665,6,2000,CHC@PHI,CHC,PHI,,,,,,C/1B/UTIL
90601-185632,C,David,David Fry,Fry,2.0333333015441895,6,2000,CLE@NYM,CLE,NYM,,,,,,C/1B/UTIL
90601-79141,1B,Ryan,Ryan O'Hearn,O'Hearn,5.825000127156575,12,2000,BAL@TOR,BAL,TOR,,,,,,C/1B/UTIL
90601-79156,SS,David,David Fletcher,Fletcher,1.1875,8,2000,MIN@LAA,LAA,MIN,,,,,,SS/UTIL
90601-85320,C,Michael,Michael Perez,Perez,9.100000381469727,2,2000,CLE@NYM,NYM,CLE,,,,,,C/1B/UTIL
90601-79211,OF,Mickey,Mickey Moniak,Moniak,14.8,5,2000,MIN@LAA,LAA,MIN,,,,,,OF/UTIL
90601-79215,1B,Rhys,Rhys Hoskins,Hoskins,10.234104046242775,173,2000,CHC@PHI,PHI,CHC,IL,Knee,,,,C/1B/UTIL
90601-152972,2B/3B/SS,Luke,Luke Williams,Williams,2.25,4,2000,LAD@STL,LAD,STL,,,,,,2B/3B/SS/UTIL
90601-181662,OF,Nathan,Nathan Lukes,Lukes,0.7230768937330979,13,2000,BAL@TOR,TOR,BAL,,,,,,OF/UTIL
90601-181790,OF,Diego,Diego Hernandez,Hernandez,,,2000,KC@CWS,KC,CWS,IL,Shoulder,,,,OF/UTIL
90601-175654,OF,Bryce,Bryce Johnson,Johnson,2.7066665649414063,15,2000,MIA@SF,SF,MIA,,,,,,OF/UTIL
90601-181802,3B,Jake,Jake Alu,Alu,4.5,4,2000,DET@WSH,WSH,DET,,,,,,3B/UTIL
90601-181814,2B,Edouard,Edouard Julien,Julien,8.600000381469727,8,2000,MIN@LAA,MIN,LAA,,,,,,2B/UTIL
90601-81506,OF,Jordan,Jordan Luplow,Luplow,1.5499999523162842,4,2000,BAL@TOR,TOR,BAL,,,,,,OF/UTIL
90601-161418,2B/OF,Romy,Romy Gonzalez,Gonzalez,1.7571429298037575,21,2000,KC@CWS,CWS,KC,,,,,,2B/OF/UTIL
90601-81570,C,Cam,Cam Gallagher,Gallagher,1.96875,16,2000,CLE@NYM,CLE,NYM,,,,,,C/1B/UTIL
90601-165550,2B/3B/SS,Ryan,Ryan Kreidler,Kreidler,1.1272726925936611,11,2000,DET@WSH,DET,WSH,IL,Knee,,,,2B/3B/SS/UTIL
90601-163661,SS,Eguy,Eguy Rosario,Rosario,0.8571428571428571,7,2000,BOS@SD,SD,BOS,IL,Ankle,,,,SS/UTIL
90601-104273,C,Anthony,Anthony Bemboom,Bemboom,1,3,2000,BAL@TOR,BAL,TOR,,,,,,C/1B/UTIL
90601-102285,OF,Cristian,Cristian Pache,Pache,3.6333334181043835,18,2000,CHC@PHI,PHI,CHC,IL,Knee,,,,OF/UTIL
90601-171923,1B,Darick,Darick Hall,Hall,4.116666793823242,6,2000,CHC@PHI,PHI,CHC,IL,Thumb,,,,C/1B/UTIL
90601-102288,OF,Drew,Drew Waters,Waters,8.806249618530273,32,2000,KC@CWS,KC,CWS,IL,Oblique,,,,OF/UTIL
90601-102317,SS,Terrin,Terrin Vavra,Vavra,3.7049999237060547,20,2000,BAL@TOR,BAL,TOR,,,,,,SS/UTIL
90601-102320,OF,Luis,Luis Gonzalez,Gonzalez,7.379591961296237,98,2000,MIA@SF,SF,MIA,IL,Back,,,,OF/UTIL
90601-102340,SS,Jeter,Jeter Downs,Downs,3,1,2000,DET@WSH,WSH,DET,,,,,,SS/UTIL
90601-81869,C,Chad,Chad Wallach,Wallach,8.438461303710938,13,2000,MIN@LAA,LAA,MIN,,,,,,C/1B/UTIL
90601-102356,OF,Gilberto,Gilberto Celestino,Celestino,4.819672131147541,122,2000,MIN@LAA,MIN,LAA,IL,Thumb,,,,OF/UTIL
90601-102393,2B,Xavier,Xavier Edwards,Edwards,6.974999904632568,4,2000,MIA@SF,MIA,SF,,,,,,2B/UTIL