Id,Position,First Name,Nickname,Last Name,FPPG,Played,Salary,Game,Team,Opponent,Injury Indicator,Injury Details,Tier,Probable Pitcher,Batting Order,Roster Position
90923-85599,P,Framber,Framber Valdez,Valdez,41.6,10,11600,MIN@HOU,HOU,MIN,,,,,,P
90923-79217,P,Mitch,Mitch Keller,Keller,43,10,11400,PIT@SF,PIT,SF,,,,,,P
90923-162445,P,Spencer,Spencer Strider,Strider,45.1,11,11300,ATL@OAK,ATL,OAK,,,,,,P
90923-102407,P,Shane,Shane McClanahan,McClanahan,41.36363636363637,11,11200,TB@CHC,TB,CHC,,,,Yes,,P
90923-16956,P,Gerrit,Gerrit Cole,Cole,37.63636363636363,11,11100,NYY@SEA,NYY,SEA,,,,,,P
90923-38000,P,Kevin,Kevin Gausman,Gausman,41.18181818181818,11,11100,MIL@TOR,TOR,MIL,,,,,,P
90923-119430,P,Joe,Joe Ryan,Ryan,42.2,11,11000,MIN@HOU,MIN,HOU,,,,Yes,,P
90923-101839,P,Logan,Logan Webb,Webb,39.45454545454545,11,11000,PIT@SF,SF,PIT,,,,,,P
90923-85476,P,Jeffrey,Jeffrey Springs,Springs,45.666666666666664,4,11000,TB@CHC,TB,CHC,IL,Elbow,,,,P
90923-79162,P,Luis,Luis Castillo,Castillo,34.8,10,10800,NYY@SEA,SEA,NYY,,,,,,P
90923-165689,P,Bryce,Bryce Miller,Miller,40.8,5,10800,NYY@SEA,SEA,NYY,,,,,,P
90923-102335,P,Cristian,Cristian Javier,Javier,36.2,10,10800,MIN@HOU,HOU,MIN,,,,,,P
90923-85251,P,Zac,Zac Gallen,Gallen,38.09090909090909,11,10700,COL@ARI,ARI,COL,,,,Yes,,P
90923-119414,P,George,George Kirby,Kirby,36.333333333333336,9,10600,NYY@SEA,SEA,NYY,,,,,,P
90923-5427,P,Clayton,Clayton Kershaw,Kershaw,38.2,10,10600,WSH@LAD,LAD,WSH,,,,,,P
90923-102396,P,Logan,Logan Gilbert,Gilbert,35.7,10,10600,NYY@SEA,SEA,NYY,,,,Yes,,P
90923-5202,P,Justin,Justin Verlander,Verlander,31.25,5,10500,PHI@NYM,NYM,PHI,,,,,0,P
90923-101810,P,Justin,Justin Steele,Steele,34,12,10500,TB@CHC,CHC,TB,,,,,,P
90923-21098,P,James,James Paxton,Paxton,28.333333333333332,3,10400,CIN@BOS,BOS,CIN,,,,,0,P
90923-68482,P,Zach,Zach Eflin,Eflin,35.44444444444444,10,10400,TB@CHC,TB,CHC,,,,,,P
90923-52166,P,Julio,Julio Urias,Urias,29.4,10,10400,WSH@LAD,LAD,WSH,IL,Hamstring,,,,P
90923-146664,P,Bryce,Bryce Elder,Elder,33.1,10,10400,ATL@OAK,ATL,OAK,,,,Yes,,P
90923-119361,P,Drew,Drew Rasmussen,Rasmussen,34,9,10300,TB@CHC,TB,CHC,IL,Elbow,,,,P
90923-146687,P,Hunter,Hunter Brown,Brown,34,9,10300,MIN@HOU,HOU,MIN,,,,,,P
90923-17064,P,Sonny,Sonny Gray,Gray,36.4,11,10200,MIN@HOU,MIN,HOU,,,,,0,P
90923-80582,P,Brandon,Brandon Woodruff,Woodruff,38.5,3,10200,MIL@TOR,MIL,TOR,IL,Shoulder,,,,P
90923-60633,P,Carlos,Carlos Rodon,Rodon,39.41935483870968,31,10200,NYY@SEA,NYY,SEA,IL,Back,,,,P
90923-53067,P,Chris,Chris Bassitt,Bassitt,34.2,10,10200,MIL@TOR,TOR,MIL,,,,,,P
90923-12477,P,Chris,Chris Sale,Sale,33,10,10100,CIN@BOS,BOS,CIN,,,,,0,P
90923-39041,P,Marcus,Marcus Stroman,Stroman,31.90909090909091,11,10000,TB@CHC,CHC,TB,,,,,,P
90923-52198,P,Lucas,Lucas Giolito,Giolito,30.90909090909091,11,10000,LAA@CWS,CWS,LAA,,,,Yes,,P
90923-83152,P,Pablo,Pablo Lopez,Lopez,36.3,10,10000,MIN@HOU,MIN,HOU,,,,,0,P
90923-83190,P,Freddy,Freddy Peralta,Peralta,30.7,11,10000,MIL@TOR,MIL,TOR,,,,,,P
90923-52185,P,Max,Max Fried,Fried,30.2,5,9900,ATL@OAK,ATL,OAK,IL,Forearm,,,,P
90923-101881,P,Merrill,Merrill Kelly,Kelly,34.2,10,9900,COL@ARI,ARI,COL,,,,,0,P
90923-53029,P,Robbie,Robbie Ray,Ray,10,1,9900,NYY@SEA,SEA,NYY,IL,Elbow,,,,P
90923-165698,P,Taj,Taj Bradley,Bradley,31.4,5,9900,TB@CHC,TB,CHC,,,,,,P
90923-82554,P,Shane,Shane Bieber,Bieber,31.636363636363637,11,9800,CLE@BAL,CLE,BAL,,,,,,P
90923-79118,P,Triston,Triston McKenzie,McKenzie,34.6764705882353,34,9800,CLE@BAL,CLE,BAL,IL,Shoulder,,,,P
90923-5466,P,Charlie,Charlie Morton,Morton,34,10,9800,ATL@OAK,ATL,OAK,,,,,,P
90923-79390,P,Michael,Michael Kopech,Kopech,30.5,10,9800,LAA@CWS,CWS,LAA,,,,,,P
90923-145922,P,Tyler,Tyler Wells,Wells,29.3,11,9700,CLE@BAL,BAL,CLE,,,,,,P
90923-82594,P,Dustin,Dustin May,May,27.11111111111111,9,9700,WSH@LAD,LAD,WSH,IL,Forearm,,,,P
90923-60639,P,Jose,Jose Berrios,Berrios,31,10,9700,MIL@TOR,TOR,MIL,,,,,,P
90923-60647,P,Aaron,Aaron Nola,Nola,29.90909090909091,11,9700,PHI@NYM,PHI,NYM,,,,,0,P
90923-135212,P,Luis,Luis Garcia,Garcia,31.6,6,9600,MIN@HOU,HOU,MIN,IL,Elbow,,,,P
90923-145612,P,Bailey,Bailey Ober,Ober,32.666666666666664,6,9600,MIN@HOU,MIN,HOU,,,,,0,P
90923-82604,P,Corbin,Corbin Burnes,Burnes,29.2,10,9600,MIL@TOR,MIL,TOR,,,,,,P
90923-182153,P,Kodai,Kodai Senga,Senga,33.333333333333336,10,9600,PHI@NYM,NYM,PHI,,,,Yes,,P
90923-53607,P,Anthony,Anthony DeSclafani,DeSclafani,29.1,11,9500,PIT@SF,SF,PIT,,,,,,P
90923-16960,P,Zack,Zack Wheeler,Wheeler,32.3,10,9500,PHI@NYM,PHI,NYM,,,,,0,P
90923-82557,P,Aaron,Aaron Civale,Civale,30,2,9500,CLE@BAL,CLE,BAL,IL,Oblique,,,,P
90923-79091,P,Dylan,Dylan Cease,Cease,27.636363636363637,11,9500,LAA@CWS,CWS,LAA,,,,,,P
90923-102343,P,Tony,Tony Gonsolin,Gonsolin,26,6,9400,WSH@LAD,LAD,WSH,,,,Yes,,P
90923-13123,P,Alex,Alex Cobb,Cobb,33.2,11,9300,PIT@SF,SF,PIT,,,,,,P
90923-11354,P,Lance,Lance Lynn,Lynn,29.363636363636363,11,9300,LAA@CWS,CWS,LAA,,,,,,P
90923-185490,P,Logan,Logan Allen,Allen,29.166666666666668,6,9300,CLE@BAL,CLE,BAL,,,,,,P
90923-135648,P,Bobby,Bobby Miller,Miller,33,1,9200,WSH@LAD,LAD,WSH,,,,,,P
90923-82635,P,MacKenzie,MacKenzie Gore,Gore,31,11,9200,WSH@LAD,WSH,LAD,,,,,,P
90923-82535,P,Kyle,Kyle Wright,Wright,16,5,9100,ATL@OAK,ATL,OAK,IL,Shoulder,,,,P
90923-52183,P,Tyler,Tyler Glasnow,Glasnow,25.666666666666668,3,9100,TB@CHC,TB,CHC,,,,,,P
90923-5481,P,Max,Max Scherzer,Scherzer,28.375,8,9100,PHI@NYM,NYM,PHI,,,,,0,P
90923-60644,P,Luis,Luis Severino,Severino,31,2,9000,NYY@SEA,NYY,SEA,,,,,,P
90923-5983,P,Rich,Rich Hill,Hill,27.9,10,9000,PIT@SF,PIT,SF,,,,,,P
90923-102502,P,Josiah,Josiah Gray,Gray,30.7,11,8900,WSH@LAD,WSH,LAD,,,,,,P
90923-12936,P,Kyle,Kyle Gibson,Gibson,27.818181818181817,11,8900,CLE@BAL,BAL,CLE,,,,Yes,,P
90923-179456,P,Louie,Louie Varland,Varland,30.666666666666668,6,8900,MIN@HOU,MIN,HOU,,,,,0,P
90923-62872,P,Vince,Vince Velasquez,Velasquez,30.285714285714285,7,8900,PIT@SF,PIT,SF,IL,Elbow,,,,P
90923-65987,P,Domingo,Domingo German,German,27.88888888888889,10,8800,NYY@SEA,NYY,SEA,,,,,,P
90923-60632,P,Kyle,Kyle Freeland,Freeland,24.90909090909091,11,8800,COL@ARI,COL,ARI,,,,Yes,,P
90923-79109,P,Tyler,Tyler Mahle,Mahle,28.8,6,8800,MIN@HOU,MIN,HOU,IL,Elbow,,,0,P
90923-17087,P,Drew,Drew Smyly,Smyly,31.1,11,8700,TB@CHC,CHC,TB,,,,,,P
90923-52159,P,Lance,Lance McCullers Jr.,McCullers Jr.,34.09090909090909,11,8700,MIN@HOU,HOU,MIN,IL,Forearm,,,,P
90923-185501,P,Tanner,Tanner Bibee,Bibee,28.8,5,8700,CLE@BAL,CLE,BAL,,,,,,P
90923-119329,P,Nick,Nick Lodolo,Lodolo,26.857142857142858,7,8600,CIN@BOS,CIN,BOS,IL,Lower leg,,,0,P
90923-72265,P,Matt,Matt Strahm,Strahm,17.857142857142858,14,8600,PHI@NYM,PHI,NYM,,,,,0,P
90923-163680,P,Brayan,Brayan Bello,Bello,27.857142857142858,7,8600,CIN@BOS,BOS,CIN,,,,Yes,,P
90923-102447,P,Dean,Dean Kremer,Kremer,24.8,11,8500,CLE@BAL,BAL,CLE,,,,,,P
90923-82550,P,Hunter,Hunter Greene,Greene,31.636363636363637,11,8500,CIN@BOS,CIN,BOS,,,,,0,P
90923-82582,P,Griffin,Griffin Canning,Canning,23,7,8500,LAA@CWS,LAA,CWS,,,,,,P
90923-68452,P,Kenta,Kenta Maeda,Maeda,10.5,5,8500,MIN@HOU,MIN,HOU,IL,Triceps,,,0,P
90923-102001,P,Yusei,Yusei Kikuchi,Kikuchi,26.2,10,8500,MIL@TOR,TOR,MIL,,,,Yes,,P
90923-79853,P,Jordan,Jordan Montgomery,Montgomery,27,10,8500,KC@STL,STL,KC,,,,,0,P
90923-12972,P,Wade,Wade Miley,Miley,22.5,9,8400,MIL@TOR,MIL,TOR,IL,Lat,,,,P
90923-82618,P,David,David Peterson,Peterson,19.125,9,8400,PHI@NYM,NYM,PHI,,,,,0,P
90923-70559,P,Mike,Mike Clevinger,Clevinger,24.444444444444443,9,8400,LAA@CWS,CWS,LAA,IL,Wrist,,,,P
90923-135229,P,Reid,Reid Detmers,Detmers,27.375,8,8300,LAA@CWS,LAA,CWS,,,,,,P
90923-102498,P,Patrick,Patrick Sandoval,Sandoval,24.77777777777778,9,8300,LAA@CWS,LAA,CWS,,,,,,P
90923-102515,P,Aaron,Aaron Ashby,Ashby,20.925925925925927,27,8300,MIL@TOR,MIL,TOR,IL,Shoulder,,,,P
90923-82636,P,Joey,Joey Lucchesi,Lucchesi,19,5,8300,PHI@NYM,NYM,PHI,,,,,0,P
90923-82775,P,Nestor,Nestor Cortes,Cortes,26.2,11,8300,NYY@SEA,NYY,SEA,,,,Yes,,P
90923-79226,P,Eric,Eric Lauer,Lauer,22.77777777777778,10,8300,MIL@TOR,MIL,TOR,IL,Shoulder,,,,P
90923-79246,P,Jack,Jack Flaherty,Flaherty,25.1,10,8300,KC@STL,STL,KC,,,,,0,P
90923-21099,P,Jose,Jose Quintana,Quintana,25.545454545454547,33,8200,PHI@NYM,NYM,PHI,IL,Ribs,,,0,P
90923-82540,P,Tanner,Tanner Houck,Houck,25.444444444444443,10,8200,CIN@BOS,BOS,CIN,,,,,0,P
90923-17121,P,Miles,Miles Mikolas,Mikolas,25.09090909090909,11,8200,KC@STL,STL,KC,,,,Yes,,P
90923-181805,P,J.P.,J.P. France,France,25.75,4,8200,MIN@HOU,HOU,MIN,,,,,,P
90923-118397,P,Trevor,Trevor Megill,Megill,8.2,5,8200,MIL@TOR,MIL,TOR,,,,,,P
90923-119441,P,Alek,Alek Manoah,Manoah,19.454545454545453,11,8100,MIL@TOR,TOR,MIL,,,,,,P
90923-79073,P,Michael,Michael Soroka,Soroka,,,8100,ATL@OAK,ATL,OAK,,,,,,P
90923-13664,P,Patrick,Patrick Corbin,Corbin,23.09090909090909,11,8100,WSH@LAD,WSH,LAD,,,,,,P
90923-165520,P,Peyton,Peyton Battenfield,Battenfield,19,7,8100,CLE@BAL,CLE,BAL,IL,Shoulder,,,,P
90923-102484,P,Brandon,Brandon Bielak,Bielak,23.6,5,8000,MIN@HOU,HOU,MIN,,,,Yes,,P
90923-71875,P,Mike,Mike Mayers,Mayers,24.5,2,8000,KC@STL,KC,STL,,,,,0,P
90923-110822,P,Jose,Jose Urquidy,Urquidy,20,6,8000,MIN@HOU,HOU,MIN,IL,Shoulder,,,,P
90923-79072,P,Brad,Brad Keller,Keller,20.22222222222222,10,8000,KC@STL,KC,STL,IL,Shoulder,,,0,P
90923-163700,P,Kyle,Kyle Bradish,Bradish,22.25,9,8000,CLE@BAL,BAL,CLE,,,,,,P
90923-102330,P,Kris,Kris Bubic,Bubic,26.333333333333332,4,8000,KC@STL,KC,STL,IL,Elbow,,,0,P
90923-63781,P,Frankie,Frankie Montas,Montas,26.321428571428573,28,7900,NYY@SEA,NYY,SEA,IL,Shoulder,,,,P
90923-119426,P,Johan,Johan Oviedo,Oviedo,25.5,10,7900,PIT@SF,PIT,SF,,,,Yes,,P
90923-82621,P,Clarke,Clarke Schmidt,Schmidt,22.454545454545453,12,7900,NYY@SEA,NYY,SEA,,,,,,P
90923-163670,P,Cody,Cody Morris,Morris,18.375,8,7900,CLE@BAL,CLE,BAL,IL,Lat,,,,P
90923-102294,P,Grayson,Grayson Rodriguez,Rodriguez,20.5,10,7900,CLE@BAL,BAL,CLE,,,,,,P
90923-135245,P,Tommy,Tommy Henry,Henry,20.166666666666668,6,7800,COL@ARI,ARI,COL,,,,,0,P
90923-79168,P,Walker,Walker Buehler,Buehler,27.5,12,7800,WSH@LAD,LAD,WSH,IL,Elbow,,,,P
90923-163693,P,Adam,Adam Oller,Oller,4.222222222222222,9,7800,ATL@OAK,OAK,ATL,,,,,,P
90923-102408,P,Matthew,Matthew Liberatore,Liberatore,16,3,7700,KC@STL,STL,KC,,,,,0,P
90923-66766,P,Adrian,Adrian Houser,Houser,24.25,4,7700,MIL@TOR,MIL,TOR,,,,Yes,,P
90923-101838,P,JT,JT Brubaker,Brubaker,24.928571428571427,28,7700,PIT@SF,PIT,SF,IL,Elbow,,,,P
90923-165636,P,Hayden,Hayden Wesneski,Wesneski,20,9,7700,TB@CHC,CHC,TB,,,,,,P
90923-165642,P,Mason,Mason Miller,Miller,28.5,4,7700,ATL@OAK,OAK,ATL,IL,Elbow,,,,P
90923-102376,P,Garrett,Garrett Whitlock,Whitlock,19.333333333333332,3,7700,CIN@BOS,BOS,CIN,,,,,0,P
90923-135191,P,Josh,Josh Fleming,Fleming,13.545454545454545,12,7600,TB@CHC,TB,CHC,,,,,,P
90923-68483,P,Trevor,Trevor Williams,Williams,20.9,11,7600,WSH@LAD,WSH,LAD,,,,,,P
90923-52165,P,Sean,Sean Manaea,Manaea,15.818181818181818,12,7600,PIT@SF,SF,PIT,,,,,,P
90923-165508,P,Graham,Graham Ashcraft,Ashcraft,21.6,10,7600,CIN@BOS,CIN,BOS,,,,,0,P
90923-6266,P,Carlos,Carlos Carrasco,Carrasco,14.8,6,7500,PHI@NYM,NYM,PHI,,,,,0,P
90923-119391,P,Roansy,Roansy Contreras,Contreras,23.77777777777778,9,7500,PIT@SF,PIT,SF,,,,,,P
90923-164511,P,Dylan,Dylan Dodd,Dodd,15.5,4,7500,ATL@OAK,ATL,OAK,,,,,,P
90923-52190,P,Marco,Marco Gonzales,Gonzales,19.88888888888889,9,7500,NYY@SEA,SEA,NYY,,,,,,P
90923-135221,P,Cade,Cade Cavalli,Cavalli,10,1,7400,WSH@LAD,WSH,LAD,IL,Elbow,,,,P
90923-119299,P,Drey,Drey Jameson,Jameson,15,6,7400,COL@ARI,ARI,COL,,,,,0,P
90923-80859,P,Paul,Paul Blackburn,Blackburn,24.09090909090909,22,7400,ATL@OAK,OAK,ATL,,,,,,P
90923-154714,P,Tylor,Tylor Megill,Megill,23.6,10,7400,PHI@NYM,NYM,PHI,,,,,0,P
90923-60646,P,Ben,Ben Lively,Lively,26.5,4,7400,CIN@BOS,CIN,BOS,,,,Yes,,P
90923-79228,P,Cal,Cal Quantrill,Quantrill,20.3,10,7400,CLE@BAL,CLE,BAL,,,,Yes,,P
90923-135231,P,Jared,Jared Shuster,Shuster,20.2,6,7300,ATL@OAK,ATL,OAK,,,,,,P
90923-79951,P,Nick,Nick Pivetta,Pivetta,20.9,11,7300,CIN@BOS,BOS,CIN,,,,,0,P
90923-145625,P,Bailey,Bailey Falter,Falter,18,8,7300,PHI@NYM,PHI,NYM,,,,,0,P
90923-135647,P,Ryan,Ryan Pepiot,Pepiot,23.88888888888889,9,7300,WSH@LAD,LAD,WSH,IL,Oblique,,,,P
90923-162419,P,Matt,Matt Brash,Brash,6.615384615384615,26,7300,NYY@SEA,SEA,NYY,,,,,,P
90923-119416,P,Brandon,Brandon Williamson,Williamson,22.5,2,7300,CIN@BOS,CIN,BOS,,,,,0,P
90923-68561,P,Luke,Luke Weaver,Weaver,23.714285714285715,7,7300,CIN@BOS,CIN,BOS,,,,,0,P
90923-97300,P,John,John Means,Means,18,2,7300,CLE@BAL,BAL,CLE,IL,Elbow,,,,P
90923-79172,P,Luis,Luis Ortiz,Ortiz,6.375,8,7300,PHI@NYM,PHI,NYM,,,,,0,P
90923-5522,P,Zack,Zack Greinke,Greinke,19.818181818181817,11,7300,KC@STL,KC,STL,,,,Yes,,P
90923-161465,P,Ryan,Ryan Feltner,Feltner,19,8,7300,COL@ARI,COL,ARI,IL,Head,,,,P
90923-68517,P,Antonio,Antonio Senzatela,Senzatela,11.5,2,7200,COL@ARI,COL,ARI,IL,Elbow,,,,P
90923-163685,P,JP,JP Sears,Sears,24.5,10,7200,ATL@OAK,OAK,ATL,,,,Yes,,P
90923-102458,P,Kutter,Kutter Crawford,Crawford,17.125,10,7100,CIN@BOS,BOS,CIN,,,,,0,P
90923-73880,P,German,German Marquez,Marquez,23.5,4,7100,COL@ARI,COL,ARI,IL,Elbow,,,,P
90923-21097,P,Taijuan,Taijuan Walker,Walker,21.272727272727273,11,7100,PHI@NYM,PHI,NYM,,,,,0,P
90923-64488,P,Colin,Colin Rea,Rea,18.625,8,7100,MIL@TOR,MIL,TOR,,,,,,P
90923-11327,P,Matt,Matt Bush,Bush,2.888888888888889,10,7100,MIL@TOR,MIL,TOR,IL,Shoulder,,,,P
90923-5431,P,Adam,Adam Wainwright,Wainwright,15.25,4,7100,KC@STL,STL,KC,,,,,0,P
90923-79873,P,Dylan,Dylan Covey,Covey,22.5,2,7000,PHI@NYM,PHI,NYM,,,,,0,P
90923-102684,P,Jake,Jake Irvin,Irvin,18.8,5,7000,WSH@LAD,WSH,LAD,,,,Yes,,P
90923-38246,P,Tyler,Tyler Anderson,Anderson,20.666666666666668,9,7000,LAA@CWS,LAA,CWS,,,,Yes,,P
90923-102333,P,Daniel,Daniel Lynch,Lynch,21.185185185185187,27,7000,KC@STL,KC,STL,,,,,0,P
90923-102344,P,Brady,Brady Singer,Singer,18.4,11,7000,KC@STL,KC,STL,,,,,0,P
90923-102375,P,Luis,Luis Medina,Medina,21,4,7000,ATL@OAK,OAK,ATL,,,,,,P
90923-117232,P,Michael,Michael King,King,10.0625,17,6900,NYY@SEA,NYY,SEA,,,,,,P
90923-164497,P,Ryne,Ryne Nelson,Nelson,19.5,10,6900,COL@ARI,ARI,COL,,,,,0,P
90923-82630,P,Shane,Shane Baz,Baz,23.333333333333332,6,6900,TB@CHC,TB,CHC,IL,Elbow,,,,P
90923-82810,P,Elieser,Elieser Hernandez,Hernandez,12.85,20,6900,PHI@NYM,NYM,PHI,IL,Shoulder,,,0,P
90923-53398,P,Kyle,Kyle Hendricks,Hendricks,19,1,6800,TB@CHC,CHC,TB,,,,Yes,,P
90923-102574,P,Jake,Jake Woodford,Woodford,13.714285714285714,7,6800,KC@STL,STL,KC,IL,Shoulder,,,0,P
90923-82539,P,Jalen,Jalen Beeks,Beeks,6.55,21,6800,TB@CHC,TB,CHC,,,,,,P
90923-12918,P,Julio,Julio Teheran,Teheran,27,1,6800,MIL@TOR,MIL,TOR,,,,,,P
90923-12929,P,Jordan,Jordan Lyles,Lyles,15.818181818181818,12,6800,KC@STL,KC,STL,,,,,0,P
90923-10978,P,Stephen,Stephen Strasburg,Strasburg,8,1,6800,WSH@LAD,WSH,LAD,IL,Ribs,,,,P
90923-79147,P,Jakob,Jakob Junis,Junis,11.642857142857142,15,6800,PIT@SF,SF,PIT,,,,,,P
90923-163675,P,Noah,Noah Davis,Davis,15.666666666666666,3,6800,COL@ARI,COL,ARI,IL,Elbow,,,,P
90923-65988,P,Zach,Zach Davies,Davies,15.5,2,6700,COL@ARI,ARI,COL,,,,,0,P
90923-52174,P,Steven,Steven Matz,Matz,19,10,6700,KC@STL,STL,KC,,,,,0,P
90923-118195,P,Tejay,Tejay Antone,Antone,,,6700,CIN@BOS,CIN,BOS,IL,Elbow,,,0,P
90923-102287,P,Kyle,Kyle Muller,Muller,12,10,6700,ATL@OAK,OAK,ATL,,,,,,P
90923-102297,P,Keegan,Keegan Thompson,Thompson,6.714285714285714,15,6700,TB@CHC,CHC,TB,,,,,,P
90923-16961,P,Jameson,Jameson Taillon,Taillon,12.714285714285714,8,6600,TB@CHC,CHC,TB,,,,,,P
90923-82840,P,Yonny,Yonny Chirinos,Chirinos,15,7,6600,TB@CHC,TB,CHC,,,,,,P
90923-52172,P,Noah,Noah Syndergaard,Syndergaard,16,10,6600,WSH@LAD,LAD,WSH,,,,,,P
90923-70649,P,Adrian,Adrian Sampson,Sampson,22.666666666666668,21,6600,TB@CHC,CHC,TB,IL,Knee,,,,P
90923-85269,P,Cole,Cole Irvin,Irvin,8.25,5,6600,CLE@BAL,BAL,CLE,,,,,,P
90923-13627,P,Corey,Corey Kluber,Kluber,17.333333333333332,9,6600,CIN@BOS,BOS,CIN,IL,Personal,,,0,P
90923-104584,P,Zach,Zach Plesac,Plesac,12.4,5,6500,CLE@BAL,CLE,BAL,,,,,,P
90923-38028,P,Alex,Alex Wood,Wood,18.714285714285715,8,6500,PIT@SF,SF,PIT,,,,,,P
90923-181660,P,Jhony,Jhony Brito,Brito,15.4,11,6500,NYY@SEA,NYY,SEA,,,,,,P
90923-118225,P,Cristopher,Cristopher Sanchez,Sanchez,19,1,6500,PHI@NYM,PHI,NYM,,,,,0,P
90923-179725,P,Luis,Luis Ortiz,Ortiz,20,3,6500,PIT@SF,PIT,SF,,,,,,P
90923-175698,P,Hunter,Hunter Gaddis,Gaddis,16.166666666666668,6,6500,CLE@BAL,CLE,BAL,,,,,,P
90923-156227,P,Josh,Josh Winder,Winder,-1,1,6400,MIN@HOU,MIN,HOU,,,,,0,P
90923-83157,P,Ranger,Ranger Suarez,Suarez,12,3,6400,PHI@NYM,PHI,NYM,,,,Yes,,P
90923-101819,P,Jose,Jose Suarez,Suarez,10.666666666666666,6,6400,LAA@CWS,LAA,CWS,IL,Shoulder,,,,P
90923-178415,P,Javier,Javier Assad,Assad,10.571428571428571,8,6300,TB@CHC,CHC,TB,,,,,,P
90923-159099,P,Connor,Connor Overton,Overton,6,3,6300,CIN@BOS,CIN,BOS,IL,Elbow,,,0,P
90923-118206,P,Luis,Luis Gil,Gil,15,1,6300,NYY@SEA,NYY,SEA,IL,Elbow,,,,P
90923-161675,P,Jonathan,Jonathan Heasley,Heasley,5,1,6300,KC@STL,KC,STL,,,,,0,P
90923-145610,P,Angel,Angel Zerpa,Zerpa,16,3,6200,KC@STL,KC,STL,IL,Shoulder,,,0,P
90923-83098,P,Austin,Austin Gomber,Gomber,17.5,10,6200,COL@ARI,COL,ARI,,,,,,P
90923-38161,P,Chase,Chase Anderson,Anderson,14.75,4,6200,COL@ARI,COL,ARI,,,,,,P
90923-163514,P,Adrian,Adrian Martinez,Martinez,7.5,10,6200,ATL@OAK,OAK,ATL,,,,,,P
90923-165634,P,Ken,Ken Waldichuk,Waldichuk,17.4,10,6200,ATL@OAK,OAK,ATL,,,,,,P
90923-163692,P,Jose,Jose Butto,Butto,13,3,6200,PHI@NYM,NYM,PHI,,,,,0,P
90923-82534,P,Bryse,Bryse Wilson,Wilson,8.933333333333334,16,6100,MIL@TOR,MIL,TOR,,,,,,P
90923-79224,P,Chris,Chris Paddack,Paddack,20.6,5,6100,MIN@HOU,MIN,HOU,IL,Elbow,,,0,P
90923-161450,P,Janson,Janson Junk,Junk,8,1,6100,MIL@TOR,MIL,TOR,,,,,,P
90923-182597,P,Shintaro,Shintaro Fujinami,Fujinami,4.5,14,6000,ATL@OAK,OAK,ATL,,,,,,P
90923-119336,P,Karl,Karl Kauffmann,Kauffmann,8.5,2,6000,COL@ARI,COL,ARI,,,,,,P
90923-68485,P,Ryan,Ryan Yarbrough,Yarbrough,7.3,11,6000,KC@STL,KC,STL,IL,Head,,,0,P
90923-68484,P,Chad,Chad Kuhl,Kuhl,10.25,9,6000,WSH@LAD,WSH,LAD,,,,,,P
90923-68490,P,Austin,Austin Voth,Voth,7.294117647058823,19,6000,CLE@BAL,BAL,CLE,,,,,,P
90923-185606,P,Gavin,Gavin Stone,Stone,1.5,2,6000,WSH@LAD,LAD,WSH,,,,,,P
90923-185701,P,Brandon,Brandon Pfaadt,Pfaadt,11.8,5,6000,COL@ARI,ARI,COL,,,,,0,P
90923-177584,P,Xzavion,Xzavion Curry,Curry,10.181818181818182,11,6000,CLE@BAL,CLE,BAL,,,,,,P
90923-102342,P,Michael,Michael Grove,Grove,11.25,4,6000,WSH@LAD,LAD,WSH,IL,Groin,,,,P
90923-68536,P,James,James Kaprielian,Kaprielian,12.125,8,5900,ATL@OAK,OAK,ATL,,,,,,P
90923-163681,P,Josh,Josh Winckowski,Winckowski,8.529411764705882,17,5900,CIN@BOS,BOS,CIN,,,,,0,P
90923-102528,P,Simeon,Simeon Woods Richardson,Woods Richardson,14,1,5800,MIN@HOU,MIN,HOU,,,,,0,P
90923-170174,P,Chase,Chase Silseth,Silseth,10.333333333333334,6,5800,LAA@CWS,LAA,CWS,,,,,,P
90923-53608,P,Jose,Jose Urena,Urena,4.4,5,5800,WSH@LAD,WSH,LAD,,,,,,P
90923-82603,P,Mitch,Mitch White,White,14.44,25,5800,MIL@TOR,TOR,MIL,IL,Shoulder,,,,P
90923-79259,P,Jake,Jake Faria,Faria,,,5800,CIN@BOS,BOS,CIN,,,,,0,P
90923-81490,P,Chris,Chris Flexen,Flexen,8.8,10,5800,NYY@SEA,SEA,NYY,,,,,,P
90923-102440,P,Mike,Mike Baumann,Baumann,6.913043478260869,24,5700,CLE@BAL,BAL,CLE,,,,,,P
90923-102455,P,Cory,Cory Abbott,Abbott,7.5,2,5700,WSH@LAD,WSH,LAD,,,,,,P
90923-55374,P,Drew,Drew Rucinski,Rucinski,4.5,4,5700,ATL@OAK,OAK,ATL,IL,Illness,,,,P
90923-102543,P,Connor,Connor Seabold,Seabold,10.333333333333334,12,5700,COL@ARI,COL,ARI,,,,,,P
90923-6311,P,Madison,Madison Bumgarner,Bumgarner,5.75,4,5700,COL@ARI,ARI,COL,,,,,0,P
90923-164530,P,Caleb,Caleb Kilian,Kilian,1,1,5700,TB@CHC,CHC,TB,,,,,,P
90923-68527,P,Jose,Jose De Leon,De Leon,8.8,5,5700,MIN@HOU,MIN,HOU,,,,,0,P
90923-118180,P,Tucker,Tucker Davidson,Davidson,7.909090909090909,11,5700,LAA@CWS,LAA,CWS,,,,,,P
90923-38311,P,Ross,Ross Stripling,Stripling,10.777777777777779,10,5700,PIT@SF,SF,PIT,IL,Back,,,,P
90923-155315,P,Spenser,Spenser Watkins,Watkins,17.545454545454547,23,5700,CLE@BAL,BAL,CLE,,,,,,P
90923-102505,P,Edwin,Edwin Uceta,Uceta,18,1,5600,PHI@NYM,NYM,PHI,IL,Ankle,,,0,P
90923-37014,P,Hyun Jin,Hyun Jin Ryu,Ryu,15.666666666666666,6,5600,MIL@TOR,TOR,MIL,IL,Elbow,,,,P
90923-80433,P,Dinelson,Dinelson Lamet,Lamet,2.6666666666666665,12,5600,COL@ARI,COL,ARI,IL,Back,,,,P
90923-82546,P,Adbert,Adbert Alzolay,Alzolay,6.473684210526316,20,5600,TB@CHC,CHC,TB,,,,,,P
90923-68528,P,Chase,Chase De Jong,De Jong,2,5,5600,PIT@SF,PIT,SF,,,,,,P
90923-168950,P,Andre,Andre Pallante,Pallante,5.588235294117647,17,5600,KC@STL,STL,KC,,,,,0,P
90923-68653,P,Luis,Luis Cessa,Cessa,5.571428571428571,7,5600,COL@ARI,COL,ARI,,,,,,P
90923-171453,P,Max,Max Castillo,Castillo,11.25,4,5600,KC@STL,KC,STL,,,,,0,P
90923-118216,P,Tyson,Tyson Miller,Miller,5,4,5600,MIL@TOR,MIL,TOR,,,,,,P
90923-163663,P,Calvin,Calvin Faucher,Faucher,5,11,5600,TB@CHC,TB,CHC,,,,,,P
90923-102405,P,Sean,Sean Hjelle,Hjelle,4.9,10,5500,PIT@SF,SF,PIT,,,,,,P
90923-81926,P,Andres,Andres Machado,Machado,3.75,12,5500,WSH@LAD,WSH,LAD,,,,,,P
90923-178184,P,Kevin,Kevin Herget,Herget,8.555555555555555,9,5500,CIN@BOS,CIN,BOS,,,,,0,P
90923-79882,P,Austin,Austin Pruitt,Pruitt,4.545454545454546,11,5500,ATL@OAK,OAK,ATL,,,,,,P
90923-161818,P,Dylan,Dylan Coleman,Coleman,0,5,5500,KC@STL,KC,STL,,,,,0,P
90923-135192,P,Ryan,Ryan Thompson,Thompson,2.8125,17,5500,TB@CHC,TB,CHC,,,,,,P
90923-161827,P,Seth,Seth Martinez,Martinez,5.9375,16,5500,MIN@HOU,HOU,MIN,,,,,,P
90923-155687,P,Andrew,Andrew Wantz,Wantz,7.642857142857143,14,5500,LAA@CWS,LAA,CWS,,,,,,P
90923-102442,P,Freddy,Freddy Tarnok,Tarnok,5,1,5500,ATL@OAK,OAK,ATL,IL,Shoulder,,,,P
90923-102446,P,Tristan,Tristan Beck,Beck,11.5,10,5500,PIT@SF,SF,PIT,,,,,,P
90923-79937,P,Cesar,Cesar Valdez,Valdez,0,1,5500,LAA@CWS,LAA,CWS,,,,,,P
90923-79936,P,Mark,Mark Leiter Jr.,Leiter Jr.,7.4,21,5500,TB@CHC,CHC,TB,,,,,,P
90923-135236,P,Max,Max Kranick,Kranick,13.5,2,5500,PIT@SF,PIT,SF,IL,Elbow,,,,P
90923-135237,P,Nick,Nick Mears,Mears,9,4,5500,COL@ARI,COL,ARI,IL,Oblique,,,,P
90923-102470,P,Rico,Rico Garcia,Garcia,-1,3,5500,ATL@OAK,OAK,ATL,,,,,,P
90923-102474,P,Eli,Eli Morgan,Morgan,7.764705882352941,17,5500,CLE@BAL,CLE,BAL,,,,,,P
90923-102487,P,Austin,Austin Cox,Cox,9,1,5500,KC@STL,KC,STL,,,,,0,P
90923-135253,P,Alex,Alex Vesia,Vesia,3.769230769230769,13,5500,WSH@LAD,LAD,WSH,,,,,,P
90923-102489,P,Carlos,Carlos Hernandez,Hernandez,7.35,21,5500,KC@STL,KC,STL,,,,,0,P
90923-135256,P,Connor,Connor Brogdon,Brogdon,5.956521739130435,23,5500,PHI@NYM,PHI,NYM,,,,,0,P
90923-135262,P,Anthony,Anthony Misiewicz,Misiewicz,4.714285714285714,7,5500,COL@ARI,ARI,COL,IL,Calf,,,0,P
90923-82018,P,Victor,Victor Arano,Arano,4.674418604651163,43,5500,WSH@LAD,WSH,LAD,IL,Shoulder,,,,P
90923-116839,P,David,David Bednar,Bednar,7.166666666666667,18,5500,PIT@SF,PIT,SF,,,,,,P
90923-73835,P,Ty,Ty Blach,Blach,2.5,6,5500,COL@ARI,COL,ARI,,,,,,P
90923-135273,P,Andre,Andre Jackson,Jackson,7.333333333333333,6,5500,WSH@LAD,LAD,WSH,,,,,,P
90923-135279,P,Codi,Codi Heuer,Heuer,,,5500,TB@CHC,CHC,TB,IL,Elbow,,,,P
90923-116847,P,Cole,Cole Sulser,Sulser,5.333333333333333,3,5500,COL@ARI,ARI,COL,IL,Shoulder,,,0,P
90923-161906,P,Dauri,Dauri Moreta,Moreta,7.85,20,5500,PIT@SF,PIT,SF,,,,,,P
90923-161907,P,Dylan,Dylan Lee,Lee,5.75,20,5500,ATL@OAK,ATL,OAK,IL,Shoulder,,,,P
90923-159857,P,Jose,Jose Marte,Marte,4.636363636363637,11,5500,LAA@CWS,LAA,CWS,IL,Elbow,,,,P
90923-135281,P,Bryan,Bryan Baker,Baker,6.208333333333333,24,5500,CLE@BAL,BAL,CLE,,,,,,P
90923-102517,P,Jhoan,Jhoan Duran,Duran,6.555555555555555,18,5500,MIN@HOU,MIN,HOU,,,,,0,P
90923-102523,P,Deivi,Deivi Garcia,Garcia,12,1,5500,NYY@SEA,NYY,SEA,,,,,,P
90923-135303,P,Jordan,Jordan Weems,Weems,8,2,5500,WSH@LAD,WSH,LAD,,,,,,P
90923-116868,P,Gabe,Gabe Speier,Speier,3.7916666666666665,24,5500,NYY@SEA,SEA,NYY,,,,,,P
90923-102536,P,Nick,Nick Nelson,Nelson,6.729166666666667,48,5500,PHI@NYM,PHI,NYM,IL,Hamstring,,,0,P
90923-114827,P,John,John Schreiber,Schreiber,6,19,5500,CIN@BOS,BOS,CIN,IL,Lat,,,0,P
90923-73866,P,Wandy,Wandy Peralta,Peralta,4.92,25,5500,NYY@SEA,NYY,SEA,,,,,,P
90923-73869,P,Joe,Joe Mantiply,Mantiply,5.875,8,5500,COL@ARI,ARI,COL,IL,Hamstring,,,0,P
90923-135309,P,Tyler,Tyler Cyr,Cyr,5.5,2,5500,WSH@LAD,LAD,WSH,IL,Shoulder,,,,P
90923-135312,P,Kyle,Kyle Nelson,Nelson,5.782608695652174,23,5500,COL@ARI,ARI,COL,,,,,0,P
90923-135313,P,Nick,Nick Sandlin,Sandlin,5.421052631578948,19,5500,CLE@BAL,CLE,BAL,,,,,,P
90923-102549,P,Andres,Andres Munoz,Munoz,4.75,4,5500,NYY@SEA,SEA,NYY,IL,Shoulder,,,,P
90923-170135,P,Yennier,Yennier Cano,Cano,7.7272727272727275,22,5500,CLE@BAL,BAL,CLE,,,,,,P
90923-6295,P,Daniel,Daniel Hudson,Hudson,6.28,25,5500,WSH@LAD,LAD,WSH,IL,Knee,,,,P
90923-73882,P,Joely,Joely Rodriguez,Rodriguez,2.3333333333333335,3,5500,CIN@BOS,BOS,CIN,,,,,0,P
90923-102558,P,Gregory,Gregory Santos,Santos,6,24,5500,LAA@CWS,CWS,LAA,,,,,,P
90923-184482,P,Hobie,Hobie Harris,Harris,3.2666666666666666,16,5500,WSH@LAD,WSH,LAD,,,,,,P
90923-80033,P,Emilio,Emilio Pagan,Pagan,6.2631578947368425,21,5500,MIN@HOU,MIN,HOU,DTD,Hip,,,0,P
90923-102560,P,Camilo,Camilo Doval,Doval,7,24,5500,PIT@SF,SF,PIT,,,,,,P
90923-80034,P,Jose,Jose Alvarado,Alvarado,8,14,5500,PHI@NYM,PHI,NYM,IL,Elbow,,,0,P
90923-12452,P,Kenley,Kenley Jansen,Jansen,5.533333333333333,17,5500,CIN@BOS,BOS,CIN,,,,,0,P
90923-12453,P,Fernando,Fernando Abad,Abad,-0.3333333333333333,3,5500,COL@ARI,COL,ARI,,,,,,P
90923-102568,P,Colin,Colin Poche,Poche,4.523809523809524,22,5500,TB@CHC,TB,CHC,,,,,,P
90923-145593,P,Carlos,Carlos Vargas,Vargas,5.2,5,5500,COL@ARI,ARI,COL,,,,,0,P
90923-112841,P,Jose,Jose Rodriguez,Rodriguez,3,1,5500,NYY@SEA,SEA,NYY,,,,,,P
90923-145609,P,Peter,Peter Solomon,Solomon,0.8,5,5500,COL@ARI,ARI,COL,,,,,0,P
90923-145627,P,Lucas,Lucas Gilbreath,Gilbreath,4.956521739130435,47,5500,COL@ARI,COL,ARI,IL,Elbow,,,,P
90923-145629,P,Mason,Mason Thompson,Thompson,6.8,20,5500,WSH@LAD,WSH,LAD,,,,,,P
90923-178411,P,Michael,Michael Plassmeyer,Plassmeyer,17,2,5500,PHI@NYM,PHI,NYM,,,,,0,P
90923-110824,P,Trevor,Trevor Kelley,Kelley,3,5,5500,TB@CHC,TB,CHC,,,,,,P
90923-170254,P,Colin,Colin Holderman,Holderman,5.7368421052631575,19,5500,PIT@SF,PIT,SF,,,,,,P
90923-65817,P,Scott,Scott McGough,McGough,5.958333333333333,25,5500,COL@ARI,ARI,COL,,,,,0,P
90923-53550,P,Alex,Alex Reyes,Reyes,,,5500,WSH@LAD,LAD,WSH,IL,Shoulder,,,,P
90923-180540,P,Easton,Easton McGee,McGee,30,1,5500,NYY@SEA,SEA,NYY,IL,Elbow,,,,P
90923-117065,P,James,James Karinchak,Karinchak,5.458333333333333,25,5500,CLE@BAL,CLE,BAL,,,,,,P
90923-170323,P,Nick,Nick Vespi,Vespi,6.28,25,5500,CLE@BAL,BAL,CLE,,,,,,P
90923-170324,P,Brandon,Brandon Hughes,Hughes,4.6923076923076925,13,5500,TB@CHC,CHC,TB,,,,,,P
90923-153961,P,Tayler,Tayler Saucedo,Saucedo,6,11,5500,NYY@SEA,SEA,NYY,,,,,,P
90923-57717,P,Buck,Buck Farmer,Farmer,6,21,5500,CIN@BOS,CIN,BOS,,,,,0,P
90923-61858,P,Raisel,Raisel Iglesias,Iglesias,5.444444444444445,9,5500,ATL@OAK,ATL,OAK,,,,,,P
90923-57770,P,Alex,Alex Claudio,Claudio,1,1,5500,MIL@TOR,MIL,TOR,,,,,,P
90923-65968,P,Silvino,Silvino Bracho,Bracho,4.75,4,5500,CIN@BOS,CIN,BOS,,,,,0,P
90923-158134,P,Stephen,Stephen Ridings,Ridings,,,5500,PHI@NYM,NYM,PHI,IL,Lat,,,0,P
90923-80313,P,Keynan,Keynan Middleton,Middleton,6.4,20,5500,LAA@CWS,CWS,LAA,,,,,,P
90923-84431,P,Dereck,Dereck Rodriguez,Rodriguez,-1,1,5500,ATL@OAK,ATL,OAK,,,,,,P
90923-80345,P,Reyes,Reyes Moronta,Moronta,3.5,2,5500,LAA@CWS,LAA,CWS,,,,,,P
90923-80346,P,Giovanny,Giovanny Gallegos,Gallegos,5.8,20,5500,KC@STL,STL,KC,,,,,0,P
90923-84452,P,Caleb,Caleb Ferguson,Ferguson,6.333333333333333,21,5500,WSH@LAD,LAD,WSH,,,,,,P
90923-170491,P,Chad,Chad Smith,Smith,4.714285714285714,8,5500,ATL@OAK,OAK,ATL,,,,,,P
90923-145916,P,Zach,Zach Pop,Pop,3.933333333333333,15,5500,MIL@TOR,TOR,MIL,IL,Hamstring,,,,P
90923-184829,P,McKinley,McKinley Moore,Moore,-1.6666666666666667,3,5500,PHI@NYM,PHI,NYM,,,,,0,P
90923-119298,P,Luis,Luis Frias,Frias,0.3333333333333333,4,5500,COL@ARI,ARI,COL,,,,,0,P
90923-119310,P,Noah,Noah Song,Song,,,5500,PHI@NYM,PHI,NYM,IL,Back,,,0,P
90923-170514,P,Jose,Jose Cuas,Cuas,5.958333333333333,24,5500,KC@STL,KC,STL,,,,,0,P
90923-170512,P,Peter,Peter Strzelecki,Strzelecki,4.826086956521739,23,5500,MIL@TOR,MIL,TOR,,,,,,P
90923-119316,P,Thaddeus,Thaddeus Ward,Ward,5.6923076923076925,14,5500,WSH@LAD,WSH,LAD,,,,,,P
90923-162328,P,Reiver,Reiver Sanmartin,Sanmartin,4.153846153846154,14,5500,CIN@BOS,CIN,BOS,IL,Elbow,,,0,P
90923-170527,P,Jason,Jason Alexander,Alexander,13.333333333333334,18,5500,MIL@TOR,MIL,TOR,IL,Shoulder,,,,P
90923-119328,P,Packy,Packy Naughton,Naughton,7.5,4,5500,KC@STL,STL,KC,IL,Forearm,,,0,P
90923-178743,P,Nick,Nick Padilla,Padilla,6,1,5500,LAA@CWS,CWS,LAA,,,,,,P
90923-119359,P,Ethan,Ethan Small,Small,9,1,5500,MIL@TOR,MIL,TOR,,,,,,P
90923-139851,P,Justin,Justin Topa,Topa,4.55,21,5500,NYY@SEA,SEA,NYY,,,,,,P
90923-80460,P,John,John Brebbia,Brebbia,6.260869565217392,23,5500,PIT@SF,SF,PIT,,,,Yes,,P
90923-16982,P,Ryan,Ryan Tepera,Tepera,4.7,10,5500,LAA@CWS,LAA,CWS,,,,,,P
90923-16986,P,Alex,Alex Colome,Colome,2.25,4,5500,LAA@CWS,CWS,LAA,,,,,,P
90923-16989,P,Wilking,Wilking Rodriguez,Rodriguez,,,5500,KC@STL,STL,KC,IL,Shoulder,,,0,P
90923-16994,P,Lucas,Lucas Luetge,Luetge,3.5555555555555554,9,5500,ATL@OAK,ATL,OAK,,,,,,P
90923-186986,P,Eduardo,Eduardo Salazar,Salazar,4.5,2,5500,CIN@BOS,CIN,BOS,,,,,0,P
90923-82537,P,DL,DL Hall,Hall,24,1,5500,CLE@BAL,BAL,CLE,,,,,,P
90923-21096,P,Erasmo,Erasmo Ramirez,Ramirez,3.95,21,5500,WSH@LAD,WSH,LAD,,,,,,P
90923-184943,P,Jesse,Jesse Scholtens,Scholtens,16.5,3,5500,LAA@CWS,CWS,LAA,,,,,,P
90923-119406,P,Cody,Cody Bolton,Bolton,8,3,5500,PIT@SF,PIT,SF,,,,,,P
90923-82547,P,Thomas,Thomas Hatch,Hatch,6.5,2,5500,MIL@TOR,TOR,MIL,,,,,,P
90923-53876,P,Spencer,Spencer Patton,Patton,1.75,4,5500,ATL@OAK,OAK,ATL,,,,,,P
90923-119415,P,Juan,Juan Then,Then,3.5714285714285716,7,5500,NYY@SEA,SEA,NYY,,,,,,P
90923-82552,P,Tony,Tony Santillan,Santillan,4.3,21,5500,CIN@BOS,CIN,BOS,IL,Knee,,,0,P
90923-119423,P,Zack,Zack Thompson,Thompson,7,11,5500,KC@STL,STL,KC,,,,,0,P
90923-70271,P,Carlos,Carlos Estevez,Estevez,6.818181818181818,22,5500,LAA@CWS,LAA,CWS,,,,,,P
90923-82564,P,Yency,Yency Almonte,Almonte,3.272727272727273,22,5500,WSH@LAD,LAD,WSH,,,,,,P
90923-62087,P,Miguel,Miguel Castro,Castro,5.2,25,5500,COL@ARI,ARI,COL,,,,,0,P
90923-82572,P,Gregory,Gregory Soto,Soto,4.625,25,5500,PHI@NYM,PHI,NYM,,,,,0,P
90923-12943,P,Shelby,Shelby Miller,Miller,6.473684210526316,19,5500,WSH@LAD,LAD,WSH,,,,,,P
90923-12946,P,Matt,Matt Moore,Moore,6.545454545454546,22,5500,LAA@CWS,LAA,CWS,IL,Oblique,,,,P
90923-82583,P,Hector,Hector Perez,Perez,,,5500,TB@CHC,TB,CHC,,,,,,P
90923-82584,P,J.B.,J.B. Bukauskas,Bukauskas,3,1,5500,MIL@TOR,MIL,TOR,IL,Neck,,,,P
90923-82587,P,Richard,Richard Lovelady,Lovelady,4.823529411764706,17,5500,ATL@OAK,OAK,ATL,,,,,,P
90923-82591,P,Chris,Chris Rodriguez,Rodriguez,,,5500,LAA@CWS,LAA,CWS,IL,Shoulder,,,,P
90923-82592,P,Dennis,Dennis Santana,Santana,5.875,9,5500,PHI@NYM,NYM,PHI,,,,,0,P
90923-17065,P,Blake,Blake Treinen,Treinen,6.5,6,5500,WSH@LAD,LAD,WSH,IL,Shoulder,,,,P
90923-80571,P,Phil,Phil Maton,Maton,6.95,20,5500,MIN@HOU,HOU,MIN,,,,,,P
90923-80570,P,Jimmy,Jimmy Yacabonis,Yacabonis,7.2,5,5500,PHI@NYM,NYM,PHI,,,,,0,P
90923-82627,P,JoJo,JoJo Romero,Romero,5.333333333333333,6,5500,KC@STL,STL,KC,,,,,0,P
90923-17094,P,Jake,Jake Diekman,Diekman,2.8,20,5500,TB@CHC,TB,CHC,,,,,,P
90923-170699,P,Matt,Matt Gage,Gage,7,3,5500,MIN@HOU,HOU,MIN,,,,,,P
90923-17100,P,Jeurys,Jeurys Familia,Familia,2.7142857142857144,14,5500,ATL@OAK,OAK,ATL,,,,,,P
90923-82639,P,Ryan,Ryan Helsley,Helsley,7.666666666666667,18,5500,KC@STL,STL,KC,,,,,0,P
90923-82638,P,Jordan,Jordan Hicks,Hicks,6.4,20,5500,KC@STL,STL,KC,,,,,0,P
90923-21210,P,Mychal,Mychal Givens,Givens,2.3333333333333335,3,5500,CLE@BAL,BAL,CLE,,,,,,P
90923-82653,P,Ryan,Ryan Borucki,Borucki,3.3225806451612905,32,5500,PIT@SF,PIT,SF,,,,,,P
90923-82657,P,Wil,Wil Crowe,Crowe,8.2,5,5500,PIT@SF,PIT,SF,IL,Shoulder,,,,P
90923-82656,P,Nate,Nate Pearson,Pearson,7.363636363636363,11,5500,MIL@TOR,TOR,MIL,,,,,,P
90923-187105,P,Joe,Joe La Sorsa,La Sorsa,,,5500,TB@CHC,TB,CHC,,,,,,P
90923-187110,P,Ben,Ben Joyce,Joyce,,,5500,LAA@CWS,LAA,CWS,,,,,,P
90923-53990,P,Shawn,Shawn Armstrong,Armstrong,6.235294117647059,51,5500,TB@CHC,TB,CHC,IL,Neck,,,,P
90923-84727,P,Drew,Drew Smith,Smith,6.368421052631579,19,5500,PHI@NYM,NYM,PHI,,,,,0,P
90923-84731,P,Evan,Evan Phillips,Phillips,6.15,20,5500,WSH@LAD,LAD,WSH,,,,,,P
90923-135976,P,Bennett,Bennett Sousa,Sousa,5,1,5500,MIL@TOR,MIL,TOR,,,,,,P
90923-135977,P,Garrett,Garrett Crochet,Crochet,3.5,4,5500,LAA@CWS,CWS,LAA,,,,,,P
90923-178997,P,Greg,Greg Weissert,Weissert,4.4,5,5500,NYY@SEA,NYY,SEA,,,,,,P
90923-13118,P,Justin,Justin Wilson,Wilson,5.8,5,5500,MIL@TOR,MIL,TOR,IL,Elbow,,,,P
90923-11108,P,Aroldis,Aroldis Chapman,Chapman,6.85,21,5500,KC@STL,KC,STL,,,,,0,P
90923-70510,P,Zach,Zach Neal,Neal,5,2,5500,ATL@OAK,OAK,ATL,,,,,,P
90923-54130,P,Ryan,Ryan Weber,Weber,6.666666666666667,6,5500,NYY@SEA,NYY,SEA,,,,,,P
90923-70517,P,Chad,Chad Green,Green,6,14,5500,MIL@TOR,TOR,MIL,IL,Elbow,,,,P
90923-15221,P,Tommy,Tommy Milone,Milone,20,1,5500,NYY@SEA,SEA,NYY,,,,,,P
90923-15225,P,Liam,Liam Hendriks,Hendriks,6.862068965517241,58,5500,LAA@CWS,CWS,LAA,,,,,,P
90923-68477,P,Jake,Jake Reed,Reed,-13,1,5500,WSH@LAD,LAD,WSH,,,,,,P
90923-68476,P,Taylor,Taylor Rogers,Rogers,4.25,23,5500,PIT@SF,SF,PIT,,,,,,P
90923-170891,P,Davis,Davis Daniel,Daniel,,,5500,LAA@CWS,LAA,CWS,IL,Shoulder,,,,P
90923-68491,P,Reynaldo,Reynaldo Lopez,Lopez,4.5,25,5500,LAA@CWS,CWS,LAA,,,,,,P
90923-170895,P,Jake,Jake Bird,Bird,7.4,25,5500,COL@ARI,COL,ARI,,,,,,P
90923-23437,P,Brooks,Brooks Raley,Raley,4.285714285714286,21,5500,PHI@NYM,NYM,PHI,,,,,0,P
90923-80791,P,Alan,Alan Busenitz,Busenitz,3.75,4,5500,CIN@BOS,CIN,BOS,,,,,0,P
90923-68507,P,Duane,Duane Underwood Jr.,Underwood Jr.,3.8421052631578947,19,5500,PIT@SF,PIT,SF,,,,,,P
90923-68510,P,Amir,Amir Garrett,Garrett,4.956521739130435,23,5500,KC@STL,KC,STL,,,,,0,P
90923-80801,P,Hoby,Hoby Milner,Milner,3.4782608695652173,24,5500,MIL@TOR,MIL,TOR,,,,,,P
90923-68515,P,Sam,Sam Moll,Moll,3.4782608695652173,23,5500,ATL@OAK,OAK,ATL,,,,,,P
90923-68520,P,Michael,Michael Fulmer,Fulmer,3.5454545454545454,22,5500,TB@CHC,CHC,TB,,,,,,P
90923-168872,P,Ronel,Ronel Blanco,Blanco,7.333333333333333,9,5500,MIN@HOU,HOU,MIN,,,,,,P
90923-179118,P,Zack,Zack Kelly,Kelly,5.166666666666667,6,5500,CIN@BOS,BOS,CIN,IL,Elbow,,,0,P
90923-52141,P,Lucas,Lucas Sims,Sims,5.5,16,5500,CIN@BOS,CIN,BOS,,,,,0,P
90923-52143,P,Hunter,Hunter Harvey,Harvey,6.304347826086956,23,5500,WSH@LAD,WSH,LAD,,,,,,P
90923-52146,P,Carl,Carl Edwards Jr.,Edwards Jr.,4.208333333333333,25,5500,WSH@LAD,WSH,LAD,,,,,,P
90923-68530,P,Jarlin,Jarlin Garcia,Garcia,5.142857142857143,58,5500,PIT@SF,PIT,SF,IL,Biceps,,,,P
90923-52148,P,Pierce,Pierce Johnson,Johnson,4.6521739130434785,23,5500,COL@ARI,COL,ARI,,,,,,P
90923-70585,P,Richard,Richard Bleier,Bleier,3.3157894736842106,20,5500,CIN@BOS,BOS,CIN,IL,Shoulder,,,0,P
90923-52152,P,Robert,Robert Stephenson,Stephenson,3.8125,16,5500,PIT@SF,PIT,SF,,,,,,P
90923-175032,P,Brennan,Brennan Bernardino,Bernardino,5.2727272727272725,11,5500,CIN@BOS,BOS,CIN,,,,,0,P
90923-179129,P,Jeremiah,Jeremiah Estrada,Estrada,8.571428571428571,7,5500,TB@CHC,CHC,TB,,,,,,P
90923-68548,P,Edwin,Edwin Diaz,Diaz,8.65625,64,5500,PHI@NYM,NYM,PHI,IL,Knee,,,0,P
90923-68552,P,Sam,Sam Coonrod,Coonrod,3.4166666666666665,12,5500,PHI@NYM,NYM,PHI,IL,Lat,,,0,P
90923-68556,P,Dillon,Dillon Tate,Tate,5.223880597014926,67,5500,CLE@BAL,BAL,CLE,IL,Forearm,,,,P
90923-82911,P,Adam,Adam Cimber,Cimber,2.7857142857142856,14,5500,MIL@TOR,TOR,MIL,,,,,,P
90923-52192,P,Luke,Luke Jackson,Jackson,,,5500,PIT@SF,SF,PIT,IL,Elbow,,,,P
90923-70624,P,Chris,Chris Stratton,Stratton,7.571428571428571,21,5500,KC@STL,STL,KC,,,,,0,P
90923-82921,P,Zack,Zack Weiss,Weiss,7,2,5500,LAA@CWS,LAA,CWS,,,,,,P
90923-82922,P,Tyler,Tyler Kinley,Kinley,6.12,25,5500,COL@ARI,COL,ARI,IL,Elbow,,,,P
90923-68590,P,Javy,Javy Guerra,Guerra,2.642857142857143,14,5500,TB@CHC,TB,CHC,,,,,,P
90923-82935,P,Trevor,Trevor Richards,Richards,8.6,16,5500,MIL@TOR,TOR,MIL,,,,,,P
90923-13312,P,Ryan,Ryan Brasier,Brasier,3.6,20,5500,CIN@BOS,BOS,CIN,,,,,0,P
90923-168965,P,Tanner,Tanner Banks,Banks,7.5,4,5500,LAA@CWS,CWS,LAA,,,,,,P
90923-82974,P,Tanner,Tanner Rainey,Rainey,5.896551724137931,29,5500,WSH@LAD,WSH,LAD,IL,Elbow,,,,P
90923-82986,P,Colten,Colten Brewer,Brewer,8.333333333333334,3,5500,NYY@SEA,NYY,SEA,,,,,,P
90923-82999,P,Scott,Scott Barlow,Barlow,6.5,19,5500,KC@STL,KC,STL,,,,,0,P
90923-82998,P,Lou,Lou Trivino,Trivino,4.794117647058823,69,5500,NYY@SEA,NYY,SEA,IL,Elbow,,,,P
90923-154688,P,Jake,Jake Cousins,Cousins,5.285714285714286,7,5500,MIL@TOR,MIL,TOR,,,,,,P
90923-58434,P,Kendall,Kendall Graveman,Graveman,5.0476190476190474,21,5500,LAA@CWS,CWS,LAA,,,,,,P
90923-169030,P,Zach,Zach Jackson,Jackson,6.315789473684211,19,5500,ATL@OAK,OAK,ATL,IL,Elbow,,,,P
90923-11333,P,Craig,Craig Kimbrel,Kimbrel,6.136363636363637,22,5500,PHI@NYM,PHI,NYM,,,,,0,P
90923-11335,P,Jay,Jay Jackson,Jackson,4,3,5500,MIL@TOR,TOR,MIL,,,,,,P
90923-179275,P,Fernando,Fernando Cruz,Cruz,7.545454545454546,11,5500,CIN@BOS,CIN,BOS,,,,,0,P
90923-13404,P,Anthony,Anthony Bass,Bass,3.6315789473684212,19,5500,MIL@TOR,TOR,MIL,,,,,,P
90923-85108,P,Enyel,Enyel De Los Santos,De Los Santos,5.428571428571429,21,5500,CLE@BAL,CLE,BAL,,,,,,P
90923-54403,P,Trevor,Trevor Gott,Gott,5.695652173913044,24,5500,NYY@SEA,SEA,NYY,,,,,,P
90923-158858,P,Justin,Justin Bruihl,Bruihl,5.153846153846154,13,5500,WSH@LAD,LAD,WSH,,,,,,P
90923-179339,P,Bryce,Bryce Montes de Oca,Montes de Oca,5.333333333333333,3,5500,PHI@NYM,NYM,PHI,IL,Elbow,,,0,P
90923-81044,P,Austin,Austin Adams,Adams,3.5,2,5500,COL@ARI,ARI,COL,,,,,0,P
90923-21653,P,Hector,Hector Neris,Neris,7.1,20,5500,MIN@HOU,HOU,MIN,,,,,,P
90923-38041,P,Ryan,Ryan Pressly,Pressly,4.4,20,5500,MIN@HOU,HOU,MIN,,,,,,P
90923-81052,P,Andrew,Andrew Kittredge,Kittredge,5.823529411764706,17,5500,TB@CHC,TB,CHC,IL,Elbow,,,,P
90923-152733,P,Griffin,Griffin Jax,Jax,5,23,5500,MIN@HOU,MIN,HOU,,,,,0,P
90923-13479,P,Joe,Joe Kelly,Kelly,6.714285714285714,14,5500,LAA@CWS,CWS,LAA,,,,,,P
90923-85164,P,Matt,Matt Festa,Festa,4.333333333333333,3,5500,NYY@SEA,SEA,NYY,,,,,,P
90923-83116,P,Wander,Wander Suero,Suero,5.75,4,5500,WSH@LAD,LAD,WSH,,,,,,P
90923-62641,P,Andrew,Andrew Bellatti,Bellatti,4.133333333333334,15,5500,PHI@NYM,PHI,NYM,,,,,0,P
90923-21682,P,Aaron,Aaron Loup,Loup,2.1538461538461537,13,5500,LAA@CWS,LAA,CWS,,,,,,P
90923-160965,P,Elvis,Elvis Peguero,Peguero,6.166666666666667,12,5500,MIL@TOR,MIL,TOR,,,,,,P
90923-66765,P,Jorge,Jorge Lopez,Lopez,4.826086956521739,23,5500,MIN@HOU,MIN,HOU,,,,,0,P
90923-83159,P,Diego,Diego Castillo,Castillo,3.625,8,5500,NYY@SEA,SEA,NYY,,,,,,P
90923-83158,P,Seranthony,Seranthony Dominguez,Dominguez,4.7727272727272725,24,5500,PHI@NYM,PHI,NYM,,,,,0,P
90923-83163,P,Jonathan,Jonathan Loaisiga,Loaisiga,3.3333333333333335,3,5500,NYY@SEA,NYY,SEA,IL,Elbow,,,,P
90923-79067,P,Alex,Alex Young,Young,5.476190476190476,21,5500,CIN@BOS,CIN,BOS,,,,,0,P
90923-38106,P,Kirby,Kirby Yates,Yates,5.894736842105263,20,5500,ATL@OAK,ATL,OAK,,,,,,P
90923-79066,P,Anthony,Anthony Banda,Banda,3,11,5500,WSH@LAD,WSH,LAD,,,,,,P
90923-79071,P,Taylor,Taylor Clarke,Clarke,6.523809523809524,22,5500,KC@STL,KC,STL,,,,,0,P
90923-83166,P,Zack,Zack Littell,Littell,3.1666666666666665,6,5500,TB@CHC,TB,CHC,IL,Shoulder,,,,P
90923-60640,P,Nick,Nick Burdi,Burdi,4,3,5500,TB@CHC,CHC,TB,IL,Abdomen,,,,P
90923-79076,P,Kolby,Kolby Allard,Allard,7.5,10,5500,ATL@OAK,ATL,OAK,IL,Oblique,,,,P
90923-136424,P,Jake,Jake Brentz,Brentz,0.14285714285714285,8,5500,KC@STL,KC,STL,IL,Elbow,,,0,P
90923-79085,P,Keegan,Keegan Akin,Akin,3.9166666666666665,13,5500,CLE@BAL,BAL,CLE,,,,,,P
90923-60656,P,Jeff,Jeff Hoffman,Hoffman,8.428571428571429,7,5500,PHI@NYM,PHI,NYM,,,,,0,P
90923-83184,P,Julian,Julian Merryweather,Merryweather,5.5,21,5500,TB@CHC,CHC,TB,,,,,,P
90923-5370,P,Daniel,Daniel Bard,Bard,6.076923076923077,13,5500,COL@ARI,COL,ARI,,,,,,P
90923-79101,P,Zack,Zack Burdi,Burdi,4,3,5500,WSH@LAD,LAD,WSH,,,,,,P
90923-79107,P,Vladimir,Vladimir Gutierrez,Gutierrez,11,10,5500,CIN@BOS,CIN,BOS,IL,Elbow,,,0,P
90923-21764,P,Caleb,Caleb Thielbar,Thielbar,4.909090909090909,11,5500,MIN@HOU,MIN,HOU,IL,Oblique,,,0,P
90923-72971,P,Ben,Ben Heller,Heller,,,5500,TB@CHC,TB,CHC,,,,,,P
90923-85258,P,James,James Naile,Naile,3.3333333333333335,3,5500,KC@STL,STL,KC,,,,,0,P
90923-146702,P,Cole,Cole Sands,Sands,10.2,6,5500,MIN@HOU,MIN,HOU,,,,,0,P
90923-79117,P,Peter,Peter Lambert,Lambert,12,5,5500,COL@ARI,COL,ARI,,,,,,P
90923-79116,P,Riley,Riley Pint,Pint,-2,1,5500,COL@ARI,COL,ARI,,,,,,P
90923-70933,P,Brock,Brock Stewart,Stewart,6.6923076923076925,13,5500,MIN@HOU,MIN,HOU,,,,,0,P
90923-38164,P,Jimmy,Jimmy Nelson,Nelson,,,5500,WSH@LAD,LAD,WSH,IL,Elbow,,,,P
90923-79124,P,Joe,Joe Jimenez,Jimenez,5,21,5500,ATL@OAK,ATL,OAK,,,,,,P
90923-23834,P,Collin,Collin McHugh,McHugh,5.466666666666667,15,5500,ATL@OAK,ATL,OAK,,,,,,P
90923-179490,P,Cole,Cole Waites,Waites,0.3333333333333333,3,5500,PIT@SF,SF,PIT,,,,,,P
90923-83232,P,Jason,Jason Adam,Adam,5.791666666666667,24,5500,TB@CHC,TB,CHC,,,,,,P
90923-116002,P,Joel,Joel Kuhnel,Kuhnel,-3,1,5500,CIN@BOS,CIN,BOS,,,,,0,P
90923-85286,P,Ian,Ian Gibaut,Gibaut,5.909090909090909,22,5500,CIN@BOS,CIN,BOS,,,,,0,P
90923-85289,P,Nick,Nick Anderson,Anderson,6.619047619047619,22,5500,ATL@OAK,ATL,OAK,,,,,,P
90923-85288,P,Brusdar,Brusdar Graterol,Graterol,4.863636363636363,22,5500,WSH@LAD,LAD,WSH,,,,,,P
90923-38189,P,Michael,Michael Tonkin,Tonkin,9.538461538461538,14,5500,ATL@OAK,ATL,OAK,IL,Neck,,,,P
90923-79150,P,Josh,Josh Staumont,Staumont,5.052631578947368,19,5500,KC@STL,KC,STL,,,,,0,P
90923-185648,P,Zach,Zach Muckenhirn,Muckenhirn,7,2,5500,PHI@NYM,NYM,PHI,,,,,0,P
90923-156976,P,Darren,Darren McCaughan,McCaughan,6,1,5500,NYY@SEA,SEA,NYY,,,,,,P
90923-79155,P,Jaime,Jaime Barria,Barria,14.181818181818182,11,5500,LAA@CWS,LAA,CWS,,,,,,P
90923-152888,P,Sam,Sam Long,Long,5.545454545454546,11,5500,ATL@OAK,OAK,ATL,,,,,,P
90923-185662,P,Sammy,Sammy Peralta,Peralta,2,1,5500,LAA@CWS,CWS,LAA,,,,,,P
90923-154947,P,Justin,Justin Garza,Garza,4.6,5,5500,CIN@BOS,BOS,CIN,,,,,0,P
90923-73024,P,Matt,Matt Carasiti,Carasiti,4,4,5500,COL@ARI,COL,ARI,,,,,,P
90923-79171,P,Phil,Phil Bickford,Bickford,5.85,20,5500,WSH@LAD,LAD,WSH,,,,,,P
90923-113986,P,Emmanuel,Emmanuel Clase,Clase,4.038461538461538,26,5500,CLE@BAL,CLE,BAL,,,,,,P
90923-13635,P,Brad,Brad Hand,Hand,6.380952380952381,21,5500,COL@ARI,COL,ARI,,,,,,P
90923-38217,P,Tommy,Tommy Kahnle,Kahnle,5.133333333333334,16,5500,NYY@SEA,NYY,SEA,IL,Biceps,,,,P
90923-79185,P,Justin,Justin Dunn,Dunn,14.714285714285714,7,5500,CIN@BOS,CIN,BOS,IL,Shoulder,,,0,P
90923-79184,P,Thomas,Thomas Szapucki,Szapucki,5.7272727272727275,11,5500,PIT@SF,SF,PIT,IL,Side,,,,P
90923-38228,P,Trevor,Trevor May,May,3.9,11,5500,ATL@OAK,OAK,ATL,,,,,,P
90923-21846,P,Chris,Chris Devenski,Devenski,7.2727272727272725,11,5500,LAA@CWS,LAA,CWS,,,,,,P
90923-118106,P,Victor,Victor Gonzalez,Gonzalez,6.153846153846154,13,5500,WSH@LAD,LAD,WSH,,,,,,P
90923-79194,P,Domingo,Domingo Acevedo,Acevedo,1.7777777777777777,9,5500,ATL@OAK,OAK,ATL,,,,,,P
90923-79196,P,Albert,Albert Abreu,Abreu,6.7,21,5500,NYY@SEA,NYY,SEA,,,,,,P
90923-38240,P,Rafael,Rafael Montero,Montero,4.3,21,5500,MIN@HOU,HOU,MIN,,,,,,P
90923-118123,P,Blake,Blake Taylor,Taylor,3.1578947368421053,19,5500,MIN@HOU,HOU,MIN,,,,,,P
90923-79232,P,Clay,Clay Holmes,Holmes,6.130434782608695,25,5500,NYY@SEA,NYY,SEA,,,,,,P
90923-181651,P,Matt,Matt Krook,Krook,,,5500,NYY@SEA,NYY,SEA,,,,,,P
90923-79258,P,Ryne,Ryne Stanek,Stanek,5.176470588235294,17,5500,MIN@HOU,HOU,MIN,,,,,,P
90923-38303,P,Andrew,Andrew Chafin,Chafin,5.913043478260869,24,5500,COL@ARI,ARI,COL,,,,,0,P
90923-118185,P,Matt,Matt Foster,Foster,4.448979591836735,50,5500,LAA@CWS,CWS,LAA,IL,Elbow,,,,P
90923-101801,P,Joel,Joel Payamps,Payamps,6.565217391304348,24,5500,MIL@TOR,MIL,TOR,,,,,,P
90923-101803,P,Jacob,Jacob Webb,Webb,9,1,5500,LAA@CWS,LAA,CWS,,,,,,P
90923-118186,P,Jimmy,Jimmy Lambert,Lambert,4.608695652173913,23,5500,LAA@CWS,CWS,LAA,IL,Ankle,,,,P
90923-101804,P,Huascar,Huascar Ynoa,Ynoa,7,2,5500,ATL@OAK,ATL,OAK,IL,Elbow,,,,P
90923-101809,P,Josh,Josh Taylor,Taylor,5.9375,16,5500,KC@STL,KC,STL,IL,Shoulder,,,0,P
90923-101808,P,Denyi,Denyi Reyes,Reyes,5.166666666666667,6,5500,PHI@NYM,NYM,PHI,,,,,0,P
90923-101812,P,Justin,Justin Lawrence,Lawrence,6.916666666666667,24,5500,COL@ARI,COL,ARI,,,,,,P
90923-101815,P,Jimmy,Jimmy Herget,Herget,3.8333333333333335,12,5500,LAA@CWS,LAA,CWS,,,,,,P
90923-101814,P,Sam,Sam Hentges,Hentges,4.714285714285714,7,5500,CLE@BAL,CLE,BAL,,,,,,P
90923-101816,P,Bryan,Bryan Abreu,Abreu,8.173913043478262,23,5500,MIN@HOU,HOU,MIN,,,,,,P
90923-169400,P,Parker,Parker Mushinski,Mushinski,6,1,5500,MIN@HOU,HOU,MIN,,,,,,P
90923-101825,P,Jose,Jose Quijada,Quijada,3.3,10,5500,LAA@CWS,LAA,CWS,IL,Elbow,,,,P
90923-118221,P,J.P.,J.P. Feyereisen,Feyereisen,7.818181818181818,22,5500,WSH@LAD,LAD,WSH,IL,Shoulder,,,,P
90923-118224,P,Garrett,Garrett Cleavinger,Cleavinger,5.142857142857143,16,5500,TB@CHC,TB,CHC,IL,Knee,,,,P
90923-101845,P,Genesis,Genesis Cabrera,Cabrera,6.052631578947368,19,5500,KC@STL,STL,KC,,,,,0,P
90923-101846,P,Erik,Erik Swanson,Swanson,6.4,25,5500,MIL@TOR,TOR,MIL,,,,,,P
90923-185823,P,Chris,Chris Muller,Muller,,,5500,TB@CHC,TB,CHC,,,,,,P
90923-161256,P,Cooper,Cooper Criswell,Criswell,17.5,4,5500,TB@CHC,TB,CHC,,,,,,P
90923-85489,P,Jimmy,Jimmy Cordero,Cordero,6.045454545454546,23,5500,NYY@SEA,NYY,SEA,,,,,,P
90923-185847,P,Garrett,Garrett Acton,Acton,3.5,5,5500,ATL@OAK,OAK,ATL,,,,,,P
90923-95737,P,Ian,Ian Hamilton,Hamilton,9.5625,16,5500,NYY@SEA,NYY,SEA,IL,Groin,,,,P
90923-161273,P,Scott,Scott Effross,Effross,5.233333333333333,60,5500,NYY@SEA,NYY,SEA,IL,Elbow,,,,P
90923-52733,P,Scott,Scott Alexander,Alexander,3.8636363636363638,23,5500,PIT@SF,SF,PIT,,,,,,P
90923-95757,P,Andrew,Andrew Vasquez,Vasquez,8.266666666666667,15,5500,PHI@NYM,PHI,NYM,,,,,0,P
90923-95756,P,Rowan,Rowan Wick,Wick,5.285714285714286,64,5500,TB@CHC,CHC,TB,,,,,,P
90923-101904,P,Jordan,Jordan Romano,Romano,7.05,22,5500,MIL@TOR,TOR,MIL,,,,,,P
90923-95774,P,Jeff,Jeff Brigham,Brigham,5.529411764705882,17,5500,PHI@NYM,NYM,PHI,,,,,0,P
90923-181794,P,Hogan,Hogan Harris,Harris,-17,1,5500,ATL@OAK,OAK,ATL,,,,,,P
90923-58913,P,Danny,Danny Coulombe,Coulombe,5.818181818181818,23,5500,CLE@BAL,BAL,CLE,,,,,,P
90923-5673,P,Jesse,Jesse Chavez,Chavez,5.791666666666667,25,5500,ATL@OAK,ATL,OAK,,,,,,P
90923-79402,P,Cionel,Cionel Perez,Perez,3.4782608695652173,23,5500,CLE@BAL,BAL,CLE,,,,,,P
90923-181815,P,Brent,Brent Headrick,Headrick,17.333333333333332,3,5500,MIN@HOU,MIN,HOU,,,,,0,P
90923-181819,P,Tim,Tim Herrin,Herrin,5.555555555555555,9,5500,CLE@BAL,CLE,BAL,,,,,,P
90923-181816,P,Casey,Casey Legumina,Legumina,6.125,8,5500,CIN@BOS,CIN,BOS,IL,Ankle,,,0,P
90923-185926,P,Ryan,Ryan Walker,Walker,13.5,2,5500,PIT@SF,SF,PIT,,,,,,P
90923-81488,P,Jose,Jose Ruiz,Ruiz,4.380952380952381,21,5500,COL@ARI,ARI,COL,,,,,0,P
90923-73301,P,Brent,Brent Suter,Suter,8,22,5500,COL@ARI,COL,ARI,,,,,,P
90923-181845,P,Drew,Drew Rom,Rom,,,5500,CLE@BAL,BAL,CLE,,,,,,P
90923-81507,P,Aaron,Aaron Bummer,Bummer,2.5714285714285716,22,5500,LAA@CWS,CWS,LAA,,,,,,P
90923-169574,P,Penn,Penn Murfee,Murfee,5.6,15,5500,NYY@SEA,SEA,NYY,IL,Elbow,,,,P
90923-5735,P,David,David Robertson,Robertson,7.25,20,5500,PHI@NYM,NYM,PHI,,,,,0,P
90923-118381,P,Kyle,Kyle Finnegan,Finnegan,4.7727272727272725,22,5500,WSH@LAD,WSH,LAD,,,,,,P
90923-118395,P,Dany,Dany Jimenez,Jimenez,2.857142857142857,7,5500,ATL@OAK,OAK,ATL,IL,Shoulder,,,,P
90923-118394,P,Yohan,Yohan Ramirez,Ramirez,9.3,10,5500,PIT@SF,PIT,SF,,,,,,P
90923-5761,P,Tommy,Tommy Hunter,Hunter,6.25,13,5500,PHI@NYM,NYM,PHI,,,,,0,P
90923-52871,P,Derek,Derek Law,Law,6.473684210526316,20,5500,CIN@BOS,CIN,BOS,IL,Elbow,,,0,P
90923-110216,P,Stephen,Stephen Nogosek,Nogosek,9.4,11,5500,PHI@NYM,NYM,PHI,,,,,0,P
90923-52877,P,Dominic,Dominic Leone,Leone,3.75,8,5500,PHI@NYM,NYM,PHI,,,,,0,P
90923-73362,P,Rob,Rob Zastryzny,Zastryzny,3.2222222222222223,9,5500,PIT@SF,PIT,SF,,,,,,P
90923-52887,P,Tyler,Tyler Matzek,Matzek,5.0476190476190474,42,5500,ATL@OAK,ATL,OAK,IL,Elbow,,,,P
90923-38563,P,Yimi,Yimi Garcia,Garcia,4.458333333333333,24,5500,MIL@TOR,TOR,MIL,,,,,,P
90923-163511,P,Yunior,Yunior Marte,Marte,2,9,5500,PHI@NYM,PHI,NYM,,,,,0,P
90923-114356,P,Kevin,Kevin Ginkel,Ginkel,5.578947368421052,19,5500,COL@ARI,ARI,COL,,,,,0,P
90923-179898,P,Frank,Frank German,German,0,5,5500,CIN@BOS,CIN,BOS,,,,,0,P
90923-114360,P,Devin,Devin Williams,Williams,7.866666666666666,16,5500,MIL@TOR,MIL,TOR,,,,,,P
90923-38596,P,Chris,Chris Martin,Martin,4.615384615384615,13,5500,CIN@BOS,BOS,CIN,,,,,0,P
90923-165577,P,Sam,Sam Bachman,Bachman,,,5500,LAA@CWS,LAA,CWS,,,,,,P
90923-81615,P,Tim,Tim Mayza,Mayza,4.913043478260869,24,5500,MIL@TOR,TOR,MIL,,,,,,P
90923-14047,P,Brad,Brad Boxberger,Boxberger,3.5,17,5500,TB@CHC,CHC,TB,IL,Forearm,,,,P
90923-181985,P,Guillermo,Guillermo Zuniga,Zuniga,9,1,5500,KC@STL,STL,KC,,,,,0,P
90923-81641,P,John,John Curtiss,Curtiss,3.5454545454545454,12,5500,PHI@NYM,NYM,PHI,,,,,0,P
90923-181992,P,Jose,Jose Hernandez,Hernandez,5.777777777777778,18,5500,PIT@SF,PIT,SF,,,,,,P
90923-81642,P,A.J.,A.J. Minter,Minter,4.68,25,5500,ATL@OAK,ATL,OAK,,,,,,P
90923-81644,P,Ryan,Ryan Sherriff,Sherriff,4.5,2,5500,CIN@BOS,BOS,CIN,,,,,0,P
90923-182005,P,Kevin,Kevin Kelly,Kelly,5.2727272727272725,23,5500,TB@CHC,TB,CHC,,,,,,P
90923-52986,P,Drew,Drew VerHagen,VerHagen,6.25,24,5500,KC@STL,STL,KC,,,,,0,P
90923-157433,P,Kirby,Kirby Snead,Snead,3.4782608695652173,47,5500,ATL@OAK,OAK,ATL,IL,Shoulder,,,,P
90923-165628,P,Josh,Josh Walker,Walker,3,1,5500,PHI@NYM,NYM,PHI,,,,,0,P
90923-165638,P,Randy,Randy Vasquez,Vasquez,26,1,5500,NYY@SEA,NYY,SEA,,,,,,P
90923-161545,P,Kaleb,Kaleb Ort,Ort,4.083333333333333,12,5500,CIN@BOS,BOS,CIN,,,,,0,P
90923-161563,P,Jovani,Jovani Moran,Moran,5.947368421052632,20,5500,MIN@HOU,MIN,HOU,,,,,0,P
90923-53021,P,Nick,Nick Wittgren,Wittgren,1.5,2,5500,KC@STL,KC,STL,,,,,0,P
90923-165673,P,Levi,Levi Stoudt,Stoudt,7.5,2,5500,CIN@BOS,CIN,BOS,,,,,0,P
90923-182062,P,Gus,Gus Varland,Varland,1.375,8,5500,WSH@LAD,LAD,WSH,,,,,,P
90923-182061,P,Nick,Nick Avila,Avila,,,5500,PIT@SF,SF,PIT,,,,,,P
90923-163654,P,Alexis,Alexis Diaz,Diaz,8.61111111111111,19,5500,CIN@BOS,CIN,BOS,,,,,0,P
90923-116548,P,Tyler,Tyler Rogers,Rogers,5.608695652173913,23,5500,PIT@SF,SF,PIT,,,,,,P
90923-108380,P,Tayler,Tayler Scott,Scott,6,8,5500,WSH@LAD,LAD,WSH,,,,,,P
90923-163682,P,Ethan,Ethan Roberts,Roberts,3.2222222222222223,9,5500,TB@CHC,CHC,TB,IL,Elbow,,,,P
90923-104293,P,Nick,Nick Ramirez,Ramirez,6,6,5500,NYY@SEA,NYY,SEA,,,,,,P
90923-163687,P,Ron,Ron Marinaccio,Marinaccio,6.625,24,5500,NYY@SEA,NYY,SEA,,,,,,P
90923-163684,P,Ronny,Ronny Henriquez,Henriquez,17.666666666666668,3,5500,MIN@HOU,MIN,HOU,,,,,0,P
90923-163702,P,Logan,Logan Gillaspie,Gillaspie,2.875,9,5500,CLE@BAL,BAL,CLE,,,,,,P
90923-163701,P,Felix,Felix Bautista,Bautista,9.625,24,5500,CLE@BAL,BAL,CLE,,,,,,P
90923-102298,P,Erich,Erich Uelmen,Uelmen,3,1,5500,PHI@NYM,PHI,NYM,,,,,0,P
90923-102300,P,Michael,Michael Rucker,Rucker,5.684210526315789,21,5500,TB@CHC,CHC,TB,,,,,,P
90923-157600,P,Austin,Austin Warren,Warren,7,2,5500,LAA@CWS,LAA,CWS,IL,Elbow,,,,P
90923-6054,P,Mark,Mark Melancon,Melancon,3.457627118644068,62,5500,COL@ARI,ARI,COL,IL,Shoulder,,,0,P
90923-108461,P,Pete,Pete Fairbanks,Fairbanks,4.538461538461538,13,5500,TB@CHC,TB,CHC,IL,Hip,,,,P
90923-102318,P,Ryan,Ryan Rolison,Rolison,,,5500,COL@ARI,COL,ARI,,,,,,P
90923-102324,P,Konnor,Konnor Pilkington,Pilkington,12,1,5500,COL@ARI,ARI,COL,,,,,0,P
90923-102332,P,Jackson,Jackson Kowar,Kowar,16,1,5500,KC@STL,KC,STL,,,,,0,P
90923-102334,P,Corbin,Corbin Martin,Martin,13.428571428571429,7,5500,COL@ARI,ARI,COL,IL,Lat,,,0,P
90923-102355,P,Jorge,Jorge Alcala,Alcala,4.9,11,5500,MIN@HOU,MIN,HOU,IL,Forearm,,,0,P
90923-12257,P,Adam,Adam Ottavino,Ottavino,4.238095238095238,23,5500,PHI@NYM,NYM,PHI,,,,,0,P
90923-169957,P,Danny,Danny Young,Young,6.875,8,5500,ATL@OAK,ATL,OAK,,,,,,P
90923-102377,P,Trevor,Trevor Stephan,Stephan,5.916666666666667,24,5500,CLE@BAL,CLE,BAL,,,,,,P
90923-79848,P,Paul,Paul Sewald,Sewald,6.3478260869565215,23,5500,NYY@SEA,SEA,NYY,,,,,,P
90923-79852,P,Lucas,Lucas Erceg,Erceg,6.75,4,5500,ATL@OAK,OAK,ATL,,,,,,P
90923-102397,P,Wyatt,Wyatt Mills,Mills,4.653846153846154,27,5500,CIN@BOS,BOS,CIN,IL,Elbow,,,0,P
90923-79756,OF,Ronald,Ronald Acuna Jr.,Acuna Jr.,15.566666214554399,54,4600,ATL@OAK,ATL,OAK,,,,,,OF/UTIL
90923-82575,OF,Yordan,Yordan Alvarez,Alvarez,14.413953204487646,43,4400,MIN@HOU,HOU,MIN,,,,,,OF/UTIL
90923-60643,OF,Aaron,Aaron Judge,Judge,15.528888617621528,45,4400,NYY@SEA,NYY,SEA,,,,,,OF/UTIL
90923-11334,1B,Freddie,Freddie Freeman,Freeman,13.89090909090909,55,4300,WSH@LAD,LAD,WSH,,,,,,C/1B/UTIL
90923-79401,C,Will,Will Smith,Smith,12.848648483688766,37,4200,WSH@LAD,LAD,WSH,,,,,,C/1B/UTIL
90923-79120,1B/3B,Yandy,Yandy Diaz,Diaz,13.400000530740488,46,4100,TB@CHC,TB,CHC,,,,,,C/1B/3B/UTIL
90923-102621,SS,Wander,Wander Franco,Franco,13.064814814814815,54,4000,TB@CHC,TB,CHC,,,,,,SS/UTIL
90923-82614,1B,Pete,Pete Alonso,Alonso,13.399999547887731,54,4000,PHI@NYM,NYM,PHI,,,,,4,C/1B/UTIL
90923-52175,1B,Matt,Matt Olson,Olson,13.829629403573495,54,4000,ATL@OAK,ATL,OAK,,,,,,C/1B/UTIL
90923-85261,OF,Randy,Randy Arozarena,Arozarena,12.952830188679245,53,4000,TB@CHC,TB,CHC,,,,,,OF/UTIL
90923-79257,OF,Josh,Josh Lowe,Lowe,13.110869034476902,46,4000,TB@CHC,TB,CHC,,,,,,OF/UTIL
90923-39151,OF/2B,Mookie,Mookie Betts,Betts,12.451923076923077,52,3900,WSH@LAD,LAD,WSH,,,,,,2B/OF/UTIL
90923-82440,OF,Shohei,Shohei Ohtani,Ohtani,12.451019909917092,49,3900,LAA@CWS,LAA,CWS,,,,,,OF/UTIL
90923-82536,OF,Cedric,Cedric Mullins,Mullins,12.4660379661704,53,3900,CLE@BAL,BAL,CLE,IL,Groin,,,,OF/UTIL
90923-12968,1B,Paul,Paul Goldschmidt,Goldschmidt,12.600000452112269,54,3900,KC@STL,STL,KC,,,,,2,C/1B/UTIL
90923-82624,C,Sean,Sean Murphy,Murphy,13.123255530069041,43,3900,ATL@OAK,ATL,OAK,,,,,,C/1B/UTIL
90923-102400,OF,Julio,Julio Rodriguez,Rodriguez,11.565999755859375,50,3800,NYY@SEA,SEA,NYY,,,,,,OF/UTIL
90923-102415,2B,Nolan,Nolan Gorman,Gorman,11.94800048828125,50,3800,KC@STL,STL,KC,,,,,3,2B/UTIL
90923-119318,OF/3B,Christopher,Christopher Morel,Morel,16.170587876263788,17,3800,TB@CHC,CHC,TB,,,,,,3B/OF/UTIL
90923-12948,1B/OF,Bryce,Bryce Harper,Harper,11.547826352326766,23,3800,PHI@NYM,PHI,NYM,,,,,0,C/1B/OF/UTIL
90923-82654,SS,Bo,Bo Bichette,Bichette,12.242592140480324,54,3800,MIL@TOR,TOR,MIL,,,,,,SS/UTIL
90923-13540,OF,J.D.,J.D. Martinez,Martinez,13.123076610076122,39,3800,WSH@LAD,LAD,WSH,,,,,,OF/UTIL
90923-79273,1B,Vladimir,Vladimir Guerrero Jr.,Guerrero Jr.,10.964706121706495,51,3800,MIL@TOR,TOR,MIL,,,,,,C/1B/UTIL
90923-12933,OF,Mike,Mike Trout,Trout,12.044680331615691,47,3700,LAA@CWS,LAA,CWS,,,,,,OF/UTIL
90923-82613,2B/SS,Thairo,Thairo Estrada,Estrada,11.542553191489361,47,3700,PIT@SF,SF,PIT,IL,Wrist,,,,2B/SS/UTIL
90923-52176,3B,Max,Max Muncy,Muncy,12.58775485291773,49,3700,WSH@LAD,LAD,WSH,DTD,Hamstring,,,,3B/UTIL
90923-39086,OF,Byron,Byron Buxton,Buxton,11.24375025431315,48,3600,MIN@HOU,MIN,HOU,,,,,4,OF/UTIL
90923-68544,3B,Matt,Matt Chapman,Chapman,10.60188725309552,53,3600,MIL@TOR,TOR,MIL,,,,,,3B/UTIL
90923-181987,OF,Masataka,Masataka Yoshida,Yoshida,11.973809378487724,42,3600,CIN@BOS,BOS,CIN,,,,,4,OF/UTIL
90923-102308,2B,Jonathan,Jonathan India,India,11.826414864018279,53,3600,CIN@BOS,CIN,BOS,,,,,3,2B/UTIL
90923-38976,3B,Jose,Jose Ramirez,Ramirez,10.88,50,3500,CLE@BAL,CLE,BAL,,,,,,3B/UTIL
90923-14562,2B,Jose,Jose Altuve,Altuve,7.675000190734863,4,3500,MIN@HOU,HOU,MIN,,,,,,2B/UTIL
90923-119297,OF,Corbin,Corbin Carroll,Carroll,11.565306371572067,49,3500,COL@ARI,ARI,COL,,,,,6,OF/UTIL
90923-16952,SS,Francisco,Francisco Lindor,Lindor,11.09074119285301,54,3500,PHI@NYM,NYM,PHI,,,,,3,SS/UTIL
90923-82553,OF,Jose,Jose Siri,Siri,11.780645555065524,31,3500,TB@CHC,TB,CHC,,,,,,OF/UTIL
90923-82734,OF,Luis,Luis Robert Jr.,Robert Jr.,11,53,3500,LAA@CWS,CWS,LAA,,,,,,OF/UTIL
90923-68585,3B,Rafael,Rafael Devers,Devers,11.702041314572703,49,3500,CIN@BOS,BOS,CIN,,,,,2,3B/UTIL
90923-79159,OF,Cody,Cody Bellinger,Bellinger,12.91351318359375,37,3500,TB@CHC,CHC,TB,IL,Knee,,,,OF/UTIL
90923-79230,OF,Bryan,Bryan Reynolds,Reynolds,11.26383030668218,47,3500,PIT@SF,PIT,SF,,,,,,OF/UTIL
90923-79272,OF,Lourdes,Lourdes Gurriel Jr.,Gurriel Jr.,11.517391038977582,46,3500,COL@ARI,ARI,COL,,,,,3,OF/UTIL
90923-102392,OF,Esteury,Esteury Ruiz,Ruiz,11.011110658998843,54,3500,ATL@OAK,OAK,ATL,,,,,,OF/UTIL
90923-135190,SS/3B/2B,Taylor,Taylor Walls,Walls,11.304651304732921,43,3400,TB@CHC,TB,CHC,,,,,,2B/3B/SS/UTIL
90923-12940,1B,Anthony,Anthony Rizzo,Rizzo,11.11320754716981,53,3400,NYY@SEA,NYY,SEA,DTD,Neck,,,,C/1B/UTIL
90923-82612,OF,Brent,Brent Rooker,Rooker,11.22553139544548,47,3400,ATL@OAK,OAK,ATL,,,,,,OF/UTIL
90923-13266,C,Salvador,Salvador Perez,Perez,11.028571926817602,49,3400,KC@STL,KC,STL,,,,,3,C/1B/UTIL
90923-68588,2B,Gleyber,Gleyber Torres,Torres,10.612727494673296,55,3400,NYY@SEA,NYY,SEA,,,,,,2B/UTIL
90923-13342,OF,Nick,Nick Castellanos,Castellanos,10.584905660377359,53,3400,PHI@NYM,PHI,NYM,,,,,3,OF/UTIL
90923-154711,OF,Lars,Lars Nootbaar,Nootbaar,10.726190476190476,42,3400,KC@STL,STL,KC,DTD,Back,,,0,OF/UTIL
90923-79082,1B,Ryan,Ryan Mountcastle,Mountcastle,10.80740695529514,54,3400,CLE@BAL,BAL,CLE,,,,,,C/1B/UTIL
90923-13719,3B,Nolan,Nolan Arenado,Arenado,10.05094362654776,53,3400,KC@STL,STL,KC,,,,,4,3B/UTIL
90923-165507,SS,Matt,Matt McLain,McLain,15.550000508626303,12,3400,CIN@BOS,CIN,BOS,,,,,2,SS/UTIL
90923-102398,OF,Jarred,Jarred Kelenic,Kelenic,10.73,50,3400,NYY@SEA,SEA,NYY,,,,,,OF/UTIL
90923-79884,OF,Anthony,Anthony Santander,Santander,10.27199951171875,50,3300,CLE@BAL,BAL,CLE,,,,,,OF/UTIL
90923-119307,C,Adley,Adley Rutschman,Rutschman,10.36226438126474,53,3300,CLE@BAL,BAL,CLE,,,,,,C/1B/UTIL
90923-119311,OF,Jarren,Jarren Duran,Duran,10.78529447667739,34,3300,CIN@BOS,BOS,CIN,,,,,5,OF/UTIL
90923-119349,SS,Bobby,Bobby Witt Jr.,Witt Jr.,11.648148148148149,54,3300,KC@STL,KC,STL,,,,,4,SS/UTIL
90923-80462,SS,Paul,Paul DeJong,DeJong,11.440000406901042,30,3300,KC@STL,STL,KC,,,,,7,SS/UTIL
90923-167012,OF,Seiya,Seiya Suzuki,Suzuki,10.00250015258789,40,3300,TB@CHC,CHC,TB,,,,,,OF/UTIL
90923-21609,OF,Christian,Christian Yelich,Yelich,11.244000244140626,50,3300,MIL@TOR,MIL,TOR,,,,,,OF/UTIL
90923-60642,OF,Michael,Michael Conforto,Conforto,10.727083841959635,48,3300,PIT@SF,SF,PIT,,,,,,OF/UTIL
90923-79125,OF,Kyle,Kyle Tucker,Tucker,10.634693379304847,49,3300,MIN@HOU,HOU,MIN,,,,,,OF/UTIL
90923-79160,OF,Alex,Alex Verdugo,Verdugo,10.914583841959635,48,3300,CIN@BOS,BOS,CIN,,,,,0,OF/UTIL
90923-38218,1B,Christian,Christian Walker,Walker,10.869387256855868,49,3300,COL@ARI,ARI,COL,,,,,4,C/1B/UTIL
90923-79249,OF,Harrison,Harrison Bader,Bader,11.434614915114183,26,3300,NYY@SEA,NYY,SEA,DTD,Hamstring,,,,OF/UTIL
90923-102301,2B,Nico,Nico Hoerner,Hoerner,11.468888346354166,45,3300,TB@CHC,CHC,TB,,,,,,2B/UTIL
90923-16981,C,Yan,Yan Gomes,Gomes,9.416666666666666,30,3200,TB@CHC,CHC,TB,,,,,,C/1B/UTIL
90923-82574,3B/1B,Isaac,Isaac Paredes,Paredes,10.406122324418048,49,3200,TB@CHC,TB,CHC,,,,,,C/1B/3B/UTIL
90923-17086,OF,Marcell,Marcell Ozuna,Ozuna,10.055000305175781,40,3200,ATL@OAK,ATL,OAK,,,,,,OF/UTIL
90923-17097,OF,Brandon,Brandon Nimmo,Nimmo,10.677358951208726,53,3200,PHI@NYM,NYM,PHI,,,,,1,OF/UTIL
90923-13229,OF,Charlie,Charlie Blackmon,Blackmon,10.427083333333334,48,3200,COL@ARI,COL,ARI,NA,Personal,,,,OF/UTIL
90923-68586,SS,Dansby,Dansby Swanson,Swanson,10.482691838191105,52,3200,TB@CHC,CHC,TB,,,,,,SS/UTIL
90923-179272,3B,Spencer,Spencer Steer,Steer,10.56199951171875,50,3200,CIN@BOS,CIN,BOS,,,,,6,3B/UTIL
90923-79074,3B,Austin,Austin Riley,Riley,10.374074300130209,54,3200,ATL@OAK,ATL,OAK,,,,,,3B/UTIL
90923-5456,OF,Andrew,Andrew McCutchen,McCutchen,10.374418746593387,43,3200,PIT@SF,PIT,SF,,,,,,OF/UTIL
90923-21874,2B,Jorge,Jorge Polanco,Polanco,10.565217391304348,23,3200,MIN@HOU,MIN,HOU,IL,Hamstring,,,0,2B/UTIL
90923-101844,OF,Lane,Lane Thomas,Thomas,10.618867694206958,53,3200,WSH@LAD,WSH,LAD,,,,,,OF/UTIL
90923-13909,OF,Randal,Randal Grichuk,Grichuk,10.76086956521739,23,3200,COL@ARI,COL,ARI,,,,,,OF/UTIL
90923-165686,3B,Casey,Casey Schmitt,Schmitt,10.99499969482422,20,3200,PIT@SF,SF,PIT,,,,,,3B/UTIL
90923-102365,C,Francisco,Francisco Alvarez,Alvarez,9.463635993726326,33,3200,PHI@NYM,NYM,PHI,,,,,2,C/1B/UTIL
90923-16951,3B,Anthony,Anthony Rendon,Rendon,10.859999593098959,30,3100,LAA@CWS,LAA,CWS,IL,Groin,,,,3B/UTIL
90923-16983,OF,George,George Springer,Springer,10.134615384615385,52,3100,MIL@TOR,TOR,MIL,,,,,,OF/UTIL
90923-82570,3B,Jake,Jake Burger,Burger,10.042105423776727,38,3100,LAA@CWS,CWS,LAA,,,,,,3B/UTIL
90923-68522,3B,Alex,Alex Bregman,Bregman,9.597958934550382,49,3100,MIN@HOU,HOU,MIN,,,,,,3B/UTIL
90923-68587,2B,Ozzie,Ozzie Albies,Albies,9.729630081741899,54,3100,ATL@OAK,ATL,OAK,,,,,,2B/UTIL
90923-68593,SS,Jorge,Jorge Mateo,Mateo,9.863829917096076,47,3100,CLE@BAL,BAL,CLE,,,,,,SS/UTIL
90923-85260,3B/OF,Patrick,Patrick Wisdom,Wisdom,11.121739263119904,46,3100,TB@CHC,CHC,TB,,,,,,3B/OF/UTIL
90923-101842,1B,Ty,Ty France,France,10.003921807981005,51,3100,NYY@SEA,SEA,NYY,,,,,,C/1B/UTIL
90923-165571,1B,Vinnie,Vinnie Pasquantino,Pasquantino,9.71111156322338,54,3100,KC@STL,KC,STL,,,,,2,C/1B/UTIL
90923-12302,OF,Giancarlo,Giancarlo Stanton,Stanton,11.838461068960337,13,3000,NYY@SEA,NYY,SEA,IL,Hamstring,,,,OF/UTIL
90923-102438,SS,Geraldo,Geraldo Perdomo,Perdomo,10.30749969482422,40,3000,COL@ARI,ARI,COL,,,,,0,SS/UTIL
90923-102591,OF,Jake,Jake Fraley,Fraley,9.689130700152853,46,3000,CIN@BOS,CIN,BOS,,,,,4,OF/UTIL
90923-119345,SS,Jeremy,Jeremy Pena,Pena,9.387755102040817,49,3000,MIN@HOU,HOU,MIN,,,,,,SS/UTIL
90923-119405,2B,Bryson,Bryson Stott,Stott,9.582353180530024,51,3000,PHI@NYM,PHI,NYM,,,,,1,2B/UTIL
90923-119495,1B,Andrew,Andrew Vaughn,Vaughn,9.981481481481481,54,3000,LAA@CWS,CWS,LAA,,,,,,C/1B/UTIL
90923-53993,OF,Harold,Harold Ramirez,Ramirez,9.9499998546782,42,3000,TB@CHC,TB,CHC,,,,,,OF/UTIL
90923-54068,OF,Hunter,Hunter Renfroe,Renfroe,10.459183673469388,49,3000,LAA@CWS,LAA,CWS,,,,,,OF/UTIL
90923-70562,2B/OF,Whit,Whit Merrifield,Merrifield,9.946808510638299,47,3000,MIL@TOR,TOR,MIL,,,,,,2B/OF/UTIL
90923-68525,3B,J.D.,J.D. Davis,Davis,9.995999755859375,50,3000,PIT@SF,SF,PIT,,,,,,3B/UTIL
90923-60631,OF,Kyle,Kyle Schwarber,Schwarber,10.09622595445165,53,3000,PHI@NYM,PHI,NYM,,,,,4,OF/UTIL
90923-79093,OF,Eloy,Eloy Jimenez,Jimenez,9.635999755859375,25,3000,LAA@CWS,CWS,LAA,,,,,,OF/UTIL
90923-79108,OF/2B/3B,Nick,Nick Senzel,Senzel,10.09749984741211,40,3000,CIN@BOS,CIN,BOS,,,,,7,2B/3B/OF/UTIL
90923-21853,2B,Ketel,Ketel Marte,Marte,10.491836236447703,49,3000,COL@ARI,ARI,COL,,,,,1,2B/UTIL
90923-79277,1B,Rowdy,Rowdy Tellez,Tellez,9.541666666666666,48,3000,MIL@TOR,MIL,TOR,,,,,,C/1B/UTIL
90923-38321,1B/OF,Joey,Joey Gallo,Gallo,9.783721214117007,43,3000,MIN@HOU,MIN,HOU,,,,,1,C/1B/OF/UTIL
90923-71182,3B,Jeimer,Jeimer Candelario,Candelario,9.368627211626839,51,3000,WSH@LAD,WSH,LAD,,,,,,3B/UTIL
90923-13864,OF,Joc,Joc Pederson,Pederson,10.246153611403246,26,3000,PIT@SF,SF,PIT,IL,Hand,,,,OF/UTIL
90923-53033,OF,Mike,Mike Yastrzemski,Yastrzemski,9.586111280653212,36,3000,PIT@SF,SF,PIT,,,,,,OF/UTIL
90923-163691,OF,James,James Outman,Outman,10.03888843677662,54,3000,WSH@LAD,LAD,WSH,,,,,,OF/UTIL
90923-102363,OF/1B,Luke,Luke Raley,Raley,10.32790711868641,43,3000,TB@CHC,TB,CHC,,,,,,C/1B/OF/UTIL
90923-102370,3B/1B,Alec,Alec Bohm,Bohm,9.675000117375301,52,3000,PHI@NYM,PHI,NYM,,,,,6,C/1B/3B/UTIL
90923-12310,1B,Carlos,Carlos Santana,Santana,9.202173647673234,46,2900,PIT@SF,PIT,SF,DTD,Back,,,,C/1B/UTIL
90923-135246,OF,Dominic,Dominic Fletcher,Fletcher,9.25,22,2900,COL@ARI,ARI,COL,,,,,0,OF/UTIL
90923-61553,3B,Yoan,Yoan Moncada,Moncada,8.746153611403246,26,2900,LAA@CWS,CWS,LAA,,,,,,3B/UTIL
90923-102554,C,Cal,Cal Raleigh,Raleigh,9.64888916015625,45,2900,NYY@SEA,SEA,NYY,,,,,,C/1B/UTIL
90923-6312,1B/3B,Justin,Justin Turner,Turner,9.554166793823242,48,2900,CIN@BOS,BOS,CIN,,,,,3,C/1B/3B/UTIL
90923-119306,3B/SS,Gunnar,Gunnar Henderson,Henderson,8.039583206176758,48,2900,CLE@BAL,BAL,CLE,,,,,,3B/SS/UTIL
90923-82533,OF,Daulton,Daulton Varsho,Varsho,8.90566037735849,53,2900,MIL@TOR,TOR,MIL,,,,,,OF/UTIL
90923-119410,SS,CJ,CJ Abrams,Abrams,8.76,50,2900,WSH@LAD,WSH,LAD,,,,,,SS/UTIL
90923-82589,OF/1B,Nick,Nick Pratto,Pratto,9.309999593098958,30,2900,KC@STL,KC,STL,,,,,1,C/1B/OF/UTIL
90923-82655,C,Danny,Danny Jansen,Jansen,9.033333672417534,36,2900,MIL@TOR,TOR,MIL,IL,Groin,,,,C/1B/UTIL
90923-17139,C,J.T.,J.T. Realmuto,Realmuto,8.802127919298536,47,2900,PHI@NYM,PHI,NYM,,,,,5,C/1B/UTIL
90923-13262,OF,Jurickson,Jurickson Profar,Profar,9.200000127156576,48,2900,COL@ARI,COL,ARI,,,,,,OF/UTIL
90923-52179,SS,J.P.,J.P. Crawford,Crawford,8.972000122070312,50,2900,NYY@SEA,SEA,NYY,,,,,,SS/UTIL
90923-13326,C,Christian,Christian Bethancourt,Bethancourt,8.513513513513514,37,2900,TB@CHC,TB,CHC,,,,,,C/1B/UTIL
90923-21633,3B,Eugenio,Eugenio Suarez,Suarez,8.798076923076923,52,2900,NYY@SEA,SEA,NYY,,,,,,3B/UTIL
90923-60655,SS,Willy,Willy Adames,Adames,9.354902080461091,51,2900,MIL@TOR,MIL,TOR,IL,Concussion,,,,SS/UTIL
90923-79092,OF,Ian,Ian Happ,Happ,9.55576911339393,52,2900,TB@CHC,CHC,TB,,,,,,OF/UTIL
90923-85268,1B,Joey,Joey Meneses,Meneses,8.827451219745711,51,2900,WSH@LAD,WSH,LAD,,,,,,C/1B/UTIL
90923-85307,2B/OF,Jeff,Jeff McNeil,McNeil,8.12962962962963,54,2900,PHI@NYM,NYM,PHI,,,,,7,2B/OF/UTIL
90923-73023,OF,Teoscar,Teoscar Hernandez,Hernandez,8.63846177321214,52,2900,NYY@SEA,SEA,NYY,,,,,,OF/UTIL
90923-79181,2B,Mauricio,Mauricio Dubon,Dubon,8.80749969482422,40,2900,MIN@HOU,HOU,MIN,,,,,,2B/UTIL
90923-79188,1B,Alex,Alex Kirilloff,Kirilloff,9.119047619047619,21,2900,MIN@HOU,MIN,HOU,,,,,5,C/1B/UTIL
90923-79223,1B,Josh,Josh Naylor,Naylor,8.552173780358356,46,2900,CLE@BAL,CLE,BAL,,,,,,C/1B/UTIL
90923-21890,SS/3B/2B,Orlando,Orlando Arcia,Arcia,8.942424427379262,33,2900,ATL@OAK,ATL,OAK,,,,,,2B/3B/SS/UTIL
90923-101787,1B,LaMonte,LaMonte Wade Jr.,Wade Jr.,8.957692072941708,52,2900,PIT@SF,SF,PIT,,,,,,C/1B/UTIL
90923-85504,2B,Brandon,Brandon Lowe,Lowe,9.858695652173912,46,2900,TB@CHC,TB,CHC,,,,,,2B/UTIL
90923-81511,2B/SS,Kyle,Kyle Farmer,Farmer,8.434482969086746,29,2900,MIN@HOU,MIN,HOU,,,,,0,2B/SS/UTIL
90923-13961,OF,Kevin,Kevin Kiermaier,Kiermaier,9.420930374500363,43,2900,MIL@TOR,TOR,MIL,DTD,Back,,,,OF/UTIL
90923-38614,SS,Carlos,Carlos Correa,Correa,8.808510638297872,47,2900,MIN@HOU,MIN,HOU,,,,,3,SS/UTIL
90923-163666,OF,Steven,Steven Kwan,Kwan,9.730188909566627,53,2900,CLE@BAL,CLE,BAL,,,,,,OF/UTIL
90923-163696,OF,Jack,Jack Suwinski,Suwinski,9.714633848608994,41,2900,PIT@SF,PIT,SF,,,,,,OF/UTIL
90923-102362,OF,Trevor,Trevor Larnach,Larnach,9.361538618038862,39,2900,MIN@HOU,MIN,HOU,IL,Illness,,,0,OF/UTIL
90923-81953,OF,Austin,Austin Hays,Hays,9.763265181560906,49,2800,CLE@BAL,BAL,CLE,,,,,,OF/UTIL
90923-38965,1B,C.J.,C.J. Cron,Cron,9.299999660915798,36,2800,COL@ARI,COL,ARI,IL,Back,,,,C/1B/UTIL
90923-135284,C,Riley,Riley Adams,Adams,10.55999984741211,10,2800,WSH@LAD,WSH,LAD,,,,,,C/1B/UTIL
90923-65881,SS,Trea,Trea Turner,Turner,9.190384498009315,52,2800,PHI@NYM,PHI,NYM,,,,,2,SS/UTIL
90923-119303,C,Shea,Shea Langeliers,Langeliers,8.264444308810765,45,2800,ATL@OAK,OAK,ATL,,,,,,C/1B/UTIL
90923-119372,2B,Miguel,Miguel Vargas,Vargas,9.288235533471202,51,2800,WSH@LAD,LAD,WSH,,,,,,2B/UTIL
90923-119396,SS,Anthony,Anthony Volpe,Volpe,8.78392846243722,56,2800,NYY@SEA,NYY,SEA,,,,,,SS/UTIL
90923-119412,2B/3B/OF,Owen,Owen Miller,Miller,8.720512977013222,39,2800,MIL@TOR,MIL,TOR,DTD,Forearm,,,,2B/3B/OF/UTIL
90923-82586,C/OF,MJ,MJ Melendez,Melendez,8.85,50,2800,KC@STL,KC,STL,,,,,5,C/1B/OF/UTIL
90923-113309,3B,Josh,Josh Rojas,Rojas,8.345238095238095,42,2800,COL@ARI,ARI,COL,,,,,0,3B/UTIL
90923-82660,2B,Luis,Luis Garcia,Garcia,8.61276569772274,47,2800,WSH@LAD,WSH,LAD,,,,,,2B/UTIL
90923-68514,2B/3B,Ryan,Ryan McMahon,McMahon,10.643395765772405,53,2800,COL@ARI,COL,ARI,,,,,,2B/3B/UTIL
90923-68531,3B/OF,Brian,Brian Anderson,Anderson,9.505882113587623,51,2800,MIL@TOR,MIL,TOR,,,,,,3B/OF/UTIL
90923-68563,OF,Victor,Victor Robles,Robles,8.245161487210181,31,2800,WSH@LAD,WSH,LAD,IL,Back,,,,OF/UTIL
90923-68589,SS,Amed,Amed Rosario,Rosario,8.402127529712434,47,2800,CLE@BAL,CLE,BAL,,,,,,SS/UTIL
90923-54307,C,Elias,Elias Diaz,Diaz,9.695744940575134,47,2800,COL@ARI,COL,ARI,,,,,,C/1B/UTIL
90923-83155,OF,Ramon,Ramon Laureano,Laureano,7.7973680998149675,38,2800,ATL@OAK,OAK,ATL,,,,,,OF/UTIL
90923-70898,2B,Adam,Adam Frazier,Frazier,8.700000115160671,53,2800,CLE@BAL,BAL,CLE,,,,,,2B/UTIL
90923-146682,OF,Brenton,Brenton Doyle,Doyle,9.703703703703704,27,2800,COL@ARI,COL,ARI,,,,,,OF/UTIL
90923-13567,3B/1B/2B,DJ,DJ LeMahieu,LeMahieu,8.569387630540497,49,2800,NYY@SEA,NYY,SEA,,,,,,C/1B/2B/3B/UTIL
90923-60672,SS,Tim,Tim Anderson,Anderson,7.840540705500422,37,2800,LAA@CWS,CWS,LAA,,,,,,SS/UTIL
90923-79154,OF,Brandon,Brandon Marsh,Marsh,9.192000122070313,50,2800,PHI@NYM,PHI,NYM,,,,,7,OF/UTIL
90923-101841,OF,Edward,Edward Olivares,Olivares,8.436585216987424,41,2800,KC@STL,KC,STL,,,,,0,OF/UTIL
90923-38561,OF/3B/SS,Chris,Chris Taylor,Taylor,8.652273004705256,44,2800,WSH@LAD,LAD,WSH,,,,,,3B/SS/OF/UTIL
90923-181990,C/OF,Blake,Blake Sabol,Sabol,8.021052310341283,38,2800,PIT@SF,SF,PIT,,,,,,C/1B/OF/UTIL
90923-181991,1B,Ryan,Ryan Noda,Noda,8.39795918367347,49,2800,ATL@OAK,OAK,ATL,,,,,,C/1B/UTIL
90923-102284,C,William,William Contreras,Contreras,8.68499984741211,40,2800,MIL@TOR,MIL,TOR,,,,,,C/1B/UTIL
90923-102296,OF,TJ,TJ Friedl,Friedl,9.680000305175781,40,2800,CIN@BOS,CIN,BOS,,,,,1,OF/UTIL
90923-135194,C,Freddy,Freddy Fermin,Fermin,6.987500190734863,16,2700,KC@STL,KC,STL,,,,,0,C/1B/UTIL
90923-135218,OF,Jake,Jake Meyers,Meyers,7.530000305175781,40,2700,MIN@HOU,HOU,MIN,,,,,,OF/UTIL
90923-135216,OF,Chas,Chas McCormick,McCormick,9.185713995070685,21,2700,MIN@HOU,HOU,MIN,,,,,,OF/UTIL
90923-102452,OF,Nelson,Nelson Velazquez,Velazquez,8.43076911339393,13,2700,TB@CHC,CHC,TB,,,,,,OF/UTIL
90923-102488,3B,Emmanuel,Emmanuel Rivera,Rivera,8,20,2700,COL@ARI,ARI,COL,,,,,2,3B/UTIL
90923-53401,1B/OF,Trey,Trey Mancini,Mancini,7.2909088134765625,44,2700,TB@CHC,CHC,TB,,,,,,C/1B/OF/UTIL
90923-119376,3B,Brett,Brett Baty,Baty,7.574285888671875,35,2700,PHI@NYM,NYM,PHI,,,,,0,3B/UTIL
90923-80485,OF,Austin,Austin Slater,Slater,7.699999809265137,8,2700,PIT@SF,SF,PIT,,,,,,OF/UTIL
90923-119408,2B/OF,Ji Hwan,Ji Hwan Bae,Bae,7.960000271267361,45,2700,PIT@SF,PIT,SF,,,,,,2B/OF/UTIL
90923-82569,1B/OF,Gavin,Gavin Sheets,Sheets,7.879486866486379,39,2700,LAA@CWS,CWS,LAA,,,,,,C/1B/OF/UTIL
90923-21172,1B/2B,Brandon,Brandon Drury,Drury,8.75,46,2700,LAA@CWS,LAA,CWS,,,,,,C/1B/2B/UTIL
90923-82617,2B,Andres,Andres Gimenez,Gimenez,7.382000122070313,50,2700,CLE@BAL,CLE,BAL,,,,,,2B/UTIL
90923-68495,OF,Andrew,Andrew Benintendi,Benintendi,8.251923194298378,52,2700,LAA@CWS,CWS,LAA,,,,,,OF/UTIL
90923-52147,OF,Kris,Kris Bryant,Bryant,8.3408165756537,49,2700,COL@ARI,COL,ARI,,,,,,OF/UTIL
90923-173078,OF,Alex,Alex Call,Call,7.648077157827524,52,2700,WSH@LAD,WSH,LAD,,,,,,OF/UTIL
90923-171037,C,Jason,Jason Delay,Delay,6.355999755859375,25,2700,PIT@SF,PIT,SF,,,,,,C/1B/UTIL
90923-13423,OF,Starling,Starling Marte,Marte,8.444897710060587,49,2700,PHI@NYM,NYM,PHI,,,,,6,OF/UTIL
90923-79151,OF,Taylor,Taylor Ward,Ward,8.043750127156576,48,2700,LAA@CWS,LAA,CWS,,,,,,OF/UTIL
90923-79164,OF,Stone,Stone Garrett,Garrett,7.560714176722935,28,2700,WSH@LAD,WSH,LAD,,,,,,OF/UTIL
90923-38247,2B/3B,Hanser,Hanser Alberto,Alberto,6.524137825801454,29,2700,LAA@CWS,CWS,LAA,,,,,,2B/3B/UTIL
90923-79211,OF,Mickey,Mickey Moniak,Moniak,14.889999389648438,10,2700,LAA@CWS,LAA,CWS,,,,,,OF/UTIL
90923-79216,3B,Ke'Bryan,Ke'Bryan Hayes,Hayes,8.458333333333334,48,2700,PIT@SF,PIT,SF,,,,,,3B/UTIL
90923-21875,OF,Max,Max Kepler,Kepler,9.799999782017299,28,2700,MIN@HOU,MIN,HOU,,,,,7,OF/UTIL
90923-21887,C,Willson,Willson Contreras,Contreras,8.801923311673677,52,2700,KC@STL,STL,KC,,,,,5,C/1B/UTIL
90923-181642,3B,Enmanuel,Enmanuel Valdez,Valdez,7.83478247601053,23,2700,CIN@BOS,BOS,CIN,,,,,8,3B/UTIL
90923-38299,OF,Kevin,Kevin Pillar,Pillar,6.834374904632568,32,2700,ATL@OAK,ATL,OAK,,,,,,OF/UTIL
90923-101811,OF,Sam,Sam Hilliard,Hilliard,6.828571319580078,28,2700,ATL@OAK,ATL,OAK,,,,,,OF/UTIL
90923-101850,3B/2B,Ramon,Ramon Urias,Urias,7.997058644014246,34,2700,CLE@BAL,BAL,CLE,,,,,,2B/3B/UTIL
90923-13792,2B/SS/OF,Kike,Kike Hernandez,Hernandez,8.028888617621528,45,2700,CIN@BOS,BOS,CIN,,,,,7,2B/SS/OF/UTIL
90923-136672,OF,Michael,Michael Harris II,Harris II,6.762499809265137,32,2700,ATL@OAK,ATL,OAK,,,,,,OF/UTIL
90923-5607,3B,Evan,Evan Longoria,Longoria,7.771428789411273,28,2700,COL@ARI,ARI,COL,,,,,5,3B/UTIL
90923-101910,1B/OF,Connor,Connor Joe,Joe,9.507142566499256,42,2700,PIT@SF,PIT,SF,,,,,,C/1B/OF/UTIL
90923-71217,C,Omar,Omar Narvaez,Narvaez,5.6400001525878904,5,2700,PHI@NYM,NYM,PHI,IL,Calf,,,0,C/1B/UTIL
90923-163689,SS,Maikel,Maikel Garcia,Garcia,8.881817904385654,22,2700,KC@STL,KC,STL,,,,,7,SS/UTIL
90923-163706,2B,Brendan,Brendan Donovan,Donovan,7.785999755859375,50,2700,KC@STL,STL,KC,,,,,1,2B/UTIL
90923-108450,SS,Tommy,Tommy Edman,Edman,9.07735860572671,53,2700,KC@STL,STL,KC,,,,,9,SS/UTIL
90923-184479,OF,Corey,Corey Julks,Julks,8.138235653147978,34,2600,MIN@HOU,HOU,MIN,,,,,,OF/UTIL
90923-82556,OF,Taylor,Taylor Trammell,Trammell,7.53125,16,2600,NYY@SEA,SEA,NYY,,,,,,OF/UTIL
90923-119442,C,Gabriel,Gabriel Moreno,Moreno,7.032499694824219,40,2600,COL@ARI,ARI,COL,,,,,8,C/1B/UTIL
90923-119444,C,Alejandro,Alejandro Kirk,Kirk,6.433333623976934,42,2600,MIL@TOR,TOR,MIL,,,,,,C/1B/UTIL
90923-82593,C,Keibert,Keibert Ruiz,Ruiz,7.335555691189236,45,2600,WSH@LAD,WSH,LAD,,,,,,C/1B/UTIL
90923-12970,OF,AJ,AJ Pollock,Pollock,6.3899998982747395,30,2600,NYY@SEA,SEA,NYY,DTD,Leg,,,,OF/UTIL
90923-21183,C,Carlos,Carlos Perez,Perez,6.0096775177986395,31,2600,ATL@OAK,OAK,ATL,,,,,,C/1B/UTIL
90923-11129,OF,Jason,Jason Heyward,Heyward,7.260526155170641,38,2600,WSH@LAD,LAD,WSH,,,,,,OF/UTIL
90923-52170,1B,Dominic,Dominic Smith,Smith,7.521568747127757,51,2600,WSH@LAD,WSH,LAD,,,,,,C/1B/UTIL
90923-185300,SS,Zach,Zach Neto,Neto,8.41891891891892,37,2600,LAA@CWS,LAA,CWS,,,,,,SS/UTIL
90923-13303,C,Yasmani,Yasmani Grandal,Grandal,7.162221950954861,45,2600,LAA@CWS,CWS,LAA,,,,,,C/1B/UTIL
90923-21573,3B,Jace,Jace Peterson,Peterson,6.252174045728601,46,2600,ATL@OAK,OAK,ATL,,,,,,3B/UTIL
90923-38016,1B,Jesus,Jesus Aguilar,Aguilar,5.8314287458147325,35,2600,ATL@OAK,OAK,ATL,,,,,,C/1B/UTIL
90923-54401,OF,Manuel,Manuel Margot,Margot,7.3261907668340776,42,2600,TB@CHC,TB,CHC,,,,,,OF/UTIL
90923-38112,1B/3B/SS,Gio,Gio Urshela,Urshela,7.119149066032247,47,2600,LAA@CWS,LAA,CWS,,,,,,C/1B/3B/SS/UTIL
90923-79110,C,Tyler,Tyler Stephenson,Stephenson,7.943137374578738,51,2600,CIN@BOS,CIN,BOS,,,,,5,C/1B/UTIL
90923-79122,3B,Nolan,Nolan Jones,Jones,6.300000190734863,4,2600,COL@ARI,COL,ARI,,,,,,3B/UTIL
90923-146720,3B,Jordan,Jordan Diaz,Diaz,5.841666539510091,24,2600,ATL@OAK,OAK,ATL,,,,,,3B/UTIL
90923-13638,1B/3B,Wilmer,Wilmer Flores,Flores,7.346153846153846,39,2600,PIT@SF,SF,PIT,,,,,,C/1B/3B/UTIL
90923-101817,2B/SS/OF,Luis,Luis Rengifo,Rengifo,6.842856997535343,42,2600,LAA@CWS,LAA,CWS,,,,,,2B/SS/OF/UTIL
90923-73159,OF,Mitch,Mitch Haniger,Haniger,9.667857578822545,28,2600,PIT@SF,SF,PIT,,,,,,OF/UTIL
90923-79400,OF,Dylan,Dylan Carlson,Carlson,6.637499809265137,32,2600,KC@STL,STL,KC,IL,Ankle,,,0,OF/UTIL
90923-167500,OF,Joey,Joey Wiemer,Wiemer,6.678431492225797,51,2600,MIL@TOR,MIL,TOR,,,,,,OF/UTIL
90923-116450,1B/OF,Seth,Seth Brown,Brown,8.464285714285714,14,2600,ATL@OAK,OAK,ATL,,,,,,C/1B/OF/UTIL
90923-12113,3B,Josh,Josh Donaldson,Donaldson,5.579999923706055,5,2600,NYY@SEA,NYY,SEA,IL,Hamstring,,,,3B/UTIL
90923-182167,1B,Matt,Matt Mervis,Mervis,6.761110941569011,18,2600,TB@CHC,CHC,TB,,,,,,C/1B/UTIL
90923-102303,1B,Triston,Triston Casas,Casas,7.518604367278343,43,2600,CIN@BOS,BOS,CIN,,,,,6,C/1B/UTIL
90923-102411,C,Andrew,Andrew Knizner,Knizner,7.4499998826247,26,2500,KC@STL,STL,KC,,,,,0,C/1B/UTIL
90923-38973,OF,Tyrone,Tyrone Taylor,Taylor,4.75,24,2500,MIL@TOR,MIL,TOR,,,,,,OF/UTIL
90923-135239,2B/SS,Rodolfo,Rodolfo Castro,Castro,7.131817904385653,44,2500,PIT@SF,PIT,SF,,,,,,2B/SS/UTIL
90923-102504,C,Connor,Connor Wong,Wong,7.427777608235677,36,2500,CIN@BOS,BOS,CIN,,,,,0,C/1B/UTIL
90923-6273,OF,Michael,Michael Brantley,Brantley,9.009230393629808,65,2500,MIN@HOU,HOU,MIN,IL,Shoulder,,,,OF/UTIL
90923-172216,3B/2B,David,David Villar,Villar,6.45,30,2500,PIT@SF,SF,PIT,,,,,,2B/3B/UTIL
90923-82251,OF,Tim,Tim Locastro,Locastro,3.5499998728434243,12,2500,PHI@NYM,NYM,PHI,IL,Thumb,,,0,OF/UTIL
90923-53757,OF,Rob,Rob Refsnyder,Refsnyder,7.763333129882812,30,2500,CIN@BOS,BOS,CIN,,,,,0,OF/UTIL
90923-119352,2B/3B,Michael,Michael Busch,Busch,7.571428571428571,7,2500,WSH@LAD,LAD,WSH,,,,,,2B/3B/UTIL
90923-21074,OF,Michael A.,Michael A. Taylor,Taylor,6.670833587646484,48,2500,MIN@HOU,MIN,HOU,,,,,8,OF/UTIL
90923-82530,1B/OF,Pavin,Pavin Smith,Smith,7.45945945945946,37,2500,COL@ARI,ARI,COL,,,,,0,C/1B/OF/UTIL
90923-12900,1B,Brandon,Brandon Belt,Belt,7.284615541115786,39,2500,MIL@TOR,TOR,MIL,,,,,,C/1B/UTIL
90923-12961,SS,Brandon,Brandon Crawford,Crawford,6.868965412008351,29,2500,PIT@SF,SF,PIT,,,,,,SS/UTIL
90923-53994,1B,Josh,Josh Bell,Bell,7.267999877929688,50,2500,CLE@BAL,CLE,BAL,,,,,,C/1B/UTIL
90923-13099,C,Travis,Travis d'Arnaud,d'Arnaud,8,16,2500,ATL@OAK,ATL,OAK,,,,,,C/1B/UTIL
90923-13239,3B,Eduardo,Eduardo Escobar,Escobar,6.740624904632568,32,2500,PHI@NYM,NYM,PHI,,,,,9,3B/UTIL
90923-68547,OF,Tyler,Tyler O'Neill,O'Neill,6.186206686085668,29,2500,KC@STL,STL,KC,IL,Back,,,0,OF/UTIL
90923-52164,SS,Adalberto,Adalberto Mondesi,Mondesi,5.53999989827474,15,2500,CIN@BOS,BOS,CIN,IL,Knee,,,0,SS/UTIL
90923-80838,1B,Luke,Luke Voit,Voit,4.956521739130435,23,2500,MIL@TOR,MIL,TOR,,,,,,C/1B/UTIL
90923-80848,C,Victor,Victor Caratini,Caratini,6.225,20,2500,MIL@TOR,MIL,TOR,,,,,,C/1B/UTIL
90923-185303,3B/2B,Jose,Jose Caballero,Caballero,8.607407181351274,27,2500,NYY@SEA,SEA,NYY,,,,,,2B/3B/UTIL
90923-80852,2B/SS/3B,Ildemaro,Ildemaro Vargas,Vargas,6.09375,16,2500,WSH@LAD,WSH,LAD,,,,,,2B/3B/SS/UTIL
90923-52187,1B,Ji Man,Ji Man Choi,Choi,5.511110941569011,9,2500,PIT@SF,PIT,SF,IL,Achilles,,,,C/1B/UTIL
90923-97257,OF,Myles,Myles Straw,Straw,7.180392396216299,51,2500,CLE@BAL,CLE,BAL,,,,,,OF/UTIL
90923-38040,OF,Eddie,Eddie Rosario,Rosario,7.070833206176758,48,2500,ATL@OAK,ATL,OAK,,,,,,OF/UTIL
90923-21666,OF,Mark,Mark Canha,Canha,7.302127919298537,47,2500,PHI@NYM,NYM,PHI,,,,,0,OF/UTIL
90923-60635,OF,Raimel,Raimel Tapia,Tapia,5.803124904632568,32,2500,CIN@BOS,BOS,CIN,,,,,1,OF/UTIL
90923-83173,C,Jose,Jose Trevino,Trevino,6.256666564941407,30,2500,NYY@SEA,NYY,SEA,IL,Hamstring,,,,C/1B/UTIL
90923-38117,OF,Adam,Adam Duvall,Duvall,24.774999618530273,8,2500,CIN@BOS,BOS,CIN,IL,Wrist,,,0,OF/UTIL
90923-5359,SS/2B,Elvis,Elvis Andrus,Andrus,6.607692620693109,39,2500,LAA@CWS,CWS,LAA,IL,Oblique,,,,2B/SS/UTIL
90923-79152,C,Matt,Matt Thaiss,Thaiss,6.618750095367432,32,2500,LAA@CWS,LAA,CWS,,,,,,C/1B/UTIL
90923-79218,SS,Kevin,Kevin Newman,Newman,7.521621291701858,37,2500,CIN@BOS,CIN,BOS,,,,,0,SS/UTIL
90923-79255,1B,Jake,Jake Bauers,Bauers,6.472726995294744,22,2500,NYY@SEA,NYY,SEA,,,,,,C/1B/UTIL
90923-173548,2B,Michael,Michael Massey,Massey,6.614583333333333,48,2500,KC@STL,KC,STL,,,,,6,2B/UTIL
90923-95776,OF,Pablo,Pablo Reyes,Reyes,6.600000169542101,9,2500,CIN@BOS,BOS,CIN,,,,,0,OF/UTIL
90923-181814,2B,Edouard,Edouard Julien,Julien,8.976470947265625,17,2500,MIN@HOU,MIN,HOU,,,,,2,2B/UTIL
90923-163686,OF,Oswaldo,Oswaldo Cabrera,Cabrera,6.487233912691157,47,2500,NYY@SEA,NYY,SEA,,,,,,OF/UTIL
90923-102424,SS,Kevin,Kevin Smith,Smith,5.157692542442908,26,2400,ATL@OAK,OAK,ATL,,,,,,SS/UTIL
90923-79918,C,Kyle,Kyle Higashioka,Higashioka,5.893750190734863,32,2400,NYY@SEA,NYY,SEA,,,,,,C/1B/UTIL
90923-104511,OF,Kyle,Kyle Garlick,Garlick,7.425000190734863,8,2400,MIN@HOU,MIN,HOU,,,,,0,OF/UTIL
90923-102485,OF,Kyle,Kyle Isbel,Isbel,6.9269233116736775,26,2400,KC@STL,KC,STL,IL,Hamstring,,,0,OF/UTIL
90923-102518,3B/1B,Jose,Jose Miranda,Miranda,6.8542855398995535,35,2400,MIN@HOU,MIN,HOU,,,,,0,C/1B/3B/UTIL
90923-145590,1B/3B,Jason,Jason Vosler,Vosler,6.6099998474121096,20,2400,CIN@BOS,CIN,BOS,,,,,0,C/1B/3B/UTIL
90923-145611,SS/2B/3B,Oswald,Oswald Peraza,Peraza,6.191666920979817,12,2400,NYY@SEA,NYY,SEA,,,,,,2B/3B/SS/UTIL
90923-53586,OF,David,David Peralta,Peralta,5.640909021550959,44,2400,WSH@LAD,LAD,WSH,,,,,,OF/UTIL
90923-49523,1B,Jose,Jose Abreu,Abreu,6.043750127156575,48,2400,MIN@HOU,HOU,MIN,,,,,,C/1B/UTIL
90923-119363,OF,JJ,JJ Bleday,Bleday,7.172222561306423,18,2400,ATL@OAK,OAK,ATL,,,,,,OF/UTIL
90923-119368,C,Ryan,Ryan Jeffers,Jeffers,6.577419157951109,31,2400,MIN@HOU,MIN,HOU,,,,,0,C/1B/UTIL
90923-12931,OF/1B,Wil,Wil Myers,Myers,6.302702620222762,37,2400,CIN@BOS,CIN,BOS,IL,Illness,,,0,C/1B/OF/UTIL
90923-164502,SS,Vaughn,Vaughn Grissom,Grissom,5.921052631578948,19,2400,ATL@OAK,ATL,OAK,,,,,,SS/UTIL
90923-82615,3B,Mark,Mark Vientos,Vientos,5.112500190734863,8,2400,PHI@NYM,NYM,PHI,,,,,5,3B/UTIL
90923-162509,1B/OF,Juan,Juan Yepez,Yepez,4.705882352941177,17,2400,KC@STL,STL,KC,,,,,8,C/1B/OF/UTIL
90923-68471,2B/OF,Tony,Tony Kemp,Kemp,5.0068182511763135,44,2400,ATL@OAK,OAK,ATL,,,,,,2B/OF/UTIL
90923-52162,3B/1B,Hunter,Hunter Dozier,Dozier,5.796551934603987,29,2400,KC@STL,KC,STL,,,,,0,C/1B/3B/UTIL
90923-21612,SS,Nick,Nick Ahmed,Ahmed,6.027586312129579,29,2400,COL@ARI,ARI,COL,,,,,7,SS/UTIL
90923-13487,OF,Tommy,Tommy Pham,Pham,6.733333163791233,36,2400,PHI@NYM,NYM,PHI,,,,,8,OF/UTIL
90923-83164,OF,Jake,Jake Cave,Cave,7.005000305175781,20,2400,PHI@NYM,PHI,NYM,,,,,0,OF/UTIL
90923-60652,2B,Christian,Christian Arroyo,Arroyo,6.51481458875868,27,2400,CIN@BOS,BOS,CIN,IL,Hamstring,,,0,2B/UTIL
90923-79113,C,Francisco,Francisco Mejia,Mejia,5.762963189019097,27,2400,TB@CHC,TB,CHC,,,,,,C/1B/UTIL
90923-13596,OF,Trayce,Trayce Thompson,Thompson,5.506249904632568,32,2400,WSH@LAD,LAD,WSH,,,,,,OF/UTIL
90923-79165,SS/2B,Gavin,Gavin Lux,Lux,7.915671277402052,134,2400,WSH@LAD,LAD,WSH,IL,Knee,,,,2B/SS/UTIL
90923-79170,OF,Willie,Willie Calhoun,Calhoun,7.225806451612903,31,2400,NYY@SEA,NYY,SEA,,,,,,OF/UTIL
90923-38282,1B,Daniel,Daniel Vogelbach,Vogelbach,5.992682852396151,41,2400,PHI@NYM,NYM,PHI,,,,,0,C/1B/UTIL
90923-79247,3B,Edmundo,Edmundo Sosa,Sosa,5.9605263157894735,38,2400,PHI@NYM,PHI,NYM,,,,,0,3B/UTIL
90923-118222,2B,Mark,Mark Mathias,Mathias,5.773333231608073,15,2400,PIT@SF,PIT,SF,,,,,,2B/UTIL
90923-13858,C,Christian,Christian Vazquez,Vazquez,5.617143031529018,35,2400,MIN@HOU,MIN,HOU,,,,,9,C/1B/UTIL
90923-161468,OF,Henry,Henry Ramos,Ramos,7.866667005750868,18,2400,CIN@BOS,CIN,BOS,IL,Hip,,,0,OF/UTIL
90923-165693,OF,Alec,Alec Burleson,Burleson,6.51627935365189,43,2400,KC@STL,STL,KC,,,,,6,OF/UTIL
90923-180095,OF,Will,Will Brennan,Brennan,5.202173979386039,46,2400,CLE@BAL,CLE,BAL,,,,,,OF/UTIL
90923-102283,OF,Alek,Alek Thomas,Thomas,6.046153924404046,39,2400,COL@ARI,ARI,COL,,,,,0,OF/UTIL
90923-102282,OF,Jake,Jake McCarthy,McCarthy,5.186363567005504,22,2400,COL@ARI,ARI,COL,,,,,9,OF/UTIL
90923-102295,OF,Stuart,Stuart Fairchild,Fairchild,6.587500254313151,48,2400,CIN@BOS,CIN,BOS,,,,,9,OF/UTIL
90923-182170,OF,Oscar,Oscar Colas,Colas,5.724000244140625,25,2400,LAA@CWS,CWS,LAA,,,,,,OF/UTIL
90923-102307,SS/OF,Jose,Jose Barrero,Barrero,6.713158055355675,38,2400,CIN@BOS,CIN,BOS,,,,,0,SS/OF/UTIL
90923-102326,1B,Kody,Kody Clemens,Clemens,7,25,2400,PHI@NYM,PHI,NYM,,,,,8,C/1B/UTIL
90923-102353,2B,Brice,Brice Turang,Turang,6.124000244140625,50,2400,MIL@TOR,MIL,TOR,,,,,,2B/UTIL
90923-178304,2B/OF,David,David Hensley,Hensley,4.765384674072266,26,2300,MIN@HOU,HOU,MIN,,,,,,2B/OF/UTIL
90923-135305,2B,Tucupita,Tucupita Marcano,Marcano,6.109375,32,2300,PIT@SF,PIT,SF,,,,,,2B/UTIL
90923-102546,1B/3B/SS,Gabriel,Gabriel Arias,Arias,4.164102407602163,39,2300,CLE@BAL,CLE,BAL,,,,,,C/1B/3B/SS/UTIL
90923-84133,OF,Franmil,Franmil Reyes,Reyes,5.447368421052632,19,2300,WSH@LAD,WSH,LAD,,,,,,OF/UTIL
90923-102577,2B,Santiago,Santiago Espinal,Espinal,5.732000122070312,25,2300,MIL@TOR,TOR,MIL,IL,Hamstring,,,,2B/UTIL
90923-16948,2B,Kolten,Kolten Wong,Wong,4.505555470784505,36,2300,NYY@SEA,SEA,NYY,,,,,,2B/UTIL
90923-53844,2B/3B,Matt,Matt Duffy,Duffy,5.210714067731585,28,2300,KC@STL,KC,STL,,,,,0,2B/3B/UTIL
90923-82555,3B/SS/OF,Willi,Willi Castro,Castro,7.102325439453125,43,2300,MIN@HOU,MIN,HOU,,,,,0,3B/SS/OF/UTIL
90923-12928,1B,Eric,Eric Hosmer,Hosmer,5.883870770854335,31,2300,TB@CHC,CHC,TB,,,,,,C/1B/UTIL
90923-54049,2B/SS/3B,Aledmys,Aledmys Diaz,Diaz,5.045714460100446,35,2300,ATL@OAK,OAK,ATL,,,,,,2B/3B/SS/UTIL
90923-52157,C,Tom,Tom Murphy,Murphy,4.831579107987253,19,2300,NYY@SEA,SEA,NYY,,,,,,C/1B/UTIL
90923-13253,C,Martin,Martin Maldonado,Maldonado,5.916666666666667,36,2300,MIN@HOU,HOU,MIN,,,,,,C/1B/UTIL
90923-52182,C,Reese,Reese McGuire,McGuire,4.7928570338657925,28,2300,CIN@BOS,BOS,CIN,,,,,9,C/1B/UTIL
90923-97291,2B/SS/OF,Harold,Harold Castro,Castro,5.527777777777778,36,2300,COL@ARI,COL,ARI,,,,,,2B/SS/OF/UTIL
90923-11322,1B/3B,Mike,Mike Moustakas,Moustakas,6.665625095367432,32,2300,COL@ARI,COL,ARI,,,,,,C/1B/3B/UTIL
90923-37983,C,Mike,Mike Zunino,Zunino,6.1911764705882355,34,2300,CLE@BAL,CLE,BAL,,,,,,C/1B/UTIL
90923-179362,OF,Dalton,Dalton Guthrie,Guthrie,1.528571401323591,14,2300,PHI@NYM,PHI,NYM,,,,,9,OF/UTIL
90923-83195,OF,Yonathan,Yonathan Daza,Daza,6.087500254313151,24,2300,COL@ARI,COL,ARI,,,,,,OF/UTIL
90923-85254,C,Joey,Joey Bart,Bart,4.869230710543119,26,2300,PIT@SF,SF,PIT,IL,Groin,,,,C/1B/UTIL
90923-38196,1B,Jake,Jake Lamb,Lamb,5.415789553993626,19,2300,LAA@CWS,LAA,CWS,,,,,,C/1B/UTIL
90923-13894,OF,Aaron,Aaron Hicks,Hicks,4.1827587259226835,29,2300,NYY@SEA,NYY,SEA,,,,,,OF/UTIL
90923-165559,C,Yainer,Yainer Diaz,Diaz,5.231579027677837,19,2300,MIN@HOU,HOU,MIN,,,,,,C/1B/UTIL
90923-163533,C,Jose,Jose Herrera,Herrera,6.600000169542101,18,2300,COL@ARI,ARI,COL,,,,,0,C/1B/UTIL
90923-52995,C,Luke,Luke Maile,Maile,5.508695519488791,23,2300,CIN@BOS,CIN,BOS,,,,,0,C/1B/UTIL
90923-110404,3B,Mike,Mike Brosseau,Brosseau,5.177777890805845,27,2300,MIL@TOR,MIL,TOR,,,,,,3B/UTIL
90923-163674,SS,Ezequiel,Ezequiel Tovar,Tovar,7.784313725490196,51,2300,COL@ARI,COL,ARI,,,,,,SS/UTIL
90923-102331,3B/2B/SS,Nicky,Nicky Lopez,Lopez,5.863333129882813,30,2300,KC@STL,KC,STL,,,,,8,2B/3B/SS/UTIL
90923-102347,SS,Livan,Livan Soto,Soto,9.199999809265137,1,2300,LAA@CWS,LAA,CWS,,,,,,SS/UTIL
90923-38872,OF,Jesse,Jesse Winker,Winker,5.376922998672876,39,2300,MIL@TOR,MIL,TOR,IL,Neck,,,,OF/UTIL
90923-102412,3B,Elehuris,Elehuris Montero,Montero,6.618750095367432,16,2200,COL@ARI,COL,ARI,,,,,,3B/UTIL
90923-104483,1B,Jared,Jared Walsh,Walsh,3.1,5,2200,LAA@CWS,LAA,CWS,,,,,,C/1B/UTIL
90923-170471,OF,Oscar,Oscar Gonzalez,Gonzalez,4.1,25,2200,CLE@BAL,CLE,BAL,,,,,,OF/UTIL
90923-82558,OF,Conner,Conner Capel,Capel,5.280769348144531,26,2200,ATL@OAK,OAK,ATL,,,,,,OF/UTIL
90923-52150,OF,Clint,Clint Frazier,Frazier,7.625,8,2200,LAA@CWS,CWS,LAA,,,,,,OF/UTIL
90923-82977,SS/OF,Isiah,Isiah Kiner-Falefa,Kiner-Falefa,5.752381097702753,42,2200,NYY@SEA,NYY,SEA,,,,,,SS/OF/UTIL
90923-13412,1B,Donovan,Donovan Solano,Solano,4.774418675622274,43,2200,MIN@HOU,MIN,HOU,,,,,0,C/1B/UTIL
90923-60641,OF/2B,Nick,Nick Gordon,Gordon,4.5911766501034,34,2200,MIN@HOU,MIN,HOU,IL,Lower leg,,,0,2B/OF/UTIL
90923-146722,OF,Canaan,Canaan Smith-Njigba,Smith-Njigba,4.721428462437221,14,2200,PIT@SF,PIT,SF,,,,,,OF/UTIL
90923-79195,3B/OF,Miguel,Miguel Andujar,Andujar,5.338461655836839,13,2200,PIT@SF,PIT,SF,,,,,,3B/OF/UTIL
90923-101753,OF/SS,Dylan,Dylan Moore,Moore,6.83831787109375,107,2200,NYY@SEA,SEA,NYY,IL,Oblique,,,,SS/OF/UTIL
90923-101807,C,Seby,Seby Zavala,Zavala,3.7093749046325684,32,2200,LAA@CWS,CWS,LAA,,,,,,C/1B/UTIL
90923-13771,3B/OF,Josh,Josh Harrison,Harrison,3.5120001220703125,25,2200,PHI@NYM,PHI,NYM,,,,,0,3B/OF/UTIL
90923-102322,2B/3B,Nick,Nick Madrigal,Madrigal,5.26000017438616,35,2200,TB@CHC,CHC,TB,,,,,,2B/3B/UTIL
90923-180208,2B,Miles,Miles Mastrobuoni,Mastrobuoni,3.722727342085405,22,2200,TB@CHC,CHC,TB,,,,,,2B/UTIL
90923-116841,2B/OF,Sam,Sam Haggerty,Haggerty,4.1400001525878904,20,2100,NYY@SEA,SEA,NYY,,,,,,2B/OF/UTIL
90923-135288,SS,Alan,Alan Trejo,Trejo,5.5500000847710504,36,2100,COL@ARI,COL,ARI,,,,,,SS/UTIL
90923-116867,C,Tyler,Tyler Heineman,Heineman,5.066666603088379,3,2100,MIL@TOR,TOR,MIL,,,,,,C/1B/UTIL
90923-135310,C,Chadwick,Chadwick Tromp,Tromp,2.616666634877523,6,2100,ATL@OAK,ATL,OAK,,,,,,C/1B/UTIL
90923-119305,OF,Kyle,Kyle Stowers,Stowers,1.2133333841959635,15,2100,CLE@BAL,BAL,CLE,IL,Shoulder,,,,OF/UTIL
90923-119337,1B,Michael,Michael Toglia,Toglia,3.7,10,2100,COL@ARI,COL,ARI,,,,,,C/1B/UTIL
90923-17012,C,Curt,Curt Casali,Casali,2.7320001220703123,25,2100,CIN@BOS,CIN,BOS,,,,,0,C/1B/UTIL
90923-164513,SS,Joey,Joey Ortiz,Ortiz,4.6181817488236865,11,2100,CLE@BAL,BAL,CLE,,,,,,SS/UTIL
90923-82616,2B/3B/SS,Luis,Luis Guillorme,Guillorme,3.8607142312186107,28,2100,PHI@NYM,NYM,PHI,,,,,0,2B/3B/SS/UTIL
90923-82626,OF,Adam,Adam Haseley,Haseley,2.738461421086238,26,2100,LAA@CWS,CWS,LAA,,,,,,OF/UTIL
90923-82642,OF,Heliot,Heliot Ramos,Ramos,3.4111111958821616,9,2100,PIT@SF,SF,PIT,IL,Oblique,,,,OF/UTIL
90923-17171,C,James,James McCann,McCann,5.076000061035156,25,2100,CLE@BAL,BAL,CLE,,,,,,C/1B/UTIL
90923-17198,2B/3B,Tommy,Tommy La Stella,La Stella,3.116666793823242,12,2100,NYY@SEA,SEA,NYY,,,,,,2B/3B/UTIL
90923-68533,OF,Brett,Brett Phillips,Phillips,2.3299999237060547,20,2100,LAA@CWS,LAA,CWS,,,,,,OF/UTIL
90923-13304,C,Tucker,Tucker Barnhart,Barnhart,2.834615267240084,26,2100,TB@CHC,CHC,TB,,,,,,C/1B/UTIL
90923-13390,SS/2B,Miguel,Miguel Rojas,Rojas,4.378787878787879,33,2100,WSH@LAD,LAD,WSH,,,,,,2B/SS/UTIL
90923-38004,C,Austin,Austin Hedges,Hedges,4.353571483067104,28,2100,PIT@SF,PIT,SF,,,,,,C/1B/UTIL
90923-21637,OF,Jackie,Jackie Bradley Jr.,Bradley Jr.,3.58974358974359,39,2100,KC@STL,KC,STL,,,,,0,OF/UTIL
90923-38100,1B/SS,Matt,Matt Reynolds,Reynolds,3.0999999046325684,2,2100,CIN@BOS,CIN,BOS,,,,,0,C/1B/SS/UTIL
90923-79087,2B,Michael,Michael Chavis,Chavis,2.673333231608073,15,2100,WSH@LAD,WSH,LAD,,,,,,2B/UTIL
90923-85277,2B,Cavan,Cavan Biggio,Biggio,5.109677222467238,31,2100,MIL@TOR,TOR,MIL,,,,,,2B/UTIL
90923-38297,C,Austin,Austin Barnes,Barnes,3.352173846700917,23,2100,WSH@LAD,LAD,WSH,,,,,,C/1B/UTIL
90923-101821,3B,Edwin,Edwin Rios,Rios,2.9176469690659466,17,2100,TB@CHC,CHC,TB,,,,,,3B/UTIL
90923-118204,OF,Ryan,Ryan McKenna,McKenna,3.3333333333333335,42,2100,CLE@BAL,BAL,CLE,,,,,,OF/UTIL
90923-101820,OF,Matt,Matt Beaty,Beaty,2.424999952316284,4,2100,PIT@SF,SF,PIT,,,,,,OF/UTIL
90923-173546,OF,Nate,Nate Eaton,Eaton,1.5960000610351563,25,2100,KC@STL,KC,STL,,,,,0,OF/UTIL
90923-181820,OF,Brett,Brett Wisely,Wisely,4.396551724137931,29,2100,PIT@SF,SF,PIT,,,,,,OF/UTIL
90923-165544,2B/3B,Lenyn,Lenyn Sosa,Sosa,3.240909229625355,22,2100,LAA@CWS,CWS,LAA,,,,,,2B/3B/UTIL
90923-163704,OF,Cooper,Cooper Hummel,Hummel,3.0399999618530273,10,2100,NYY@SEA,SEA,NYY,,,,,,OF/UTIL
90923-102380,SS,Nick,Nick Allen,Allen,3.4645161782541583,31,2100,ATL@OAK,OAK,ATL,,,,,,SS/UTIL
90923-102406,2B,Vidal,Vidal Brujan,Brujan,4.045454545454546,11,2000,TB@CHC,TB,CHC,,,,,,2B/UTIL
90923-102418,OF,Eli,Eli White,White,2.5333333015441895,6,2000,ATL@OAK,ATL,OAK,,,,,,OF/UTIL
90923-79896,C,Luis,Luis Torrens,Torrens,2.692857197352818,14,2000,WSH@LAD,WSH,LAD,,,,,,C/1B/UTIL
90923-102475,SS,Brayan,Brayan Rocchio,Rocchio,3.1666666666666665,3,2000,CLE@BAL,CLE,BAL,,,,,,SS/UTIL
90923-102486,OF,Blake,Blake Perkins,Perkins,0.6199999809265136,10,2000,MIL@TOR,MIL,TOR,,,,,,OF/UTIL
90923-135260,C,Logan,Logan O'Hoppe,O'Hoppe,10.21875,16,2000,LAA@CWS,LAA,CWS,IL,Shoulder,,,,C/1B/UTIL
90923-82021,C,Tomas,Tomas Nido,Nido,2.0714285714285716,21,2000,PHI@NYM,NYM,PHI,,,,,0,C/1B/UTIL
90923-135282,OF,Josh,Josh Palacios,Palacios,3.9625000953674316,8,2000,PIT@SF,PIT,SF,,,,,,OF/UTIL
90923-135293,3B,Drew,Drew Maggi,Maggi,5.233333269755046,3,2000,PIT@SF,PIT,SF,,,,,,3B/UTIL
90923-73871,C,Carson,Carson Kelly,Kelly,6.4714285714285715,105,2000,COL@ARI,ARI,COL,IL,Forearm,,,0,C/1B/UTIL
90923-135314,2B/SS,Ernie,Ernie Clement,Clement,3.2333332697550454,3,2000,MIL@TOR,TOR,MIL,,,,,,2B/SS/UTIL
90923-184480,C,Cesar,Cesar Salazar,Salazar,1.355555534362793,9,2000,MIN@HOU,HOU,MIN,,,,,,C/1B/UTIL
90923-102584,C,Tres,Tres Barrera,Barrera,0,6,2000,KC@STL,STL,KC,,,,,0,C/1B/UTIL
90923-135364,OF,Jordan,Jordan Walker,Walker,8.905000305175781,20,2000,KC@STL,STL,KC,,,,,0,OF/UTIL
90923-178382,C,Carlos,Carlos Perez,Perez,1,3,2000,LAA@CWS,CWS,LAA,,,,,,C/1B/UTIL
90923-145618,SS,Otto,Otto Lopez,Lopez,3.9375,8,2000,MIL@TOR,TOR,MIL,,,,,,SS/UTIL
90923-170321,C,Brian,Brian Serven,Serven,1.55,10,2000,COL@ARI,COL,ARI,,,,,,C/1B/UTIL
90923-119304,SS,Braden,Braden Shewmake,Shewmake,0,2,2000,ATL@OAK,ATL,OAK,,,,,,SS/UTIL
90923-119333,SS,Tyler,Tyler Freeman,Freeman,5.228571210588727,7,2000,CLE@BAL,CLE,BAL,,,,,,SS/UTIL
90923-158244,3B,Yonny,Yonny Hernandez,Hernandez,0,1,2000,WSH@LAD,LAD,WSH,,,,,,3B/UTIL
90923-80459,OF,Franchy,Franchy Cordero,Cordero,6.668420892012747,19,2000,NYY@SEA,NYY,SEA,,,,,,OF/UTIL
90923-119377,OF,Matt,Matt Wallner,Wallner,7.327272588556463,11,2000,MIN@HOU,MIN,HOU,,,,,0,OF/UTIL
90923-119401,C,Rafael,Rafael Marchan,Marchan,,,2000,PHI@NYM,PHI,NYM,IL,Wrist,,,0,C/1B/UTIL
90923-176777,OF,Cal,Cal Stevenson,Stevenson,2.0333333015441895,6,2000,PHI@NYM,PHI,NYM,,,,,0,OF/UTIL
90923-119445,C,Israel,Israel Pineda,Pineda,2.299999952316284,4,2000,WSH@LAD,WSH,LAD,IL,Finger,,,,C/1B/UTIL
90923-21165,C,Roberto,Roberto Perez,Perez,3.1,5,2000,PIT@SF,SF,PIT,IL,Shoulder,,,,C/1B/UTIL
90923-82608,SS,Royce,Royce Lewis,Lewis,8.541666666666666,12,2000,MIN@HOU,MIN,HOU,,,,,6,SS/UTIL
90923-82619,OF,Estevan,Estevan Florial,Florial,0,1,2000,NYY@SEA,NYY,SEA,,,,,,OF/UTIL
90923-82620,OF,Nick,Nick Solak,Solak,3.200000047683716,1,2000,ATL@OAK,ATL,OAK,,,,,,OF/UTIL
90923-82637,1B,Evan,Evan White,White,,,2000,NYY@SEA,SEA,NYY,IL,Hip,,,,C/1B/UTIL
90923-187103,SS,Andruw,Andruw Monasterio,Monasterio,,,2000,MIL@TOR,MIL,TOR,,,,,,SS/UTIL
90923-82659,3B,Carter,Carter Kieboom,Kieboom,,,2000,WSH@LAD,WSH,LAD,,,,,,3B/UTIL
90923-13034,3B,Charlie,Charlie Culberson,Culberson,3.611428615025112,70,2000,ATL@OAK,ATL,OAK,,,,,,3B/UTIL
90923-70518,2B/3B,Taylor,Taylor Motter,Motter,3.4375,8,2000,KC@STL,STL,KC,,,,,0,2B/3B/UTIL
90923-170879,C,Chris,Chris Okey,Okey,0,2,2000,LAA@CWS,LAA,CWS,,,,,,C/1B/UTIL
90923-13209,C,Manny,Manny Pina,Pina,4.44000015258789,5,2000,ATL@OAK,OAK,ATL,IL,Wrist,,,,C/1B/UTIL
90923-68537,OF/2B/SS,Tyler,Tyler Wade,Wade,3.9200000762939453,10,2000,ATL@OAK,OAK,ATL,,,,,,2B/SS/OF/UTIL
90923-52158,2B/SS,Trevor,Trevor Story,Story,11.1553188892121,94,2000,CIN@BOS,BOS,CIN,IL,Elbow,,,0,2B/SS/UTIL
90923-68554,SS,Andrew,Andrew Velazquez,Velazquez,5.3312001953125,125,2000,LAA@CWS,LAA,CWS,IL,Undisclosed,,,,SS/UTIL
90923-80847,OF,Mike,Mike Tauchman,Tauchman,6.759999847412109,10,2000,TB@CHC,CHC,TB,,,,,,OF/UTIL
90923-68582,2B,Brendan,Brendan Rodgers,Rodgers,9.006521916043932,138,2000,COL@ARI,COL,ARI,IL,Shoulder,,,,2B/UTIL
90923-13368,OF,Billy,Billy Hamilton,Hamilton,6.133333206176758,3,2000,LAA@CWS,CWS,LAA,IL,Hamstring,,,,OF/UTIL
90923-13378,2B/SS,Leury,Leury Garcia,Garcia,4.8747475363991475,99,2000,LAA@CWS,CWS,LAA,,,,,,2B/SS/UTIL
90923-171112,1B,Sean,Sean Bouchard,Bouchard,9.048148261176216,27,2000,COL@ARI,COL,ARI,IL,Biceps,,,,C/1B/UTIL
90923-13422,OF,Jake,Jake Marisnick,Marisnick,0.3555555608537462,9,2000,LAA@CWS,CWS,LAA,,,,,,OF/UTIL
90923-13436,C,Max,Max Stassi,Stassi,6.180392396216299,102,2000,LAA@CWS,LAA,CWS,IL,Personal,,,,C/1B/UTIL
90923-38074,OF,Corey,Corey Dickerson,Dickerson,10.290908813476562,11,2000,WSH@LAD,WSH,LAD,,,,,,OF/UTIL
90923-13501,SS/2B,Chris,Chris Owings,Owings,1.125,8,2000,PIT@SF,PIT,SF,,,,,,2B/SS/UTIL
90923-83143,OF,Oscar,Oscar Mercado,Mercado,7.80999984741211,10,2000,KC@STL,STL,KC,,,,,0,OF/UTIL
90923-13535,SS/3B,Ehire,Ehire Adrianza,Adrianza,0.5,6,2000,ATL@OAK,ATL,OAK,IL,Shoulder,,,,3B/SS/UTIL
90923-83180,C,Meibrys,Meibrys Viloria,Viloria,0.3,10,2000,LAA@CWS,LAA,CWS,,,,,,C/1B/UTIL
90923-83191,C,Austin,Austin Wynns,Wynns,5.830769465519832,13,2000,COL@ARI,COL,ARI,,,,,,C/1B/UTIL
90923-85249,1B,Bobby,Bobby Dalbec,Dalbec,2.6500000953674316,8,2000,CIN@BOS,BOS,CIN,,,,,0,C/1B/UTIL
90923-79112,3B,Yu,Yu Chang,Chang,5.611111111111111,18,2000,CIN@BOS,BOS,CIN,IL,Wrist,,,0,3B/UTIL
90923-79115,OF,Greg,Greg Allen,Allen,4.100000063578288,6,2000,NYY@SEA,NYY,SEA,,,,,,OF/UTIL
90923-146697,OF,Garrett,Garrett Mitchell,Mitchell,9.300000190734863,16,2000,MIL@TOR,MIL,TOR,IL,Shoulder,,,,OF/UTIL
90923-79119,OF,Will,Will Benson,Benson,0.75,12,2000,CIN@BOS,CIN,BOS,,,,,8,OF/UTIL
90923-85273,3B,Rylan,Rylan Bannon,Bannon,0,2,2000,MIN@HOU,HOU,MIN,O,Finger,,,,3B/UTIL
90923-79128,C,Garrett,Garrett Stubbs,Stubbs,4.781818043101918,11,2000,PHI@NYM,PHI,NYM,,,,,0,C/1B/UTIL
90923-85279,C,Miguel,Miguel Amaya,Amaya,3.6666666666666665,6,2000,TB@CHC,CHC,TB,,,,,,C/1B/UTIL
90923-185632,C,David,David Fry,Fry,1.524999976158142,8,2000,CLE@BAL,CLE,BAL,,,,,,C/1B/UTIL
90923-79141,1B,Ryan,Ryan O'Hearn,O'Hearn,7.143750190734863,16,2000,CLE@BAL,BAL,CLE,,,,,,C/1B/UTIL
90923-79156,SS,David,David Fletcher,Fletcher,1.1875,8,2000,LAA@CWS,LAA,CWS,,,,,,SS/UTIL
90923-136504,C,Patrick,Patrick Bailey,Bailey,12.700000339084202,9,2000,PIT@SF,SF,PIT,,,,,,C/1B/UTIL
90923-85320,C,Michael,Michael Perez,Perez,9.100000381469727,2,2000,PHI@NYM,NYM,PHI,,,,,0,C/1B/UTIL
90923-79190,C,Ben,Ben Rortvedt,Rortvedt,4.279999923706055,5,2000,NYY@SEA,NYY,SEA,,,,,,C/1B/UTIL
90923-79215,1B,Rhys,Rhys Hoskins,Hoskins,10.234104046242775,173,2000,PHI@NYM,PHI,NYM,IL,Knee,,,0,C/1B/UTIL
90923-5488,1B,Joey,Joey Votto,Votto,8.37032980447287,91,2000,CIN@BOS,CIN,BOS,IL,Shoulder,,,0,C/1B/UTIL
90923-79225,3B/SS/2B,Luis,Luis Urias,Urias,0,1,2000,MIL@TOR,MIL,TOR,IL,Hamstring,,,,2B/3B/SS/UTIL
90923-79234,OF,Kyle,Kyle Lewis,Lewis,5.200000127156575,6,2000,COL@ARI,ARI,COL,IL,Illness,,,0,OF/UTIL
90923-152972,2B/3B/SS,Luke,Luke Williams,Williams,2.25,4,2000,WSH@LAD,LAD,WSH,,,,,,2B/3B/SS/UTIL
90923-181662,OF,Nathan,Nathan Lukes,Lukes,1.8777777353922527,18,2000,MIL@TOR,TOR,MIL,,,,,,OF/UTIL
90923-181790,OF,Diego,Diego Hernandez,Hernandez,,,2000,KC@STL,KC,STL,IL,Shoulder,,,0,OF/UTIL
90923-175654,OF,Bryce,Bryce Johnson,Johnson,3.378260736880095,23,2000,PIT@SF,SF,PIT,,,,,,OF/UTIL
90923-181802,3B,Jake,Jake Alu,Alu,4.5,4,2000,WSH@LAD,WSH,LAD,,,,,,3B/UTIL
90923-81506,OF,Jordan,Jordan Luplow,Luplow,1.5499999523162842,4,2000,MIL@TOR,TOR,MIL,,,,,,OF/UTIL
90923-116339,3B/2B,Abraham,Abraham Toro,Toro,5.8412845156608375,109,2000,MIL@TOR,MIL,TOR,,,,,,2B/3B/UTIL
90923-161418,2B/OF,Romy,Romy Gonzalez,Gonzalez,4.6516128047820064,31,2000,LAA@CWS,CWS,LAA,,,,,,2B/OF/UTIL
90923-81570,C,Cam,Cam Gallagher,Gallagher,2.2100000381469727,20,2000,CLE@BAL,CLE,BAL,,,,,,C/1B/UTIL
90923-14000,1B/OF,Darin,Darin Ruf,Ruf,4.6166665818956165,18,2000,MIL@TOR,MIL,TOR,,,,,,C/1B/OF/UTIL
90923-163662,2B,Jonathan,Jonathan Aranda,Aranda,4.84375,32,2000,TB@CHC,TB,CHC,,,,,,2B/UTIL
90923-104273,C,Anthony,Anthony Bemboom,Bemboom,1,3,2000,CLE@BAL,BAL,CLE,,,,,,C/1B/UTIL
90923-102285,OF,Cristian,Cristian Pache,Pache,3.6333334181043835,18,2000,PHI@NYM,PHI,NYM,IL,Knee,,,0,OF/UTIL
90923-171923,1B,Darick,Darick Hall,Hall,4.116666793823242,6,2000,PHI@NYM,PHI,NYM,IL,Thumb,,,0,C/1B/UTIL
90923-102288,OF,Drew,Drew Waters,Waters,3.8499999046325684,4,2000,KC@STL,KC,STL,,,,,9,OF/UTIL
90923-102315,C,Bo,Bo Naylor,Naylor,0,1,2000,CLE@BAL,CLE,BAL,,,,,,C/1B/UTIL
90923-102317,SS,Terrin,Terrin Vavra,Vavra,3.9730770404522238,26,2000,CLE@BAL,BAL,CLE,,,,,,SS/UTIL
90923-102320,OF,Luis,Luis Gonzalez,Gonzalez,7.379591961296237,98,2000,PIT@SF,SF,PIT,IL,Back,,,,OF/UTIL
90923-102340,SS,Jeter,Jeter Downs,Downs,3,1,2000,WSH@LAD,WSH,LAD,IL,Undisclosed,,,,SS/UTIL
90923-81869,C,Chad,Chad Wallach,Wallach,6.817647148581112,17,2000,LAA@CWS,LAA,CWS,,,,,,C/1B/UTIL
90923-102356,OF,Gilberto,Gilberto Celestino,Celestino,4.819672131147541,122,2000,MIN@HOU,MIN,HOU,IL,Thumb,,,0,OF/UTIL
90923-102389,SS,Oneil,Oneil Cruz,Cruz,12.377777947319878,9,2000,PIT@SF,PIT,SF,IL,Lower leg,,,,SS/UTIL