Id,Position,First Name,Nickname,Last Name,FPPG,Played,Salary,Game,Team,Opponent,Injury Indicator,Injury Details,Tier,Probable Pitcher,Batting Order,Roster Position
90623-85251,P,Zac,Zac Gallen,Gallen,39.9,10,11600,ARI@PIT,ARI,PIT,,,,,,P
90623-79217,P,Mitch,Mitch Keller,Keller,43.333333333333336,9,11500,ARI@PIT,PIT,ARI,,,,Yes,,P
90623-52859,P,Jacob,Jacob deGrom,deGrom,37.166666666666664,6,11400,COL@TEX,TEX,COL,IL,Elbow,,,,P
90623-102407,P,Shane,Shane McClanahan,McClanahan,40.6,10,11200,MIL@TB,TB,MIL,,,,,,P
90623-82554,P,Shane,Shane Bieber,Bieber,31.555555555555557,9,11200,CLE@NYM,CLE,NYM,,,,,,P
90623-85476,P,Jeffrey,Jeffrey Springs,Springs,45.666666666666664,4,11000,MIL@TB,TB,MIL,IL,Elbow,,,,P
90623-16956,P,Gerrit,Gerrit Cole,Cole,40.8,10,11000,NYY@CIN,NYY,CIN,,,,,,P
90623-83190,P,Freddy,Freddy Peralta,Peralta,33.625,9,10900,MIL@TB,MIL,TB,,,,,,P
90623-5202,P,Justin,Justin Verlander,Verlander,26.333333333333332,4,10800,CLE@NYM,NYM,CLE,,,,,,P
90623-101839,P,Logan,Logan Webb,Webb,36.666666666666664,9,10800,MIA@SF,SF,MIA,,,,Yes,,P
90623-13233,P,Nathan,Nathan Eovaldi,Eovaldi,40.111111111111114,9,10800,COL@TEX,TEX,COL,,,,,,P
90623-85599,P,Framber,Framber Valdez,Valdez,39.77777777777778,9,10700,OAK@HOU,HOU,OAK,,,,,,P
90623-52142,P,Eduardo,Eduardo Rodriguez,Rodriguez,36.77777777777778,9,10600,DET@WSH,DET,WSH,,,,,,P
90623-79245,P,Sandy,Sandy Alcantara,Alcantara,29.375,8,10400,MIA@SF,MIA,SF,,,,,,P
90623-101810,P,Justin,Justin Steele,Steele,36.22222222222222,10,10400,CHC@PHI,CHC,PHI,,,,,,P
90623-119361,P,Drew,Drew Rasmussen,Rasmussen,34,9,10300,MIL@TB,TB,MIL,IL,Elbow,,,,P
90623-60633,P,Carlos,Carlos Rodon,Rodon,39.41935483870968,31,10200,NYY@CIN,NYY,CIN,IL,Back,,,,P
90623-80582,P,Brandon,Brandon Woodruff,Woodruff,38.5,3,10200,MIL@TB,MIL,TB,IL,Shoulder,,,,P
90623-165698,P,Taj,Taj Bradley,Bradley,34,4,10200,MIL@TB,TB,MIL,,,,,,P
90623-68482,P,Zach,Zach Eflin,Eflin,35,8,10200,MIL@TB,TB,MIL,,,,Yes,,P
90623-5481,P,Max,Max Scherzer,Scherzer,23,6,10000,CLE@NYM,NYM,CLE,,,,Yes,,P
90623-82604,P,Corbin,Corbin Burnes,Burnes,30.77777777777778,9,10000,MIL@TB,MIL,TB,,,,,,P
90623-102335,P,Cristian,Cristian Javier,Javier,35.77777777777778,9,10000,OAK@HOU,HOU,OAK,,,,,,P
90623-82635,P,MacKenzie,MacKenzie Gore,Gore,32.22222222222222,10,9900,DET@WSH,WSH,DET,,,,,,P
90623-79118,P,Triston,Triston McKenzie,McKenzie,34.6764705882353,34,9800,CLE@NYM,CLE,NYM,IL,Shoulder,,,,P
90623-60644,P,Luis,Luis Severino,Severino,31.38095238095238,21,9700,NYY@CIN,NYY,CIN,IL,Lat,,,,P
90623-101881,P,Merrill,Merrill Kelly,Kelly,35,9,9700,ARI@PIT,ARI,PIT,,,,,,P
90623-135212,P,Luis,Luis Garcia,Garcia,31.6,6,9600,OAK@HOU,HOU,OAK,IL,Elbow,,,,P
90623-146687,P,Hunter,Hunter Brown,Brown,32.5,8,9600,OAK@HOU,HOU,OAK,,,,Yes,,P
90623-13123,P,Alex,Alex Cobb,Cobb,31.77777777777778,10,9600,MIA@SF,SF,MIA,,,,,,P
90623-39041,P,Marcus,Marcus Stroman,Stroman,31.4,10,9500,CHC@PHI,CHC,PHI,,,,,,P
90623-82557,P,Aaron,Aaron Civale,Civale,30,2,9500,CLE@NYM,CLE,NYM,IL,Oblique,,,,P
90623-52155,P,Jon,Jon Gray,Gray,27.375,8,9500,COL@TEX,TEX,COL,,,,Yes,,P
90623-52183,P,Tyler,Tyler Glasnow,Glasnow,25.666666666666668,3,9500,MIL@TB,TB,MIL,IL,Oblique,,,,P
90623-185490,P,Logan,Logan Allen,Allen,30,5,9400,CLE@NYM,CLE,NYM,,,,,,P
90623-16960,P,Zack,Zack Wheeler,Wheeler,33.44444444444444,9,9400,CHC@PHI,PHI,CHC,,,,,,P
90623-181805,P,J.P.,J.P. France,France,21.666666666666668,3,9300,OAK@HOU,HOU,OAK,,,,,,P
90623-60647,P,Aaron,Aaron Nola,Nola,27.77777777777778,9,9200,CHC@PHI,PHI,CHC,,,,Yes,,P
90623-79280,P,Jesus,Jesus Luzardo,Luzardo,33.666666666666664,10,9200,MIA@SF,MIA,SF,,,,,,P
90623-182153,P,Kodai,Kodai Senga,Senga,34.5,9,9200,CLE@NYM,NYM,CLE,,,,,,P
90623-52167,P,Andrew,Andrew Heaney,Heaney,28.625,8,9200,COL@TEX,TEX,COL,,,,,,P
90623-53607,P,Anthony,Anthony DeSclafani,DeSclafani,30.25,9,9100,MIA@SF,SF,MIA,,,,,,P
90623-82607,P,Trevor,Trevor Rogers,Rogers,24.25,5,9100,MIA@SF,MIA,SF,IL,Biceps,,,,P
90623-17087,P,Drew,Drew Smyly,Smyly,31.22222222222222,10,9000,CHC@PHI,CHC,PHI,,,,,,P
90623-62872,P,Vince,Vince Velasquez,Velasquez,30.285714285714285,7,8900,ARI@PIT,PIT,ARI,IL,Elbow,,,,P
90623-102502,P,Josiah,Josiah Gray,Gray,31.444444444444443,10,8800,DET@WSH,WSH,DET,,,,,,P
90623-185501,P,Tanner,Tanner Bibee,Bibee,29.75,4,8800,CLE@NYM,CLE,NYM,,,,Yes,,P
90623-82550,P,Hunter,Hunter Greene,Greene,27.555555555555557,9,8800,NYY@CIN,CIN,NYY,,,,,,P
90623-5983,P,Rich,Rich Hill,Hill,27.88888888888889,9,8800,ARI@PIT,PIT,ARI,,,,,,P
90623-60632,P,Kyle,Kyle Freeland,Freeland,29.11111111111111,9,8700,COL@TEX,COL,TEX,,,,Yes,,P
90623-52159,P,Lance,Lance McCullers Jr.,McCullers Jr.,34.09090909090909,11,8700,OAK@HOU,HOU,OAK,IL,Forearm,,,,P
90623-83157,P,Ranger,Ranger Suarez,Suarez,10.5,2,8600,CHC@PHI,PHI,CHC,,,,,,P
90623-119329,P,Nick,Nick Lodolo,Lodolo,26.857142857142858,7,8600,NYY@CIN,CIN,NYY,IL,Lower leg,,,,P
90623-72265,P,Matt,Matt Strahm,Strahm,21.9,10,8600,CHC@PHI,PHI,CHC,,,,,,P
90623-82599,P,Edward,Edward Cabrera,Cabrera,26.555555555555557,10,8600,MIA@SF,MIA,SF,DTD,Finger,,,,P
90623-165599,P,Eury,Eury Perez,Perez,32.5,2,8500,MIA@SF,MIA,SF,,,,,,P
90623-11328,P,Martin,Martin Perez,Perez,26.444444444444443,9,8400,COL@TEX,TEX,COL,,,,,,P
90623-12972,P,Wade,Wade Miley,Miley,22.5,9,8400,MIL@TB,MIL,TB,IL,Lat,,,,P
90623-82618,P,David,David Peterson,Peterson,19.125,9,8400,CLE@NYM,NYM,CLE,,,,,,P
90623-102515,P,Aaron,Aaron Ashby,Ashby,20.925925925925927,27,8300,MIL@TB,MIL,TB,IL,Shoulder,,,,P
90623-79226,P,Eric,Eric Lauer,Lauer,26,9,8300,MIL@TB,MIL,TB,,,,,,P
90623-82636,P,Joey,Joey Lucchesi,Lucchesi,19,5,8300,CLE@NYM,NYM,CLE,,,,,,P
90623-82775,P,Nestor,Nestor Cortes,Cortes,26.77777777777778,10,8300,NYY@CIN,NYY,CIN,,,,,,P
90623-102684,P,Jake,Jake Irvin,Irvin,19,4,8200,DET@WSH,WSH,DET,,,,,,P
90623-65987,P,Domingo,Domingo German,German,27.88888888888889,10,8200,NYY@CIN,NYY,CIN,NA,Suspension,,,,P
90623-21099,P,Jose,Jose Quintana,Quintana,25.545454545454547,33,8200,CLE@NYM,NYM,CLE,IL,Ribs,,,,P
90623-118397,P,Trevor,Trevor Megill,Megill,9,1,8200,MIL@TB,MIL,TB,,,,,,P
90623-119391,P,Roansy,Roansy Contreras,Contreras,24.875,8,8100,ARI@PIT,PIT,ARI,,,,,,P
90623-165520,P,Peyton,Peyton Battenfield,Battenfield,19,7,8100,CLE@NYM,CLE,NYM,IL,Shoulder,,,,P
90623-110822,P,Jose,Jose Urquidy,Urquidy,20,6,8000,OAK@HOU,HOU,OAK,IL,Shoulder,,,,P
90623-5498,P,Johnny,Johnny Cueto,Cueto,-9,2,8000,MIA@SF,MIA,SF,IL,Biceps,,,,P
90623-52728,P,Michael,Michael Lorenzen,Lorenzen,27.5,6,8000,DET@WSH,DET,WSH,,,,,,P
90623-21097,P,Taijuan,Taijuan Walker,Walker,20.555555555555557,9,8000,CHC@PHI,PHI,CHC,,,,,,P
90623-63781,P,Frankie,Frankie Montas,Montas,26.321428571428573,28,7900,NYY@CIN,NYY,CIN,IL,Shoulder,,,,P
90623-119340,P,Tarik,Tarik Skubal,Skubal,30.857142857142858,21,7900,DET@WSH,DET,WSH,IL,Elbow,,,,P
90623-63136,P,Matthew,Matthew Boyd,Boyd,19.5,9,7900,DET@WSH,DET,WSH,,,,,,P
90623-163670,P,Cody,Cody Morris,Morris,18.375,8,7900,CLE@NYM,CLE,NYM,IL,Lat,,,,P
90623-154714,P,Tylor,Tylor Megill,Megill,24.666666666666668,9,7800,CLE@NYM,NYM,CLE,,,,,,P
90623-13664,P,Patrick,Patrick Corbin,Corbin,22,9,7800,DET@WSH,WSH,DET,,,,Yes,,P
90623-79228,P,Cal,Cal Quantrill,Quantrill,22.555555555555557,9,7800,CLE@NYM,CLE,NYM,,,,,,P
90623-165508,P,Graham,Graham Ashcraft,Ashcraft,23,9,7800,NYY@CIN,CIN,NYY,,,,,,P
90623-163693,P,Adam,Adam Oller,Oller,4.222222222222222,9,7800,OAK@HOU,OAK,HOU,,,,,,P
90623-101838,P,JT,JT Brubaker,Brubaker,24.928571428571427,28,7700,ARI@PIT,PIT,ARI,IL,Elbow,,,,P
90623-82621,P,Clarke,Clarke Schmidt,Schmidt,22.3,11,7700,NYY@CIN,NYY,CIN,,,,,,P
90623-165636,P,Hayden,Hayden Wesneski,Wesneski,20,9,7700,CHC@PHI,CHC,PHI,,,,,,P
90623-165642,P,Mason,Mason Miller,Miller,28.5,4,7700,OAK@HOU,OAK,HOU,IL,Elbow,,,,P
90623-119426,P,Johan,Johan Oviedo,Oviedo,25.77777777777778,9,7600,ARI@PIT,PIT,ARI,,,,,,P
90623-52165,P,Sean,Sean Manaea,Manaea,13.333333333333334,10,7600,MIA@SF,SF,MIA,,,,,,P
90623-79133,P,Matt,Matt Manning,Manning,22,3,7500,DET@WSH,DET,WSH,IL,Foot,,,,P
90623-135221,P,Cade,Cade Cavalli,Cavalli,10,1,7400,DET@WSH,WSH,DET,IL,Elbow,,,,P
90623-6266,P,Carlos,Carlos Carrasco,Carrasco,8.75,5,7400,CLE@NYM,NYM,CLE,,,,,,P
90623-119299,P,Drey,Drey Jameson,Jameson,15,6,7400,ARI@PIT,ARI,PIT,,,,,,P
90623-163685,P,JP,JP Sears,Sears,24.125,8,7400,OAK@HOU,OAK,HOU,,,,Yes,,P
90623-145625,P,Bailey,Bailey Falter,Falter,18,8,7300,CHC@PHI,PHI,CHC,,,,,,P
90623-79172,P,Luis,Luis Ortiz,Ortiz,6.375,8,7300,CHC@PHI,PHI,CHC,,,,,,P
90623-161465,P,Ryan,Ryan Feltner,Feltner,19,8,7300,COL@TEX,COL,TEX,IL,Head,,,,P
90623-68561,P,Luke,Luke Weaver,Weaver,22.4,5,7300,NYY@CIN,CIN,NYY,,,,Yes,,P
90623-64488,P,Colin,Colin Rea,Rea,16.428571428571427,7,7300,MIL@TB,MIL,TB,,,,,,P
90623-53398,P,Kyle,Kyle Hendricks,Hendricks,22.25,16,7200,CHC@PHI,CHC,PHI,IL,Shoulder,,,,P
90623-79161,P,Braxton,Braxton Garrett,Garrett,19.75,9,7200,MIA@SF,MIA,SF,,,,Yes,,P
90623-68517,P,Antonio,Antonio Senzatela,Senzatela,11.5,2,7200,COL@TEX,COL,TEX,IL,Elbow,,,,P
90623-11327,P,Matt,Matt Bush,Bush,2.888888888888889,10,7100,MIL@TB,MIL,TB,IL,Shoulder,,,,P
90623-135245,P,Tommy,Tommy Henry,Henry,17.8,5,7100,ARI@PIT,ARI,PIT,,,,,,P
90623-73880,P,German,German Marquez,Marquez,23.5,4,7100,COL@TEX,COL,TEX,IL,Elbow,,,,P
90623-68483,P,Trevor,Trevor Williams,Williams,20,10,7100,DET@WSH,WSH,DET,,,,,,P
90623-102484,P,Brandon,Brandon Bielak,Bielak,25.25,4,7000,OAK@HOU,HOU,OAK,,,,,,P
90623-38028,P,Alex,Alex Wood,Wood,16,6,7000,MIA@SF,SF,MIA,,,,,,P
90623-83098,P,Austin,Austin Gomber,Gomber,17.22222222222222,9,7000,COL@TEX,COL,TEX,,,,,,P
90623-82573,P,Alex,Alex Faedo,Faedo,22.5,2,7000,DET@WSH,DET,WSH,,,,Yes,,P
90623-17116,P,Jake,Jake Odorizzi,Odorizzi,21.130434782608695,23,7000,COL@TEX,TEX,COL,IL,Shoulder,,,,P
90623-117232,P,Michael,Michael King,King,8.928571428571429,15,6900,NYY@CIN,NYY,CIN,,,,,,P
90623-82630,P,Shane,Shane Baz,Baz,23.333333333333332,6,6900,MIL@TB,TB,MIL,IL,Elbow,,,,P
90623-82810,P,Elieser,Elieser Hernandez,Hernandez,12.85,20,6900,CLE@NYM,NYM,CLE,IL,Shoulder,,,,P
90623-80859,P,Paul,Paul Blackburn,Blackburn,24.09090909090909,22,6900,OAK@HOU,OAK,HOU,IL,Finger,,,,P
90623-66766,P,Adrian,Adrian Houser,Houser,22,3,6800,MIL@TB,MIL,TB,,,,,,P
90623-79103,P,Dane,Dane Dunning,Dunning,17.454545454545453,11,6800,COL@TEX,TEX,COL,,,,,,P
90623-79147,P,Jakob,Jakob Junis,Junis,10.909090909090908,12,6800,MIA@SF,SF,MIA,,,,,,P
90623-16961,P,Jameson,Jameson Taillon,Taillon,16.166666666666668,7,6800,CHC@PHI,CHC,PHI,,,,Yes,,P
90623-82539,P,Jalen,Jalen Beeks,Beeks,5.647058823529412,18,6800,MIL@TB,TB,MIL,,,,,,P
90623-164497,P,Ryne,Ryne Nelson,Nelson,18.22222222222222,9,6800,ARI@PIT,ARI,PIT,,,,,,P
90623-10978,P,Stephen,Stephen Strasburg,Strasburg,8,1,6800,DET@WSH,WSH,DET,IL,Ribs,,,,P
90623-163675,P,Noah,Noah Davis,Davis,15.666666666666666,3,6800,COL@TEX,COL,TEX,IL,Elbow,,,,P
90623-68536,P,James,James Kaprielian,Kaprielian,10,7,6800,OAK@HOU,OAK,HOU,,,,,,P
90623-118195,P,Tejay,Tejay Antone,Antone,,,6700,NYY@CIN,CIN,NYY,IL,Elbow,,,,P
90623-65988,P,Zach,Zach Davies,Davies,15.5,2,6700,ARI@PIT,ARI,PIT,IL,Oblique,,,,P
90623-102297,P,Keegan,Keegan Thompson,Thompson,6.714285714285714,15,6700,CHC@PHI,CHC,PHI,,,,,,P
90623-82840,P,Yonny,Yonny Chirinos,Chirinos,15,7,6600,MIL@TB,TB,MIL,,,,,,P
90623-70649,P,Adrian,Adrian Sampson,Sampson,22.666666666666668,21,6600,CHC@PHI,CHC,PHI,IL,Knee,,,,P
90623-104584,P,Zach,Zach Plesac,Plesac,12.4,5,6500,CLE@NYM,CLE,NYM,,,,,,P
90623-135343,P,Max,Max Meyer,Meyer,10.5,2,6500,MIA@SF,MIA,SF,IL,Elbow,,,,P
90623-161167,P,Glenn,Glenn Otto,Otto,21.925925925925927,27,6500,COL@TEX,TEX,COL,IL,Lat,,,,P
90623-181660,P,Jhony,Jhony Brito,Brito,15.11111111111111,10,6500,NYY@CIN,NYY,CIN,,,,,,P
90623-118225,P,Cristopher,Cristopher Sanchez,Sanchez,19,1,6500,CHC@PHI,PHI,CHC,,,,,,P
90623-175698,P,Hunter,Hunter Gaddis,Gaddis,11.4,5,6400,CLE@NYM,CLE,NYM,,,,,,P
90623-102287,P,Kyle,Kyle Muller,Muller,12.666666666666666,9,6400,OAK@HOU,OAK,HOU,,,,,,P
90623-178415,P,Javier,Javier Assad,Assad,10.6,6,6300,CHC@PHI,CHC,PHI,,,,,,P
90623-159099,P,Connor,Connor Overton,Overton,6,3,6300,NYY@CIN,CIN,NYY,IL,Elbow,,,,P
90623-118206,P,Luis,Luis Gil,Gil,15,1,6300,NYY@CIN,NYY,CIN,IL,Elbow,,,,P
90623-165634,P,Ken,Ken Waldichuk,Waldichuk,17.77777777777778,9,6300,OAK@HOU,OAK,HOU,,,,,,P
90623-79079,P,Joey,Joey Wentz,Wentz,16,9,6200,DET@WSH,DET,WSH,,,,,,P
90623-179725,P,Luis,Luis Ortiz,Ortiz,10.5,2,6200,ARI@PIT,PIT,ARI,,,,,,P
90623-169636,P,Beau,Beau Brieske,Brieske,22.333333333333332,15,6200,DET@WSH,DET,WSH,IL,Elbow,,,,P
90623-163514,P,Adrian,Adrian Martinez,Martinez,9,8,6200,OAK@HOU,OAK,HOU,,,,,,P
90623-163692,P,Jose,Jose Butto,Butto,13,3,6200,CLE@NYM,NYM,CLE,,,,,,P
90623-68518,P,Spencer,Spencer Turnbull,Turnbull,13.714285714285714,8,6200,DET@WSH,DET,WSH,IL,Neck,,,,P
90623-102375,P,Luis,Luis Medina,Medina,21.666666666666668,3,6200,OAK@HOU,OAK,HOU,,,,,,P
90623-102543,P,Connor,Connor Seabold,Seabold,10.2,10,6100,COL@TEX,COL,TEX,,,,,,P
90623-104672,P,Devin,Devin Smeltzer,Smeltzer,6.833333333333333,6,6100,MIA@SF,MIA,SF,,,,,,P
90623-82534,P,Bryse,Bryse Wilson,Wilson,9.666666666666666,13,6100,MIL@TB,MIL,TB,,,,,,P
90623-161450,P,Janson,Janson Junk,Junk,8,1,6100,MIL@TB,MIL,TB,,,,,,P
90623-178306,P,Bryan,Bryan Hoeing,Hoeing,9.666666666666666,6,6000,MIA@SF,MIA,SF,,,,,,P
90623-60646,P,Ben,Ben Lively,Lively,20,3,6000,NYY@CIN,CIN,NYY,,,,,,P
90623-182597,P,Shintaro,Shintaro Fujinami,Fujinami,4.153846153846154,13,6000,OAK@HOU,OAK,HOU,,,,,,P
90623-185701,P,Brandon,Brandon Pfaadt,Pfaadt,11.666666666666666,3,6000,ARI@PIT,ARI,PIT,,,,Yes,,P
90623-177584,P,Xzavion,Xzavion Curry,Curry,10.3,10,6000,CLE@NYM,CLE,NYM,,,,,,P
90623-82631,P,Taylor,Taylor Hearn,Hearn,4.5,4,6000,COL@TEX,TEX,COL,,,,,,P
90623-68484,P,Chad,Chad Kuhl,Kuhl,10.2,6,6000,DET@WSH,WSH,DET,IL,Foot,,,,P
90623-135191,P,Josh,Josh Fleming,Fleming,13.555555555555555,10,5900,MIL@TB,TB,MIL,,,,,,P
90623-79123,P,Tyler,Tyler Alexander,Alexander,5.923076923076923,14,5900,DET@WSH,DET,WSH,,,,,,P
90623-79270,P,Cole,Cole Ragans,Ragans,7.454545454545454,11,5900,COL@TEX,TEX,COL,,,,,,P
90623-38161,P,Chase,Chase Anderson,Anderson,15,3,5800,COL@TEX,COL,TEX,,,,,,P
90623-53608,P,Jose,Jose Urena,Urena,4.4,5,5800,DET@WSH,WSH,DET,,,,,,P
90623-119336,P,Karl,Karl Kauffmann,Kauffmann,13,1,5800,COL@TEX,COL,TEX,,,,,,P
90623-102455,P,Cory,Cory Abbott,Abbott,7.5,2,5700,DET@WSH,WSH,DET,,,,,,P
90623-55374,P,Drew,Drew Rucinski,Rucinski,4.5,4,5700,OAK@HOU,OAK,HOU,,,,,,P
90623-6311,P,Madison,Madison Bumgarner,Bumgarner,5.75,4,5700,ARI@PIT,ARI,PIT,,,,,,P
90623-38146,P,Sean,Sean Nolin,Nolin,-3,1,5700,MIA@SF,MIA,SF,,,,,,P
90623-38311,P,Ross,Ross Stripling,Stripling,10.777777777777779,10,5700,MIA@SF,SF,MIA,IL,Back,,,,P
90623-164530,P,Caleb,Caleb Kilian,Kilian,1,1,5700,CHC@PHI,CHC,PHI,,,,,,P
90623-68653,P,Luis,Luis Cessa,Cessa,5.571428571428571,7,5600,NYY@CIN,CIN,NYY,,,,,,P
90623-102505,P,Edwin,Edwin Uceta,Uceta,18,1,5600,CLE@NYM,NYM,CLE,IL,Ankle,,,,P
90623-118216,P,Tyson,Tyson Miller,Miller,5.666666666666667,3,5600,MIL@TB,MIL,TB,,,,,,P
90623-80433,P,Dinelson,Dinelson Lamet,Lamet,2.6666666666666665,12,5600,COL@TEX,COL,TEX,IL,Back,,,,P
90623-82546,P,Adbert,Adbert Alzolay,Alzolay,7.176470588235294,18,5600,CHC@PHI,CHC,PHI,,,,,,P
90623-163663,P,Calvin,Calvin Faucher,Faucher,5.625,9,5600,MIL@TB,TB,MIL,,,,,,P
90623-68528,P,Chase,Chase De Jong,De Jong,2,5,5600,ARI@PIT,PIT,ARI,,,,,,P
90623-102405,P,Sean,Sean Hjelle,Hjelle,4.9,10,5500,MIA@SF,SF,MIA,,,,,,P
90623-81926,P,Andres,Andres Machado,Machado,5.111111111111111,9,5500,DET@WSH,WSH,DET,,,,,,P
90623-178184,P,Kevin,Kevin Herget,Herget,8.857142857142858,7,5500,NYY@CIN,CIN,NYY,,,,,,P
90623-79882,P,Austin,Austin Pruitt,Pruitt,5.625,8,5500,OAK@HOU,OAK,HOU,,,,,,P
90623-135192,P,Ryan,Ryan Thompson,Thompson,2.8,16,5500,MIL@TB,TB,MIL,,,,,,P
90623-82974,P,Tanner,Tanner Rainey,Rainey,5.896551724137931,29,5500,DET@WSH,WSH,DET,IL,Elbow,,,,P
90623-161827,P,Seth,Seth Martinez,Martinez,5.933333333333334,15,5500,OAK@HOU,HOU,OAK,,,,,,P
90623-102442,P,Freddy,Freddy Tarnok,Tarnok,5,1,5500,OAK@HOU,OAK,HOU,IL,Shoulder,,,,P
90623-82986,P,Colten,Colten Brewer,Brewer,8.333333333333334,3,5500,NYY@CIN,NYY,CIN,,,,,,P
90623-102446,P,Tristan,Tristan Beck,Beck,8.714285714285714,7,5500,MIA@SF,SF,MIA,,,,,,P
90623-82998,P,Lou,Lou Trivino,Trivino,4.794117647058823,69,5500,NYY@CIN,NYY,CIN,IL,Elbow,,,,P
90623-172092,P,Garrett,Garrett Hill,Hill,3.6,6,5500,DET@WSH,DET,WSH,,,,,,P
90623-79936,P,Mark,Mark Leiter Jr.,Leiter Jr.,7.333333333333333,19,5500,CHC@PHI,CHC,PHI,,,,,,P
90623-154688,P,Jake,Jake Cousins,Cousins,6.5,4,5500,MIL@TB,MIL,TB,,,,,,P
90623-169030,P,Zach,Zach Jackson,Jackson,6.315789473684211,19,5500,OAK@HOU,OAK,HOU,IL,Elbow,,,,P
90623-11333,P,Craig,Craig Kimbrel,Kimbrel,6,18,5500,CHC@PHI,PHI,CHC,,,,,,P
90623-135236,P,Max,Max Kranick,Kranick,13.5,2,5500,ARI@PIT,PIT,ARI,IL,Elbow,,,,P
90623-135237,P,Nick,Nick Mears,Mears,9,4,5500,COL@TEX,COL,TEX,IL,Oblique,,,,P
90623-102470,P,Rico,Rico Garcia,Garcia,-1,3,5500,OAK@HOU,OAK,HOU,,,,,,P
90623-179275,P,Fernando,Fernando Cruz,Cruz,7.7,10,5500,NYY@CIN,CIN,NYY,IL,Shoulder,,,,P
90623-102474,P,Eli,Eli Morgan,Morgan,7.4,15,5500,CLE@NYM,CLE,NYM,,,,,,P
90623-135250,P,Daniel,Daniel Castano,Castano,0,1,5500,MIA@SF,MIA,SF,IL,Undisclosed,,,,P
90623-135252,P,Johan,Johan Quezada,Quezada,-7,1,5500,MIA@SF,MIA,SF,,,,,,P
90623-135256,P,Connor,Connor Brogdon,Brogdon,5.9,20,5500,CHC@PHI,PHI,CHC,,,,,,P
90623-135262,P,Anthony,Anthony Misiewicz,Misiewicz,4.714285714285714,7,5500,ARI@PIT,ARI,PIT,,,,,,P
90623-82018,P,Victor,Victor Arano,Arano,4.674418604651163,43,5500,DET@WSH,WSH,DET,IL,Shoulder,,,,P
90623-116839,P,David,David Bednar,Bednar,7.5,16,5500,ARI@PIT,PIT,ARI,,,,,,P
90623-73835,P,Ty,Ty Blach,Blach,2.5,6,5500,COL@TEX,COL,TEX,,,,,,P
90623-135279,P,Codi,Codi Heuer,Heuer,,,5500,CHC@PHI,CHC,PHI,IL,Elbow,,,,P
90623-116847,P,Cole,Cole Sulser,Sulser,5.333333333333333,3,5500,ARI@PIT,ARI,PIT,IL,Shoulder,,,,P
90623-161906,P,Dauri,Dauri Moreta,Moreta,8.117647058823529,17,5500,ARI@PIT,PIT,ARI,,,,,,P
90623-38001,P,Matt,Matt Barnes,Barnes,4.631578947368421,20,5500,MIA@SF,MIA,SF,,,,,,P
90623-85108,P,Enyel,Enyel De Los Santos,De Los Santos,5.352941176470588,17,5500,CLE@NYM,CLE,NYM,,,,,,P
90623-102523,P,Deivi,Deivi Garcia,Garcia,12,1,5500,NYY@CIN,NYY,CIN,,,,,,P
90623-102530,P,Spencer,Spencer Howard,Howard,12.8,10,5500,COL@TEX,TEX,COL,IL,Lat,,,,P
90623-135303,P,Jordan,Jordan Weems,Weems,8,2,5500,DET@WSH,WSH,DET,,,,,,P
90623-179339,P,Bryce,Bryce Montes de Oca,Montes de Oca,5.333333333333333,3,5500,CLE@NYM,NYM,CLE,IL,Elbow,,,,P
90623-102536,P,Nick,Nick Nelson,Nelson,6.729166666666667,48,5500,CHC@PHI,PHI,CHC,DTD,Hamstring,,,,P
90623-73866,P,Wandy,Wandy Peralta,Peralta,5.238095238095238,21,5500,NYY@CIN,NYY,CIN,,,,,,P
90623-73869,P,Joe,Joe Mantiply,Mantiply,5.875,8,5500,ARI@PIT,ARI,PIT,IL,Hamstring,,,,P
90623-135312,P,Kyle,Kyle Nelson,Nelson,6,20,5500,ARI@PIT,ARI,PIT,,,,,,P
90623-135313,P,Nick,Nick Sandlin,Sandlin,5.625,16,5500,CLE@NYM,CLE,NYM,,,,,,P
90623-21653,P,Hector,Hector Neris,Neris,6.842105263157895,19,5500,OAK@HOU,HOU,OAK,,,,,,P
90623-38041,P,Ryan,Ryan Pressly,Pressly,4.315789473684211,19,5500,OAK@HOU,HOU,OAK,,,,,,P
90623-81052,P,Andrew,Andrew Kittredge,Kittredge,5.823529411764706,17,5500,MIL@TB,TB,MIL,IL,Elbow,,,,P
90623-184482,P,Hobie,Hobie Harris,Harris,3.2666666666666666,16,5500,DET@WSH,WSH,DET,,,,,,P
90623-102560,P,Camilo,Camilo Doval,Doval,6.7,21,5500,MIA@SF,SF,MIA,,,,,,P
90623-80034,P,Jose,Jose Alvarado,Alvarado,8,14,5500,CHC@PHI,PHI,CHC,IL,Elbow,,,,P
90623-102565,P,Mason,Mason Englert,Englert,6.428571428571429,14,5500,DET@WSH,DET,WSH,,,,,,P
90623-12453,P,Fernando,Fernando Abad,Abad,2.5,2,5500,COL@TEX,COL,TEX,,,,,,P
90623-154794,P,Joe,Joe Barlow,Barlow,2,2,5500,COL@TEX,TEX,COL,,,,,,P
90623-140459,P,John,John King,King,3,2,5500,COL@TEX,TEX,COL,,,,,,P
90623-102568,P,Colin,Colin Poche,Poche,5.235294117647059,18,5500,MIL@TB,TB,MIL,,,,,,P
90623-39081,P,Chasen,Chasen Shreve,Shreve,4.823529411764706,17,5500,DET@WSH,DET,WSH,,,,,,P
90623-62641,P,Andrew,Andrew Bellatti,Bellatti,4,14,5500,CHC@PHI,PHI,CHC,,,,,,P
90623-145593,P,Carlos,Carlos Vargas,Vargas,5.2,5,5500,ARI@PIT,ARI,PIT,,,,,,P
90623-160965,P,Elvis,Elvis Peguero,Peguero,6.555555555555555,9,5500,MIL@TB,MIL,TB,,,,,,P
90623-145609,P,Peter,Peter Solomon,Solomon,0.8,5,5500,ARI@PIT,ARI,PIT,,,,,,P
90623-83158,P,Seranthony,Seranthony Dominguez,Dominguez,4.7,21,5500,CHC@PHI,PHI,CHC,,,,,,P
90623-145627,P,Lucas,Lucas Gilbreath,Gilbreath,4.956521739130435,47,5500,COL@TEX,COL,TEX,IL,Elbow,,,,P
90623-83163,P,Jonathan,Jonathan Loaisiga,Loaisiga,3.3333333333333335,3,5500,NYY@CIN,NYY,CIN,IL,Elbow,,,,P
90623-79067,P,Alex,Alex Young,Young,5.894736842105263,19,5500,NYY@CIN,CIN,NYY,,,,,,P
90623-79066,P,Anthony,Anthony Banda,Banda,3,11,5500,DET@WSH,WSH,DET,,,,,,P
90623-145629,P,Mason,Mason Thompson,Thompson,6.411764705882353,17,5500,DET@WSH,WSH,DET,,,,,,P
90623-83166,P,Zack,Zack Littell,Littell,5.25,4,5500,MIL@TB,TB,MIL,,,,,,P
90623-60640,P,Nick,Nick Burdi,Burdi,3,2,5500,CHC@PHI,CHC,PHI,,,,,,P
90623-149731,P,Anthony,Anthony Bender,Bender,4.476190476190476,22,5500,MIA@SF,MIA,SF,IL,Elbow,,,,P
90623-152806,P,Jason,Jason Foley,Foley,5.166666666666667,19,5500,DET@WSH,DET,WSH,,,,,,P
90623-83172,P,Jonathan,Jonathan Hernandez,Hernandez,4.6875,19,5500,COL@TEX,TEX,COL,,,,,,P
90623-178411,P,Michael,Michael Plassmeyer,Plassmeyer,17,2,5500,CHC@PHI,PHI,CHC,,,,,,P
90623-110824,P,Trevor,Trevor Kelley,Kelley,2.25,4,5500,MIL@TB,TB,MIL,,,,,,P
90623-79084,P,Tanner,Tanner Scott,Scott,6.2,20,5500,MIA@SF,MIA,SF,,,,,,P
90623-60656,P,Jeff,Jeff Hoffman,Hoffman,12.75,4,5500,CHC@PHI,PHI,CHC,,,,,,P
90623-83184,P,Julian,Julian Merryweather,Merryweather,4.882352941176471,18,5500,CHC@PHI,CHC,PHI,,,,,,P
90623-5370,P,Daniel,Daniel Bard,Bard,5.2,10,5500,COL@TEX,COL,TEX,,,,,,P
90623-79101,P,Zack,Zack Burdi,Burdi,10.5,2,5500,MIL@TB,TB,MIL,,,,,,P
90623-79107,P,Vladimir,Vladimir Gutierrez,Gutierrez,11,10,5500,NYY@CIN,CIN,NYY,IL,Elbow,,,,P
90623-85253,P,Casey,Casey Mize,Mize,12,2,5500,DET@WSH,DET,WSH,IL,Elbow,,,,P
90623-170254,P,Colin,Colin Holderman,Holderman,5.823529411764706,17,5500,ARI@PIT,PIT,ARI,,,,,,P
90623-79117,P,Peter,Peter Lambert,Lambert,14.5,4,5500,COL@TEX,COL,TEX,,,,,,P
90623-79116,P,Riley,Riley Pint,Pint,-2,1,5500,COL@TEX,COL,TEX,,,,,,P
90623-65817,P,Scott,Scott McGough,McGough,4.95,21,5500,ARI@PIT,ARI,PIT,,,,,,P
90623-179490,P,Cole,Cole Waites,Waites,0.3333333333333333,3,5500,MIA@SF,SF,MIA,,,,,,P
90623-83232,P,Jason,Jason Adam,Adam,5.85,20,5500,MIL@TB,TB,MIL,,,,,,P
90623-116002,P,Joel,Joel Kuhnel,Kuhnel,-3,1,5500,NYY@CIN,CIN,NYY,,,,,,P
90623-85286,P,Ian,Ian Gibaut,Gibaut,5.9,20,5500,NYY@CIN,CIN,NYY,,,,,,P
90623-185648,P,Zach,Zach Muckenhirn,Muckenhirn,7,2,5500,CLE@NYM,NYM,CLE,,,,,,P
90623-152888,P,Sam,Sam Long,Long,5.444444444444445,9,5500,OAK@HOU,OAK,HOU,,,,,,P
90623-113986,P,Emmanuel,Emmanuel Clase,Clase,3.875,24,5500,CLE@NYM,CLE,NYM,,,,,,P
90623-13635,P,Brad,Brad Hand,Hand,6.9411764705882355,17,5500,COL@TEX,COL,TEX,,,,,,P
90623-174406,P,Huascar,Huascar Brazoban,Brazoban,6.238095238095238,21,5500,MIA@SF,MIA,SF,,,,,,P
90623-117065,P,James,James Karinchak,Karinchak,5.2727272727272725,22,5500,CLE@NYM,CLE,NYM,,,,,,P
90623-38216,P,Jose,Jose Cisnero,Cisnero,5.117647058823529,19,5500,DET@WSH,DET,WSH,,,,,,P
90623-38217,P,Tommy,Tommy Kahnle,Kahnle,5.133333333333334,16,5500,NYY@CIN,NYY,CIN,IL,Biceps,,,,P
90623-79185,P,Justin,Justin Dunn,Dunn,14.714285714285714,7,5500,NYY@CIN,CIN,NYY,IL,Shoulder,,,,P
90623-79184,P,Thomas,Thomas Szapucki,Szapucki,5.7272727272727275,11,5500,MIA@SF,SF,MIA,IL,Arm,,,,P
90623-38228,P,Trevor,Trevor May,May,3.4285714285714284,8,5500,OAK@HOU,OAK,HOU,IL,Personal,,,,P
90623-170324,P,Brandon,Brandon Hughes,Hughes,4.222222222222222,9,5500,CHC@PHI,CHC,PHI,,,,,,P
90623-177493,P,Andrew,Andrew Nardi,Nardi,5.9,21,5500,MIA@SF,MIA,SF,,,,,,P
90623-79194,P,Domingo,Domingo Acevedo,Acevedo,1.7777777777777777,9,5500,OAK@HOU,OAK,HOU,,,,,,P
90623-79196,P,Albert,Albert Abreu,Abreu,6.529411764705882,18,5500,NYY@CIN,NYY,CIN,,,,,,P
90623-53599,P,Chi Chi,Chi Chi Gonzalez,Gonzalez,5.5,2,5500,MIA@SF,MIA,SF,,,,,,P
90623-38240,P,Rafael,Rafael Montero,Montero,4.842105263157895,20,5500,OAK@HOU,HOU,OAK,,,,,,P
90623-79209,P,A.J.,A.J. Puk,Puk,6.933333333333334,16,5500,MIA@SF,MIA,SF,IL,Elbow,,,,P
90623-118123,P,Blake,Blake Taylor,Taylor,3.1578947368421053,19,5500,OAK@HOU,HOU,OAK,,,,,,P
90623-184691,P,Jeff,Jeff Lindgren,Lindgren,3,1,5500,MIA@SF,MIA,SF,,,,,,P
90623-57717,P,Buck,Buck Farmer,Farmer,5.277777777777778,19,5500,NYY@CIN,CIN,NYY,,,,,,P
90623-79232,P,Clay,Clay Holmes,Holmes,5.888888888888889,20,5500,NYY@CIN,NYY,CIN,,,,,,P
90623-79258,P,Ryne,Ryne Stanek,Stanek,5.266666666666667,15,5500,OAK@HOU,HOU,OAK,,,,,,P
90623-38303,P,Andrew,Andrew Chafin,Chafin,5.95,21,5500,ARI@PIT,ARI,PIT,,,,,,P
90623-79266,P,Brett,Brett Martin,Martin,3.7636363636363637,55,5500,COL@TEX,TEX,COL,IL,Shoulder,,,,P
90623-101801,P,Joel,Joel Payamps,Payamps,6.75,21,5500,MIL@TB,MIL,TB,,,,,,P
90623-57770,P,Alex,Alex Claudio,Claudio,1,1,5500,MIL@TB,MIL,TB,,,,,,P
90623-101808,P,Denyi,Denyi Reyes,Reyes,5.166666666666667,6,5500,CLE@NYM,NYM,CLE,,,,,,P
90623-65968,P,Silvino,Silvino Bracho,Bracho,2.3333333333333335,3,5500,NYY@CIN,CIN,NYY,,,,,,P
90623-158134,P,Stephen,Stephen Ridings,Ridings,,,5500,CLE@NYM,NYM,CLE,IL,Lat,,,,P
90623-101812,P,Justin,Justin Lawrence,Lawrence,7.526315789473684,19,5500,COL@TEX,COL,TEX,,,,,,P
90623-101814,P,Sam,Sam Hentges,Hentges,2.5,4,5500,CLE@NYM,CLE,NYM,,,,,,P
90623-101816,P,Bryan,Bryan Abreu,Abreu,8.090909090909092,22,5500,OAK@HOU,HOU,OAK,,,,,,P
90623-169400,P,Parker,Parker Mushinski,Mushinski,5.285714285714286,7,5500,OAK@HOU,HOU,OAK,IL,Back,,,,P
90623-101822,P,Josh,Josh Sborz,Sborz,8.181818181818182,12,5500,COL@TEX,TEX,COL,,,,,,P
90623-118224,P,Garrett,Garrett Cleavinger,Cleavinger,5.142857142857143,16,5500,MIL@TB,TB,MIL,IL,Knee,,,,P
90623-101851,P,Brock,Brock Burke,Burke,5.666666666666667,15,5500,COL@TEX,TEX,COL,,,,,,P
90623-185823,P,Chris,Chris Muller,Muller,,,5500,MIL@TB,TB,MIL,,,,,,P
90623-161256,P,Cooper,Cooper Criswell,Criswell,17.5,2,5500,MIL@TB,TB,MIL,,,,,,P
90623-85489,P,Jimmy,Jimmy Cordero,Cordero,6.666666666666667,19,5500,NYY@CIN,NYY,CIN,,,,,,P
90623-185847,P,Garrett,Garrett Acton,Acton,11.5,2,5500,OAK@HOU,OAK,HOU,,,,,,P
90623-95737,P,Ian,Ian Hamilton,Hamilton,9.5625,16,5500,NYY@CIN,NYY,CIN,IL,Groin,,,,P
90623-170491,P,Chad,Chad Smith,Smith,4.714285714285714,8,5500,OAK@HOU,OAK,HOU,,,,,,P
90623-161273,P,Scott,Scott Effross,Effross,5.233333333333333,60,5500,NYY@CIN,NYY,CIN,IL,Elbow,,,,P
90623-145918,P,Will,Will Vest,Vest,7.7,10,5500,DET@WSH,DET,WSH,,,,,,P
90623-52733,P,Scott,Scott Alexander,Alexander,3.611111111111111,19,5500,MIA@SF,SF,MIA,,,,,,P
90623-184829,P,McKinley,McKinley Moore,Moore,-1.6666666666666667,3,5500,CHC@PHI,PHI,CHC,,,,,,P
90623-119298,P,Luis,Luis Frias,Frias,0.3333333333333333,4,5500,ARI@PIT,ARI,PIT,,,,,,P
90623-95757,P,Andrew,Andrew Vasquez,Vasquez,8.615384615384615,13,5500,CHC@PHI,PHI,CHC,,,,,,P
90623-85517,P,Trey,Trey Wingenter,Wingenter,4.4,7,5500,DET@WSH,DET,WSH,IL,Biceps,,,,P
90623-95756,P,Rowan,Rowan Wick,Wick,5.285714285714286,64,5500,CHC@PHI,CHC,PHI,,,,,,P
90623-119310,P,Noah,Noah Song,Song,,,5500,CHC@PHI,PHI,CHC,IL,Back,,,,P
90623-170512,P,Peter,Peter Strzelecki,Strzelecki,4.761904761904762,21,5500,MIL@TB,MIL,TB,,,,,,P
90623-119316,P,Thaddeus,Thaddeus Ward,Ward,5.916666666666667,13,5500,DET@WSH,WSH,DET,,,,,,P
90623-71190,P,Jose,Jose Leclerc,Leclerc,4.714285714285714,14,5500,COL@TEX,TEX,COL,,,,,,P
90623-162328,P,Reiver,Reiver Sanmartin,Sanmartin,4.153846153846154,14,5500,NYY@CIN,CIN,NYY,IL,Elbow,,,,P
90623-170527,P,Jason,Jason Alexander,Alexander,13.333333333333334,18,5500,MIL@TB,MIL,TB,IL,Shoulder,,,,P
90623-95774,P,Jeff,Jeff Brigham,Brigham,6,14,5500,CLE@NYM,NYM,CLE,,,,,,P
90623-181794,P,Hogan,Hogan Harris,Harris,-17,1,5500,OAK@HOU,OAK,HOU,,,,,,P
90623-185896,P,Cody,Cody Bradford,Bradford,6,1,5500,COL@TEX,TEX,COL,,,,,,P
90623-71218,P,Dylan,Dylan Floro,Floro,5.45,21,5500,MIA@SF,MIA,SF,,,,,,P
90623-181819,P,Tim,Tim Herrin,Herrin,5.555555555555555,9,5500,CLE@NYM,CLE,NYM,,,,,,P
90623-181816,P,Casey,Casey Legumina,Legumina,6.125,8,5500,NYY@CIN,CIN,NYY,IL,Ankle,,,,P
90623-185926,P,Ryan,Ryan Walker,Walker,,,5500,MIA@SF,SF,MIA,,,,,,P
90623-80460,P,John,John Brebbia,Brebbia,6.2105263157894735,19,5500,MIA@SF,SF,MIA,,,,,,P
90623-81488,P,Jose,Jose Ruiz,Ruiz,4.833333333333333,18,5500,ARI@PIT,ARI,PIT,,,,,,P
90623-181841,P,George,George Soriano,Soriano,8,3,5500,MIA@SF,MIA,SF,,,,,,P
90623-73301,P,Brent,Brent Suter,Suter,9.11111111111111,18,5500,COL@TEX,COL,TEX,,,,,,P
90623-150107,P,Tommy,Tommy Nance,Nance,7.171428571428572,35,5500,MIA@SF,MIA,SF,IL,Shoulder,,,,P
90623-181854,P,Brendan,Brendan White,White,,,5500,DET@WSH,DET,WSH,,,,,,P
90623-5735,P,David,David Robertson,Robertson,7.5,18,5500,CLE@NYM,NYM,CLE,,,,,,P
90623-21096,P,Erasmo,Erasmo Ramirez,Ramirez,5.055555555555555,18,5500,DET@WSH,WSH,DET,,,,,,P
90623-118381,P,Kyle,Kyle Finnegan,Finnegan,3.764705882352941,17,5500,DET@WSH,WSH,DET,,,,,,P
90623-119406,P,Cody,Cody Bolton,Bolton,8,3,5500,ARI@PIT,PIT,ARI,,,,,,P
90623-53876,P,Spencer,Spencer Patton,Patton,1.75,4,5500,OAK@HOU,OAK,HOU,,,,,,P
90623-82548,P,Alex,Alex Lange,Lange,6.842105263157895,20,5500,DET@WSH,DET,WSH,,,,,,P
90623-119416,P,Brandon,Brandon Williamson,Williamson,32,1,5500,NYY@CIN,CIN,NYY,,,,,,P
90623-82552,P,Tony,Tony Santillan,Santillan,4.3,21,5500,NYY@CIN,CIN,NYY,IL,Knee,,,,P
90623-118395,P,Dany,Dany Jimenez,Jimenez,2.857142857142857,7,5500,OAK@HOU,OAK,HOU,IL,Shoulder,,,,P
90623-118394,P,Yohan,Yohan Ramirez,Ramirez,9.666666666666666,9,5500,ARI@PIT,PIT,ARI,,,,,,P
90623-5761,P,Tommy,Tommy Hunter,Hunter,5.8,11,5500,CLE@NYM,NYM,CLE,,,,,,P
90623-17026,P,Heath,Heath Hembree,Hembree,10,1,5500,DET@WSH,DET,WSH,,,,,,P
90623-62087,P,Miguel,Miguel Castro,Castro,4.809523809523809,21,5500,ARI@PIT,ARI,PIT,,,,,,P
90623-52871,P,Derek,Derek Law,Law,6.473684210526316,20,5500,NYY@CIN,CIN,NYY,IL,Elbow,,,,P
90623-110216,P,Stephen,Stephen Nogosek,Nogosek,8.555555555555555,10,5500,CLE@NYM,NYM,CLE,,,,,,P
90623-82572,P,Gregory,Gregory Soto,Soto,5,22,5500,CHC@PHI,PHI,CHC,,,,,,P
90623-52877,P,Dominic,Dominic Leone,Leone,2.4285714285714284,7,5500,CLE@NYM,NYM,CLE,,,,,,P
90623-73362,P,Rob,Rob Zastryzny,Zastryzny,3.7142857142857144,7,5500,ARI@PIT,PIT,ARI,,,,,,P
90623-82583,P,Hector,Hector Perez,Perez,,,5500,MIL@TB,TB,MIL,,,,,,P
90623-82584,P,J.B.,J.B. Bukauskas,Bukauskas,3,1,5500,MIL@TB,MIL,TB,,,,,,P
90623-82587,P,Richard,Richard Lovelady,Lovelady,5.230769230769231,13,5500,OAK@HOU,OAK,HOU,,,,,,P
90623-82592,P,Dennis,Dennis Santana,Santana,5.875,9,5500,CLE@NYM,NYM,CLE,,,,,,P
90623-163511,P,Yunior,Yunior Marte,Marte,0.5,6,5500,CHC@PHI,PHI,CHC,,,,,,P
90623-114356,P,Kevin,Kevin Ginkel,Ginkel,5.176470588235294,17,5500,ARI@PIT,ARI,PIT,,,,,,P
90623-179898,P,Frank,Frank German,German,0,5,5500,NYY@CIN,CIN,NYY,,,,,,P
90623-114360,P,Devin,Devin Williams,Williams,8.142857142857142,15,5500,MIL@TB,MIL,TB,,,,,,P
90623-80571,P,Phil,Phil Maton,Maton,6.631578947368421,19,5500,OAK@HOU,HOU,OAK,,,,,,P
90623-80570,P,Jimmy,Jimmy Yacabonis,Yacabonis,7.2,5,5500,CLE@NYM,NYM,CLE,IL,Quadriceps,,,,P
90623-17094,P,Jake,Jake Diekman,Diekman,2.75,16,5500,MIL@TB,TB,MIL,,,,,,P
90623-170699,P,Matt,Matt Gage,Gage,7,3,5500,OAK@HOU,HOU,OAK,,,,,,P
90623-17100,P,Jeurys,Jeurys Familia,Familia,2.7142857142857144,14,5500,OAK@HOU,OAK,HOU,,,,,,P
90623-82653,P,Ryan,Ryan Borucki,Borucki,3.3225806451612905,32,5500,CHC@PHI,CHC,PHI,,,,,,P
90623-14047,P,Brad,Brad Boxberger,Boxberger,3.5,17,5500,CHC@PHI,CHC,PHI,IL,Forearm,,,,P
90623-82657,P,Wil,Wil Crowe,Crowe,8.2,5,5500,ARI@PIT,PIT,ARI,IL,Shoulder,,,,P
90623-53990,P,Shawn,Shawn Armstrong,Armstrong,6.235294117647059,51,5500,MIL@TB,TB,MIL,IL,Neck,,,,P
90623-81641,P,John,John Curtiss,Curtiss,3.5454545454545454,12,5500,CLE@NYM,NYM,CLE,,,,,,P
90623-181992,P,Jose,Jose Hernandez,Hernandez,5.6875,16,5500,ARI@PIT,PIT,ARI,,,,,,P
90623-182006,P,Nic,Nic Enright,Enright,,,5500,MIA@SF,MIA,SF,IL,Illness,,,,P
90623-84727,P,Drew,Drew Smith,Smith,6.555555555555555,18,5500,CLE@NYM,NYM,CLE,,,,,,P
90623-182005,P,Kevin,Kevin Kelly,Kelly,6.0588235294117645,18,5500,MIL@TB,TB,MIL,,,,,,P
90623-157433,P,Kirby,Kirby Snead,Snead,3.4782608695652173,47,5500,OAK@HOU,OAK,HOU,IL,Shoulder,,,,P
90623-165628,P,Josh,Josh Walker,Walker,3,1,5500,CLE@NYM,NYM,CLE,,,,,,P
90623-169742,P,Tyler,Tyler Holton,Holton,8,11,5500,DET@WSH,DET,WSH,,,,,,P
90623-135976,P,Bennett,Bennett Sousa,Sousa,5,1,5500,MIL@TB,MIL,TB,,,,,,P
90623-165673,P,Levi,Levi Stoudt,Stoudt,7.5,2,5500,NYY@CIN,CIN,NYY,,,,,,P
90623-182062,P,Gus,Gus Varland,Varland,1.375,8,5500,MIL@TB,MIL,TB,,,,,,P
90623-182061,P,Nick,Nick Avila,Avila,,,5500,MIA@SF,SF,MIA,,,,,,P
90623-178997,P,Greg,Greg Weissert,Weissert,4.4,5,5500,NYY@CIN,NYY,CIN,,,,,,P
90623-13118,P,Justin,Justin Wilson,Wilson,5.8,5,5500,MIL@TB,MIL,TB,IL,Elbow,,,,P
90623-163654,P,Alexis,Alexis Diaz,Diaz,8.25,17,5500,NYY@CIN,CIN,NYY,,,,,,P
90623-116548,P,Tyler,Tyler Rogers,Rogers,5.333333333333333,18,5500,MIA@SF,SF,MIA,,,,,,P
90623-119631,P,Yerry,Yerry Rodriguez,Rodriguez,2.25,4,5500,COL@TEX,TEX,COL,,,,,,P
90623-163682,P,Ethan,Ethan Roberts,Roberts,3.2222222222222223,9,5500,CHC@PHI,CHC,PHI,IL,Elbow,,,,P
90623-104293,P,Nick,Nick Ramirez,Ramirez,7,4,5500,NYY@CIN,NYY,CIN,,,,,,P
90623-163687,P,Ron,Ron Marinaccio,Marinaccio,6.157894736842105,19,5500,NYY@CIN,NYY,CIN,,,,,,P
90623-70510,P,Zach,Zach Neal,Neal,5,2,5500,OAK@HOU,OAK,HOU,,,,,,P
90623-54130,P,Ryan,Ryan Weber,Weber,4.75,4,5500,NYY@CIN,NYY,CIN,,,,,,P
90623-68466,P,Steven,Steven Okert,Okert,5.428571428571429,14,5500,MIA@SF,MIA,SF,,,,,,P
90623-163707,P,Freddy,Freddy Pacheco,Pacheco,,,5500,DET@WSH,DET,WSH,IL,Elbow,,,,P
90623-68475,P,JT,JT Chargois,Chargois,5.666666666666667,6,5500,MIA@SF,MIA,SF,,,,,,P
90623-68476,P,Taylor,Taylor Rogers,Rogers,3.625,19,5500,MIA@SF,SF,MIA,,,,,,P
90623-170895,P,Jake,Jake Bird,Bird,7.5,20,5500,COL@TEX,COL,TEX,,,,,,P
90623-23437,P,Brooks,Brooks Raley,Raley,4.375,16,5500,CLE@NYM,NYM,CLE,,,,,,P
90623-185233,P,Braden,Braden Bristo,Bristo,21,1,5500,DET@WSH,DET,WSH,,,,,,P
90623-80791,P,Alan,Alan Busenitz,Busenitz,1.5,2,5500,NYY@CIN,CIN,NYY,,,,,,P
90623-68507,P,Duane,Duane Underwood Jr.,Underwood Jr.,3.5555555555555554,18,5500,ARI@PIT,PIT,ARI,DTD,Forearm,,,,P
90623-102298,P,Erich,Erich Uelmen,Uelmen,3,1,5500,CHC@PHI,PHI,CHC,,,,,,P
90623-102300,P,Michael,Michael Rucker,Rucker,5.8125,18,5500,CHC@PHI,CHC,PHI,,,,,,P
90623-80801,P,Hoby,Hoby Milner,Milner,3.5,21,5500,MIL@TB,MIL,TB,,,,,,P
90623-68515,P,Sam,Sam Moll,Moll,3.25,20,5500,OAK@HOU,OAK,HOU,,,,,,P
90623-8101,P,Ian,Ian Kennedy,Kennedy,4.090909090909091,11,5500,COL@TEX,TEX,COL,,,,,,P
90623-6054,P,Mark,Mark Melancon,Melancon,3.457627118644068,62,5500,ARI@PIT,ARI,PIT,IL,Shoulder,,,,P
90623-68520,P,Michael,Michael Fulmer,Fulmer,3.6,20,5500,CHC@PHI,CHC,PHI,,,,,,P
90623-168872,P,Ronel,Ronel Blanco,Blanco,7.333333333333333,9,5500,OAK@HOU,HOU,OAK,,,,,,P
90623-108461,P,Pete,Pete Fairbanks,Fairbanks,4.5,10,5500,MIL@TB,TB,MIL,,,,,,P
90623-52141,P,Lucas,Lucas Sims,Sims,5.153846153846154,13,5500,NYY@CIN,CIN,NYY,,,,,,P
90623-102318,P,Ryan,Ryan Rolison,Rolison,,,5500,COL@TEX,COL,TEX,IL,Shoulder,,,,P
90623-52143,P,Hunter,Hunter Harvey,Harvey,6.166666666666667,18,5500,DET@WSH,WSH,DET,,,,,,P
90623-52146,P,Carl,Carl Edwards Jr.,Edwards Jr.,4.2105263157894735,20,5500,DET@WSH,WSH,DET,,,,,,P
90623-68530,P,Jarlin,Jarlin Garcia,Garcia,5.142857142857143,58,5500,ARI@PIT,PIT,ARI,IL,Biceps,,,,P
90623-52148,P,Pierce,Pierce Johnson,Johnson,5.166666666666667,18,5500,COL@TEX,COL,TEX,,,,,,P
90623-102324,P,Konnor,Konnor Pilkington,Pilkington,12,1,5500,ARI@PIT,ARI,PIT,,,,,,P
90623-52152,P,Robert,Robert Stephenson,Stephenson,4.846153846153846,13,5500,ARI@PIT,PIT,ARI,,,,,,P
90623-179129,P,Jeremiah,Jeremiah Estrada,Estrada,10.75,4,5500,CHC@PHI,CHC,PHI,,,,,,P
90623-102334,P,Corbin,Corbin Martin,Martin,13.428571428571429,7,5500,ARI@PIT,ARI,PIT,IL,Lat,,,,P
90623-68548,P,Edwin,Edwin Diaz,Diaz,8.65625,64,5500,CLE@NYM,NYM,CLE,IL,Knee,,,,P
90623-68552,P,Sam,Sam Coonrod,Coonrod,3.4166666666666665,12,5500,CLE@NYM,NYM,CLE,IL,Lat,,,,P
90623-13271,P,Will,Will Smith,Smith,5.866666666666666,16,5500,COL@TEX,TEX,COL,,,,,,P
90623-52192,P,Luke,Luke Jackson,Jackson,,,5500,MIA@SF,SF,MIA,IL,Elbow,,,,P
90623-12257,P,Adam,Adam Ottavino,Ottavino,5,20,5500,CLE@NYM,NYM,CLE,,,,,,P
90623-102377,P,Trevor,Trevor Stephan,Stephan,6.1,20,5500,CLE@NYM,CLE,NYM,,,,,,P
90623-82922,P,Tyler,Tyler Kinley,Kinley,6.12,25,5500,COL@TEX,COL,TEX,IL,Elbow,,,,P
90623-68590,P,Javy,Javy Guerra,Guerra,2.642857142857143,14,5500,MIL@TB,TB,MIL,,,,,,P
90623-60643,OF,Aaron,Aaron Judge,Judge,14.5,37,4500,NYY@CIN,NYY,CIN,,,,,,OF/UTIL
90623-82575,OF,Yordan,Yordan Alvarez,Alvarez,13.586841784025493,38,4300,OAK@HOU,HOU,OAK,,,,,,OF/UTIL
90623-12948,1B/OF,Bryce,Bryce Harper,Harper,12.150000435965401,14,4200,CHC@PHI,PHI,CHC,,,,,,C/1B/OF/UTIL
90623-21705,2B,Marcus,Marcus Semien,Semien,13.865908536044033,44,4100,COL@TEX,TEX,COL,,,,,,2B/UTIL
90623-85261,OF,Randy,Randy Arozarena,Arozarena,13.35909063165838,44,4100,MIL@TB,TB,MIL,,,,,,OF/UTIL
90623-85520,OF,Adolis,Adolis Garcia,Garcia,14.539535167605377,43,4100,COL@TEX,TEX,COL,,,,,,OF/UTIL
90623-119318,OF/3B,Christopher,Christopher Morel,Morel,21.599999321831596,9,4100,CHC@PHI,CHC,PHI,,,,,,3B/OF/UTIL
90623-102621,SS,Wander,Wander Franco,Franco,12.652273004705256,44,3900,MIL@TB,TB,MIL,,,,,,SS/UTIL
90623-79257,OF,Josh,Josh Lowe,Lowe,13.478947689658717,38,3900,MIL@TB,TB,MIL,,,,,,OF/UTIL
90623-118120,C,Jonah,Jonah Heim,Heim,11.67631611071135,38,3800,COL@TEX,TEX,COL,,,,,,C/1B/UTIL
90623-82612,OF,Brent,Brent Rooker,Rooker,12.569231082231571,39,3800,OAK@HOU,OAK,HOU,,,,,,OF/UTIL
90623-82613,2B/SS,Thairo,Thairo Estrada,Estrada,11.960975460889863,41,3700,MIA@SF,SF,MIA,,,,,,2B/SS/UTIL
90623-79120,1B/3B,Yandy,Yandy Diaz,Diaz,13.323076297075321,39,3600,MIL@TB,TB,MIL,DTD,Groin,,,,C/1B/3B/UTIL
90623-82614,1B,Pete,Pete Alonso,Alonso,13.036956787109375,46,3600,CLE@NYM,NYM,CLE,,,,,,C/1B/UTIL
90623-13342,OF,Nick,Nick Castellanos,Castellanos,10.936363913796164,44,3500,CHC@PHI,PHI,CHC,,,,,,OF/UTIL
90623-135216,OF,Chas,Chas McCormick,McCormick,11.493749618530273,16,3500,OAK@HOU,HOU,OAK,,,,,,OF/UTIL
90623-85260,3B/OF,Patrick,Patrick Wisdom,Wisdom,11.653846153846153,39,3500,CHC@PHI,CHC,PHI,,,,,,3B/OF/UTIL
90623-79159,OF,Cody,Cody Bellinger,Bellinger,12.91351318359375,37,3500,CHC@PHI,CHC,PHI,IL,Knee,,,,OF/UTIL
90623-38218,1B,Christian,Christian Walker,Walker,11.707143147786459,42,3500,ARI@PIT,ARI,PIT,,,,,,C/1B/UTIL
90623-102301,2B,Nico,Nico Hoerner,Hoerner,12.791666666666666,36,3500,CHC@PHI,CHC,PHI,,,,,,2B/UTIL
90623-102308,2B,Jonathan,Jonathan India,India,11.404545177112926,44,3500,NYY@CIN,CIN,NYY,,,,,,2B/UTIL
90623-135190,SS/3B/2B,Taylor,Taylor Walls,Walls,11.531428745814733,35,3400,MIL@TB,TB,MIL,,,,,,2B/3B/SS/UTIL
90623-14562,2B,Jose,Jose Altuve,Altuve,3,1,3400,OAK@HOU,HOU,OAK,,,,,,2B/UTIL
90623-16952,SS,Francisco,Francisco Lindor,Lindor,11.16521686056386,46,3400,CLE@NYM,NYM,CLE,,,,,,SS/UTIL
90623-38976,3B,Jose,Jose Ramirez,Ramirez,11.136585514719894,41,3300,CLE@NYM,CLE,NYM,,,,,,3B/UTIL
90623-79230,OF,Bryan,Bryan Reynolds,Reynolds,11.869047619047619,42,3300,ARI@PIT,PIT,ARI,,,,,,OF/UTIL
90623-119297,OF,Corbin,Corbin Carroll,Carroll,11.08095223563058,42,3300,ARI@PIT,ARI,PIT,,,,,,OF/UTIL
90623-23107,OF,Jorge,Jorge Soler,Soler,10.533333188011532,42,3300,MIA@SF,MIA,SF,,,,,,OF/UTIL
90623-12940,1B,Anthony,Anthony Rizzo,Rizzo,11.4022216796875,45,3300,NYY@CIN,NYY,CIN,,,,,,C/1B/UTIL
90623-165686,3B,Casey,Casey Schmitt,Schmitt,13.544444613986546,9,3300,MIA@SF,SF,MIA,,,,,,3B/UTIL
90623-21609,OF,Christian,Christian Yelich,Yelich,11.851219363328887,41,3200,MIL@TB,MIL,TB,,,,,,OF/UTIL
90623-5456,OF,Andrew,Andrew McCutchen,McCutchen,10.865789313065378,38,3200,ARI@PIT,PIT,ARI,,,,,,OF/UTIL
90623-79272,OF,Lourdes,Lourdes Gurriel Jr.,Gurriel Jr.,11.617500305175781,40,3200,ARI@PIT,ARI,PIT,,,,,,OF/UTIL
90623-16981,C,Yan,Yan Gomes,Gomes,10.304000244140624,25,3200,CHC@PHI,CHC,PHI,,,,,,C/1B/UTIL
90623-82574,3B/1B,Isaac,Isaac Paredes,Paredes,10.102380661737351,42,3200,MIL@TB,TB,MIL,,,,,,C/1B/3B/UTIL
90623-53033,OF,Mike,Mike Yastrzemski,Yastrzemski,10.16296273690683,27,3200,MIA@SF,SF,MIA,,,,,,OF/UTIL
90623-68586,SS,Dansby,Dansby Swanson,Swanson,10.274418320766715,43,3200,CHC@PHI,CHC,PHI,,,,,,SS/UTIL
90623-68588,2B,Gleyber,Gleyber Torres,Torres,10.193478128184443,46,3200,NYY@CIN,NYY,CIN,,,,,,2B/UTIL
90623-102392,OF,Esteury,Esteury Ruiz,Ruiz,11.41304347826087,46,3200,OAK@HOU,OAK,HOU,,,,,,OF/UTIL
90623-102438,SS,Geraldo,Geraldo Perdomo,Perdomo,10.661764705882353,34,3100,ARI@PIT,ARI,PIT,,,,,,SS/UTIL
90623-135246,OF,Dominic,Dominic Fletcher,Fletcher,11.07647076775046,17,3100,ARI@PIT,ARI,PIT,,,,,,OF/UTIL
90623-167012,OF,Seiya,Seiya Suzuki,Suzuki,10.478124618530273,32,3100,CHC@PHI,CHC,PHI,,,,,,OF/UTIL
90623-60642,OF,Michael,Michael Conforto,Conforto,9.502564259064503,39,3100,MIA@SF,SF,MIA,,,,,,OF/UTIL
90623-79125,OF,Kyle,Kyle Tucker,Tucker,11.218181956898082,44,3100,OAK@HOU,HOU,OAK,,,,,,OF/UTIL
90623-85285,1B,Nathaniel,Nathaniel Lowe,Lowe,11.01590936834162,44,3100,COL@TEX,TEX,COL,,,,,,C/1B/UTIL
90623-79249,OF,Harrison,Harrison Bader,Bader,10.72352959127987,17,3100,NYY@CIN,NYY,CIN,,,,,,OF/UTIL
90623-119345,SS,Jeremy,Jeremy Pena,Pena,10.113636363636363,44,3100,OAK@HOU,HOU,OAK,,,,,,SS/UTIL
90623-13909,OF,Randal,Randal Grichuk,Grichuk,10.785714285714286,14,3100,COL@TEX,COL,TEX,,,,,,OF/UTIL
90623-82553,OF,Jose,Jose Siri,Siri,11.530435313349185,23,3100,MIL@TB,TB,MIL,,,,,,OF/UTIL
90623-17097,OF,Brandon,Brandon Nimmo,Nimmo,10.044444444444444,45,3100,CLE@NYM,NYM,CLE,,,,,,OF/UTIL
90623-53993,OF,Harold,Harold Ramirez,Ramirez,10.179411944221048,34,3100,MIL@TB,TB,MIL,,,,,,OF/UTIL
90623-12302,OF,Giancarlo,Giancarlo Stanton,Stanton,11.838461068960337,13,3000,NYY@CIN,NYY,CIN,IL,Hamstring,,,,OF/UTIL
90623-60631,OF,Kyle,Kyle Schwarber,Schwarber,9.461363358931107,44,3000,CHC@PHI,PHI,CHC,,,,,,OF/UTIL
90623-79092,OF,Ian,Ian Happ,Happ,10.765116137127544,43,3000,CHC@PHI,CHC,PHI,,,,,,OF/UTIL
90623-13567,3B/1B/2B,DJ,DJ LeMahieu,LeMahieu,8.951219512195122,41,3000,NYY@CIN,NYY,CIN,,,,,,C/1B/2B/3B/UTIL
90623-79108,OF/2B/3B,Nick,Nick Senzel,Senzel,10.283870573966734,31,3000,NYY@CIN,CIN,NYY,,,,,,2B/3B/OF/UTIL
90623-21853,2B,Ketel,Ketel Marte,Marte,10.173809233165922,42,3000,ARI@PIT,ARI,PIT,,,,,,2B/UTIL
90623-101787,1B,LaMonte,LaMonte Wade Jr.,Wade Jr.,9.792682926829269,41,3000,MIA@SF,SF,MIA,,,,,,C/1B/UTIL
90623-85504,2B,Brandon,Brandon Lowe,Lowe,10.094999694824219,40,3000,MIL@TB,TB,MIL,,,,,,2B/UTIL
90623-38412,SS,Corey,Corey Seager,Seager,11.23846200796274,13,3000,COL@TEX,TEX,COL,,,,,,SS/UTIL
90623-13854,OF,Robbie,Robbie Grossman,Grossman,9.7648645349451,37,3000,COL@TEX,TEX,COL,,,,,,OF/UTIL
90623-13864,OF,Joc,Joc Pederson,Pederson,10.246153611403246,26,3000,MIA@SF,SF,MIA,IL,Hand,,,,OF/UTIL
90623-119437,3B,Josh,Josh Jung,Jung,10.704877899914253,41,3000,COL@TEX,TEX,COL,,,,,,3B/UTIL
90623-81622,C,Mitch,Mitch Garver,Garver,12.633333841959635,6,3000,COL@TEX,TEX,COL,IL,Knee,,,,C/1B/UTIL
90623-68522,3B,Alex,Alex Bregman,Bregman,9.845454822887074,44,3000,OAK@HOU,HOU,OAK,,,,,,3B/UTIL
90623-102363,OF/1B,Luke,Luke Raley,Raley,9.518182003136838,33,3000,MIL@TB,TB,MIL,,,,,,C/1B/OF/UTIL
90623-102370,3B/1B,Alec,Alec Bohm,Bohm,9.790908813476562,44,3000,CHC@PHI,PHI,CHC,,,,,,C/1B/3B/UTIL
90623-13326,C,Christian,Christian Bethancourt,Bethancourt,8.406896656957166,29,2900,MIL@TB,TB,MIL,,,,,,C/1B/UTIL
90623-12310,1B,Carlos,Carlos Santana,Santana,9.346341761147103,41,2900,ARI@PIT,PIT,ARI,,,,,,C/1B/UTIL
90623-179272,3B,Spencer,Spencer Steer,Steer,9.360975312023628,41,2900,NYY@CIN,CIN,NYY,,,,,,3B/UTIL
90623-102591,OF,Jake,Jake Fraley,Fraley,10.367500305175781,40,2900,NYY@CIN,CIN,NYY,,,,,,OF/UTIL
90623-79154,OF,Brandon,Brandon Marsh,Marsh,9.285714285714286,42,2900,CHC@PHI,PHI,CHC,,,,,,OF/UTIL
90623-13638,1B/3B,Wilmer,Wilmer Flores,Flores,8.5,33,2900,MIA@SF,SF,MIA,,,,,,C/1B/3B/UTIL
90623-65881,SS,Trea,Trea Turner,Turner,9.01818154074929,44,2900,CHC@PHI,PHI,CHC,,,,,,SS/UTIL
90623-21885,SS,Javier,Javier Baez,Baez,8.27750015258789,40,2900,DET@WSH,DET,WSH,,,,,,SS/UTIL
90623-79263,OF,Leody,Leody Taveras,Taveras,9.632258261403729,31,2900,COL@TEX,TEX,COL,,,,,,OF/UTIL
90623-101844,OF,Lane,Lane Thomas,Thomas,10.252272865988992,44,2900,DET@WSH,WSH,DET,,,,,,OF/UTIL
90623-119396,SS,Anthony,Anthony Volpe,Volpe,9.787234042553191,47,2900,NYY@CIN,NYY,CIN,,,,,,SS/UTIL
90623-113309,3B,Josh,Josh Rojas,Rojas,8.813513678473395,37,2900,ARI@PIT,ARI,PIT,,,,,,3B/UTIL
90623-17139,C,J.T.,J.T. Realmuto,Realmuto,9.923684371145148,38,2900,CHC@PHI,PHI,CHC,,,,,,C/1B/UTIL
90623-163666,OF,Steven,Steven Kwan,Kwan,9.886363636363637,44,2900,CLE@NYM,CLE,NYM,,,,,,OF/UTIL
90623-119637,2B/SS/OF,Ezequiel,Ezequiel Duran,Duran,9.7810809161212,37,2900,COL@TEX,TEX,COL,,,,,,2B/SS/OF/UTIL
90623-102284,C,William,William Contreras,Contreras,8.037142508370536,35,2900,MIL@TB,MIL,TB,,,,,,C/1B/UTIL
90623-68525,3B,J.D.,J.D. Davis,Davis,8.969999694824219,40,2900,MIA@SF,SF,MIA,,,,,,3B/UTIL
90623-13262,OF,Jurickson,Jurickson Profar,Profar,9.239473844829359,38,2900,COL@TEX,COL,TEX,,,,,,OF/UTIL
90623-135203,1B,Spencer,Spencer Torkelson,Torkelson,7.751219214462653,41,2800,DET@WSH,DET,WSH,,,,,,C/1B/UTIL
90623-38965,1B,C.J.,C.J. Cron,Cron,9.299999660915798,36,2800,COL@TEX,COL,TEX,IL,Back,,,,C/1B/UTIL
90623-83155,OF,Ramon,Ramon Laureano,Laureano,8.658064319241431,31,2800,OAK@HOU,OAK,HOU,,,,,,OF/UTIL
90623-60655,SS,Willy,Willy Adames,Adames,9.568181818181818,44,2800,MIL@TB,MIL,TB,,,,,,SS/UTIL
90623-85268,1B,Joey,Joey Meneses,Meneses,8.552381243024554,42,2800,DET@WSH,WSH,DET,,,,,,C/1B/UTIL
90623-79181,2B,Mauricio,Mauricio Dubon,Dubon,8.767567402607686,37,2800,OAK@HOU,HOU,OAK,,,,,,2B/UTIL
90623-38223,OF,Travis,Travis Jankowski,Jankowski,8.572000122070312,25,2800,COL@TEX,TEX,COL,IL,Hamstring,,,,OF/UTIL
90623-79277,1B,Rowdy,Rowdy Tellez,Tellez,9.75250015258789,40,2800,MIL@TB,MIL,TB,,,,,,C/1B/UTIL
90623-101827,2B,Luis,Luis Arraez,Arraez,9.0375,40,2800,MIA@SF,MIA,SF,,,,,,2B/UTIL
90623-119303,C,Shea,Shea Langeliers,Langeliers,9.207894576223273,38,2800,OAK@HOU,OAK,HOU,,,,,,C/1B/UTIL
90623-71182,3B,Jeimer,Jeimer Candelario,Candelario,8.653488514035248,43,2800,DET@WSH,WSH,DET,,,,,,3B/UTIL
90623-119343,OF,Riley,Riley Greene,Greene,9.887804729182546,41,2800,DET@WSH,DET,WSH,,,,,,OF/UTIL
90623-82527,OF,Jazz,Jazz Chisholm Jr.,Chisholm Jr.,10.364102877103365,39,2800,MIA@SF,MIA,SF,IL,Toe,,,,OF/UTIL
90623-119405,2B,Bryson,Bryson Stott,Stott,8.447618756975446,42,2800,CHC@PHI,PHI,CHC,,,,,,2B/UTIL
90623-119410,SS,CJ,CJ Abrams,Abrams,8.439534741778706,43,2800,DET@WSH,WSH,DET,,,,,,SS/UTIL
90623-82615,3B,Mark,Mark Vientos,Vientos,15.850000381469727,2,2800,CLE@NYM,NYM,CLE,,,,,,3B/UTIL
90623-82617,2B,Andres,Andres Gimenez,Gimenez,8.354761759440104,42,2800,CLE@NYM,CLE,NYM,,,,,,2B/UTIL
90623-181990,C/OF,Blake,Blake Sabol,Sabol,8.18999989827474,30,2800,MIA@SF,SF,MIA,,,,,,C/1B/OF/UTIL
90623-181991,1B,Ryan,Ryan Noda,Noda,8.842856997535343,42,2800,OAK@HOU,OAK,HOU,,,,,,C/1B/UTIL
90623-82660,2B,Luis,Luis Garcia,Garcia,8.257499694824219,40,2800,DET@WSH,WSH,DET,,,,,,2B/UTIL
90623-102296,OF,TJ,TJ Friedl,Friedl,8.90810827306799,37,2800,NYY@CIN,CIN,NYY,IL,Oblique,,,,OF/UTIL
90623-68514,2B/3B,Ryan,Ryan McMahon,McMahon,8.739534599836482,43,2800,COL@TEX,COL,TEX,,,,,,2B/3B/UTIL
90623-13229,OF,Charlie,Charlie Blackmon,Blackmon,9.62249984741211,40,2800,COL@TEX,COL,TEX,,,,,,OF/UTIL
90623-52147,OF,Kris,Kris Bryant,Bryant,8.760975907488566,41,2800,COL@TEX,COL,TEX,,,,,,OF/UTIL
90623-68563,OF,Victor,Victor Robles,Robles,8.245161487210181,31,2800,DET@WSH,WSH,DET,IL,Back,,,,OF/UTIL
90623-68589,SS,Amed,Amed Rosario,Rosario,8.671052631578947,38,2800,CLE@NYM,CLE,NYM,,,,,,SS/UTIL
90623-173078,OF,Alex,Alex Call,Call,8.160464974336845,43,2700,DET@WSH,WSH,DET,,,,,,OF/UTIL
90623-171037,C,Jason,Jason Delay,Delay,7.114285423642113,21,2700,ARI@PIT,PIT,ARI,,,,,,C/1B/UTIL
90623-54307,C,Elias,Elias Diaz,Diaz,8.743589743589743,39,2700,COL@TEX,COL,TEX,,,,,,C/1B/UTIL
90623-135218,OF,Jake,Jake Meyers,Meyers,7.305405075485642,37,2700,OAK@HOU,HOU,OAK,,,,,,OF/UTIL
90623-102452,OF,Nelson,Nelson Velazquez,Velazquez,8.43076911339393,13,2700,CHC@PHI,CHC,PHI,,,,,,OF/UTIL
90623-102488,3B,Emmanuel,Emmanuel Rivera,Rivera,8.206250190734863,16,2700,ARI@PIT,ARI,PIT,,,,,,3B/UTIL
90623-157797,OF,Bryan,Bryan De La Cruz,De La Cruz,8.06750030517578,40,2700,MIA@SF,MIA,SF,,,,,,OF/UTIL
90623-13423,OF,Starling,Starling Marte,Marte,7.658536585365853,41,2700,CLE@NYM,NYM,CLE,,,,,,OF/UTIL
90623-81046,1B,Garrett,Garrett Cooper,Cooper,8.139285496303014,28,2700,MIA@SF,MIA,SF,,,,,,C/1B/UTIL
90623-53401,1B/OF,Trey,Trey Mancini,Mancini,7.605128361628606,39,2700,CHC@PHI,CHC,PHI,,,,,,C/1B/OF/UTIL
90623-21666,OF,Mark,Mark Canha,Canha,7.478048929354039,41,2700,CLE@NYM,NYM,CLE,,,,,,OF/UTIL
90623-83182,C/OF,Eric,Eric Haase,Haase,6.676470588235294,34,2700,DET@WSH,DET,WSH,,,,,,C/1B/OF/UTIL
90623-146682,OF,Brenton,Brenton Doyle,Doyle,10.75500030517578,20,2700,COL@TEX,COL,TEX,,,,,,OF/UTIL
90623-85307,2B/OF,Jeff,Jeff McNeil,McNeil,8.136956256368887,46,2700,CLE@NYM,NYM,CLE,,,,,,2B/OF/UTIL
90623-79164,OF,Stone,Stone Garrett,Garrett,8.30952380952381,21,2700,DET@WSH,WSH,DET,,,,,,OF/UTIL
90623-79216,3B,Ke'Bryan,Ke'Bryan Hayes,Hayes,8.560465258221294,43,2700,ARI@PIT,PIT,ARI,,,,,,3B/UTIL
90623-5607,3B,Evan,Evan Longoria,Longoria,7.046153728778545,26,2700,ARI@PIT,ARI,PIT,,,,,,3B/UTIL
90623-101910,1B/OF,Connor,Connor Joe,Joe,9.68947400544819,38,2700,ARI@PIT,PIT,ARI,,,,,,C/1B/OF/UTIL
90623-119408,2B/OF,Ji Hwan,Ji Hwan Bae,Bae,8.370732005049543,41,2700,ARI@PIT,PIT,ARI,,,,,,2B/OF/UTIL
90623-82596,C,Jake,Jake Rogers,Rogers,6.993333435058593,30,2700,DET@WSH,DET,WSH,,,,,,C/1B/UTIL
90623-53994,1B,Josh,Josh Bell,Bell,7.881395206894985,43,2700,CLE@NYM,CLE,NYM,,,,,,C/1B/UTIL
90623-163696,OF,Jack,Jack Suwinski,Suwinski,10.461111280653212,36,2700,ARI@PIT,PIT,ARI,,,,,,OF/UTIL
90623-68531,3B/OF,Brian,Brian Anderson,Anderson,9.076190766834078,42,2700,MIL@TB,MIL,TB,,,,,,3B/OF/UTIL
90623-80848,C,Victor,Victor Caratini,Caratini,7.375,16,2700,MIL@TB,MIL,TB,,,,,,C/1B/UTIL
90623-135239,2B/SS,Rodolfo,Rodolfo Castro,Castro,7.465000152587891,40,2600,ARI@PIT,PIT,ARI,,,,,,2B/SS/UTIL
90623-21573,3B,Jace,Jace Peterson,Peterson,7.040000152587891,40,2600,OAK@HOU,OAK,HOU,,,,,,3B/UTIL
90623-38016,1B,Jesus,Jesus Aguilar,Aguilar,6.093939578894413,33,2600,OAK@HOU,OAK,HOU,,,,,,C/1B/UTIL
90623-54401,OF,Manuel,Manuel Margot,Margot,6.966666751437717,36,2600,MIL@TB,TB,MIL,,,,,,OF/UTIL
90623-184479,OF,Corey,Corey Julks,Julks,7.806451612903226,31,2600,OAK@HOU,HOU,OAK,,,,,,OF/UTIL
90623-79110,C,Tyler,Tyler Stephenson,Stephenson,7.45116264875545,43,2600,NYY@CIN,CIN,NYY,,,,,,C/1B/UTIL
90623-146720,3B,Jordan,Jordan Diaz,Diaz,6.095652041227921,23,2600,OAK@HOU,OAK,HOU,,,,,,3B/UTIL
90623-79223,1B,Josh,Josh Naylor,Naylor,9.62894720780222,38,2600,CLE@NYM,CLE,NYM,,,,,,C/1B/UTIL
90623-73159,OF,Mitch,Mitch Haniger,Haniger,6.661111195882161,18,2600,MIA@SF,SF,MIA,,,,,,OF/UTIL
90623-167500,OF,Joey,Joey Wiemer,Wiemer,6.9930235396984015,43,2600,MIL@TB,MIL,TB,,,,,,OF/UTIL
90623-119376,3B,Brett,Brett Baty,Baty,7.933333220305266,27,2600,CLE@NYM,NYM,CLE,,,,,,3B/UTIL
90623-80485,OF,Austin,Austin Slater,Slater,7.699999809265137,8,2600,MIA@SF,SF,MIA,IL,Hamstring,,,,OF/UTIL
90623-119412,2B/3B/OF,Owen,Owen Miller,Miller,7.189999898274739,30,2600,MIL@TB,MIL,TB,,,,,,2B/3B/OF/UTIL
90623-119442,C,Gabriel,Gabriel Moreno,Moreno,7.1457144601004465,35,2600,ARI@PIT,ARI,PIT,,,,,,C/1B/UTIL
90623-82593,C,Keibert,Keibert Ruiz,Ruiz,7.6763161107113485,38,2600,DET@WSH,WSH,DET,,,,,,C/1B/UTIL
90623-21183,C,Carlos,Carlos Perez,Perez,6.548148261176215,27,2600,OAK@HOU,OAK,HOU,,,,,,C/1B/UTIL
90623-154422,OF,Matt,Matt Vierling,Vierling,7.100000329919763,37,2600,DET@WSH,DET,WSH,,,,,,OF/UTIL
90623-12113,3B,Josh,Josh Donaldson,Donaldson,5.579999923706055,5,2600,NYY@CIN,NYY,CIN,IL,Hamstring,,,,3B/UTIL
90623-71507,1B,Yuli,Yuli Gurriel,Gurriel,7.157692542442908,26,2600,MIA@SF,MIA,SF,,,,,,C/1B/UTIL
90623-101276,2B/3B/SS,Jon,Jon Berti,Berti,7.084999847412109,40,2600,MIA@SF,MIA,SF,,,,,,2B/3B/SS/UTIL
90623-52170,1B,Dominic,Dominic Smith,Smith,7.442857288178944,42,2600,DET@WSH,WSH,DET,,,,,,C/1B/UTIL
90623-102365,C,Francisco,Francisco Alvarez,Alvarez,7.611111111111111,27,2600,CLE@NYM,NYM,CLE,,,,,,C/1B/UTIL
90623-38973,OF,Tyrone,Tyrone Taylor,Taylor,5.768750190734863,16,2500,MIL@TB,MIL,TB,,,,,,OF/UTIL
90623-6273,OF,Michael,Michael Brantley,Brantley,9.009230393629808,65,2500,OAK@HOU,HOU,OAK,IL,Shoulder,,,,OF/UTIL
90623-172216,3B/2B,David,David Villar,Villar,6.45,30,2500,MIA@SF,SF,MIA,,,,,,2B/3B/UTIL
90623-83173,C,Jose,Jose Trevino,Trevino,6.256666564941407,30,2500,NYY@CIN,NYY,CIN,IL,Hamstring,,,,C/1B/UTIL
90623-79218,SS,Kevin,Kevin Newman,Newman,6.579999796549479,30,2500,NYY@CIN,CIN,NYY,,,,,,SS/UTIL
90623-38282,1B,Daniel,Daniel Vogelbach,Vogelbach,6.230555640326606,36,2500,CLE@NYM,NYM,CLE,,,,,,C/1B/UTIL
90623-79255,1B,Jake,Jake Bauers,Bauers,6.413333129882813,15,2500,NYY@CIN,NYY,CIN,,,,,,C/1B/UTIL
90623-118218,2B,Zach,Zach McKinstry,McKinstry,7.557142857142857,35,2500,DET@WSH,DET,WSH,,,,,,2B/UTIL
90623-119337,1B,Michael,Michael Toglia,Toglia,3.0999999046325684,4,2500,COL@TEX,COL,TEX,,,,,,C/1B/UTIL
90623-176691,OF,Kerry,Kerry Carpenter,Carpenter,7.980952671595982,21,2500,DET@WSH,DET,WSH,IL,Shoulder,,,,OF/UTIL
90623-82530,1B/OF,Pavin,Pavin Smith,Smith,7.520000203450521,30,2500,ARI@PIT,ARI,PIT,,,,,,C/1B/OF/UTIL
90623-12961,SS,Brandon,Brandon Crawford,Crawford,7.247999877929687,25,2500,MIA@SF,SF,MIA,,,,,,SS/UTIL
90623-12985,OF,Avisail,Avisail Garcia,Garcia,6.236363497647372,22,2500,MIA@SF,MIA,SF,IL,Back,,,,OF/UTIL
90623-116450,1B/OF,Seth,Seth Brown,Brown,7.300000190734863,8,2500,OAK@HOU,OAK,HOU,IL,Oblique,,,,C/1B/OF/UTIL
90623-163674,SS,Ezequiel,Ezequiel Tovar,Tovar,7.495121653487042,41,2500,COL@TEX,COL,TEX,,,,,,SS/UTIL
90623-163686,OF,Oswaldo,Oswaldo Cabrera,Cabrera,7.212195419683689,41,2500,NYY@CIN,NYY,CIN,,,,,,OF/UTIL
90623-80838,1B,Luke,Luke Voit,Voit,4.956521739130435,23,2500,MIL@TB,MIL,TB,IL,Neck,,,,C/1B/UTIL
90623-52187,1B,Ji Man,Ji Man Choi,Choi,5.511110941569011,9,2500,ARI@PIT,PIT,ARI,IL,Achilles,,,,C/1B/UTIL
90623-97257,OF,Myles,Myles Straw,Straw,7.653488514035247,43,2500,CLE@NYM,CLE,NYM,,,,,,OF/UTIL
90623-102412,3B,Elehuris,Elehuris Montero,Montero,6.618750095367432,16,2400,COL@TEX,COL,TEX,,,,,,3B/UTIL
90623-102424,SS,Kevin,Kevin Smith,Smith,5.157692542442908,26,2400,OAK@HOU,OAK,HOU,,,,,,SS/UTIL
90623-79918,C,Kyle,Kyle Higashioka,Higashioka,6.5608692998471465,23,2400,NYY@CIN,NYY,CIN,,,,,,C/1B/UTIL
90623-21612,SS,Nick,Nick Ahmed,Ahmed,6.474074187102141,27,2400,ARI@PIT,ARI,PIT,,,,,,SS/UTIL
90623-13487,OF,Tommy,Tommy Pham,Pham,5.806451612903226,31,2400,CLE@NYM,NYM,CLE,,,,,,OF/UTIL
90623-145590,1B/3B,Jason,Jason Vosler,Vosler,6.6099998474121096,20,2400,NYY@CIN,CIN,NYY,,,,,,C/1B/3B/UTIL
90623-145611,SS/2B/3B,Oswald,Oswald Peraza,Peraza,6.191666920979817,12,2400,NYY@CIN,NYY,CIN,,,,,,2B/3B/SS/UTIL
90623-83164,OF,Jake,Jake Cave,Cave,7.005000305175781,20,2400,CHC@PHI,PHI,CHC,,,,,,OF/UTIL
90623-146698,OF,Peyton,Peyton Burdick,Burdick,6.436363913796165,11,2400,MIA@SF,MIA,SF,,,,,,OF/UTIL
90623-79113,C,Francisco,Francisco Mejia,Mejia,6.800000277432528,22,2400,MIL@TB,TB,MIL,,,,,,C/1B/UTIL
90623-79170,OF,Willie,Willie Calhoun,Calhoun,6.216666539510091,24,2400,NYY@CIN,NYY,CIN,,,,,,OF/UTIL
90623-49523,1B,Jose,Jose Abreu,Abreu,6.2534882301508,43,2400,OAK@HOU,HOU,OAK,,,,,,C/1B/UTIL
90623-79247,3B,Edmundo,Edmundo Sosa,Sosa,5.9212119362571025,33,2400,CHC@PHI,PHI,CHC,,,,,,3B/UTIL
90623-79267,3B,Andy,Andy Ibanez,Ibanez,6.422222137451172,18,2400,DET@WSH,DET,WSH,,,,,,3B/UTIL
90623-118222,2B,Mark,Mark Mathias,Mathias,5.773333231608073,15,2400,ARI@PIT,PIT,ARI,,,,,,2B/UTIL
90623-165507,SS,Matt,Matt McLain,McLain,11.366666158040365,3,2400,NYY@CIN,CIN,NYY,,,,,,SS/UTIL
90623-82563,2B/SS/OF,Garrett,Garrett Hampson,Hampson,5.775862068965517,29,2400,MIA@SF,MIA,SF,,,,,,2B/SS/OF/UTIL
90623-12931,OF/1B,Wil,Wil Myers,Myers,6.402941086713006,34,2400,NYY@CIN,CIN,NYY,,,,,,C/1B/OF/UTIL
90623-82611,OF,Akil,Akil Baddoo,Baddoo,7.0709676434916835,31,2400,DET@WSH,DET,WSH,,,,,,OF/UTIL
90623-161468,OF,Henry,Henry Ramos,Ramos,7.866667005750868,18,2400,NYY@CIN,CIN,NYY,,,,,,OF/UTIL
90623-82644,OF,Jesus,Jesus Sanchez,Sanchez,7.326666768391927,30,2400,MIA@SF,MIA,SF,IL,Hamstring,,,,OF/UTIL
90623-165707,OF/SS,Josh,Josh Smith,Smith,5.938709874306956,31,2400,COL@TEX,TEX,COL,,,,,,SS/OF/UTIL
90623-68471,2B/OF,Tony,Tony Kemp,Kemp,5.56052639609889,38,2400,OAK@HOU,OAK,HOU,,,,,,2B/OF/UTIL
90623-180095,OF,Will,Will Brennan,Brennan,5.163157814427426,38,2400,CLE@NYM,CLE,NYM,,,,,,OF/UTIL
90623-102283,OF,Alek,Alek Thomas,Thomas,6.046153924404046,39,2400,ARI@PIT,ARI,PIT,,,,,,OF/UTIL
90623-102282,OF,Jake,Jake McCarthy,McCarthy,5.186363567005504,22,2400,ARI@PIT,ARI,PIT,,,,,,OF/UTIL
90623-102295,OF,Stuart,Stuart Fairchild,Fairchild,5.840000152587891,40,2400,NYY@CIN,CIN,NYY,,,,,,OF/UTIL
90623-102307,SS/OF,Jose,Jose Barrero,Barrero,6.787878787878788,33,2400,NYY@CIN,CIN,NYY,,,,,,SS/OF/UTIL
90623-102326,1B,Kody,Kody Clemens,Clemens,5.589473523591694,19,2400,CHC@PHI,PHI,CHC,,,,,,C/1B/UTIL
90623-13239,3B,Eduardo,Eduardo Escobar,Escobar,6.944444444444445,27,2400,CLE@NYM,NYM,CLE,,,,,,3B/UTIL
90623-102353,2B,Brice,Brice Turang,Turang,6.648780636671113,41,2400,MIL@TB,MIL,TB,,,,,,2B/UTIL
90623-38872,OF,Jesse,Jesse Winker,Winker,6.265625,32,2400,MIL@TB,MIL,TB,,,,,,OF/UTIL
90623-102393,2B,Xavier,Xavier Edwards,Edwards,6.974999904632568,4,2400,MIA@SF,MIA,SF,,,,,,2B/UTIL
90623-97291,2B/SS/OF,Harold,Harold Castro,Castro,5.7333334463614,27,2300,COL@TEX,COL,TEX,,,,,,2B/SS/OF/UTIL
90623-11322,1B/3B,Mike,Mike Moustakas,Moustakas,6.63076899601863,26,2300,COL@TEX,COL,TEX,,,,,,C/1B/3B/UTIL
90623-37983,C,Mike,Mike Zunino,Zunino,5.755172203327048,29,2300,CLE@NYM,CLE,NYM,,,,,,C/1B/UTIL
90623-178304,2B/OF,David,David Hensley,Hensley,4.765384674072266,26,2300,OAK@HOU,HOU,OAK,,,,,,2B/OF/UTIL
90623-135305,2B,Tucupita,Tucupita Marcano,Marcano,5.046428680419922,28,2300,ARI@PIT,PIT,ARI,,,,,,2B/UTIL
90623-102546,1B/3B/SS,Gabriel,Gabriel Arias,Arias,4.1,30,2300,CLE@NYM,CLE,NYM,,,,,,C/1B/3B/SS/UTIL
90623-179362,OF,Dalton,Dalton Guthrie,Guthrie,0.8857142584664481,7,2300,CHC@PHI,PHI,CHC,,,,,,OF/UTIL
90623-84133,OF,Franmil,Franmil Reyes,Reyes,5.447368421052632,19,2300,DET@WSH,WSH,DET,,,,,,OF/UTIL
90623-83195,OF,Yonathan,Yonathan Daza,Daza,6.087500254313151,24,2300,COL@TEX,COL,TEX,,,,,,OF/UTIL
90623-85254,C,Joey,Joey Bart,Bart,4.869230710543119,26,2300,MIA@SF,SF,MIA,IL,Groin,,,,C/1B/UTIL
90623-13894,OF,Aaron,Aaron Hicks,Hicks,4.1827587259226835,29,2300,NYY@CIN,NYY,CIN,,,,,,OF/UTIL
90623-119404,2B/3B,Nick,Nick Maton,Maton,6.574358817858574,39,2300,DET@WSH,DET,WSH,,,,,,2B/3B/UTIL
90623-12928,1B,Eric,Eric Hosmer,Hosmer,5.883870770854335,31,2300,CHC@PHI,CHC,PHI,,,,,,C/1B/UTIL
90623-165559,C,Yainer,Yainer Diaz,Diaz,5.847058913286994,17,2300,OAK@HOU,HOU,OAK,,,,,,C/1B/UTIL
90623-163533,C,Jose,Jose Herrera,Herrera,6.275000095367432,16,2300,ARI@PIT,ARI,PIT,,,,,,C/1B/UTIL
90623-52995,C,Luke,Luke Maile,Maile,4.972222222222222,18,2300,NYY@CIN,CIN,NYY,,,,,,C/1B/UTIL
90623-54049,2B/SS/3B,Aledmys,Aledmys Diaz,Diaz,4.853333536783854,30,2300,OAK@HOU,OAK,HOU,,,,,,2B/3B/SS/UTIL
90623-110404,3B,Mike,Mike Brosseau,Brosseau,5.4720001220703125,25,2300,MIL@TB,MIL,TB,,,,,,3B/UTIL
90623-161677,C,Nick,Nick Fortes,Fortes,4.599999789533944,29,2300,MIA@SF,MIA,SF,,,,,,C/1B/UTIL
90623-182167,1B,Matt,Matt Mervis,Mervis,6.800000277432528,11,2300,CHC@PHI,CHC,PHI,,,,,,C/1B/UTIL
90623-13253,C,Martin,Martin Maldonado,Maldonado,5.315625190734863,32,2300,OAK@HOU,HOU,OAK,,,,,,C/1B/UTIL
90623-80852,2B/SS/3B,Ildemaro,Ildemaro Vargas,Vargas,5.084615267240084,13,2300,DET@WSH,WSH,DET,,,,,,2B/3B/SS/UTIL
90623-82977,SS/OF,Isiah,Isiah Kiner-Falefa,Kiner-Falefa,4.1441174675436585,34,2200,NYY@CIN,NYY,CIN,,,,,,SS/OF/UTIL
90623-146722,OF,Canaan,Canaan Smith-Njigba,Smith-Njigba,4.721428462437221,14,2200,ARI@PIT,PIT,ARI,,,,,,OF/UTIL
90623-79195,3B/OF,Miguel,Miguel Andujar,Andujar,5.338461655836839,13,2200,ARI@PIT,PIT,ARI,,,,,,3B/OF/UTIL
90623-13771,3B/OF,Josh,Josh Harrison,Harrison,4.014285859607515,21,2200,CHC@PHI,PHI,CHC,,,,,,3B/OF/UTIL
90623-170471,OF,Oscar,Oscar Gonzalez,Gonzalez,4.1,25,2200,CLE@NYM,CLE,NYM,,,,,,OF/UTIL
90623-71217,C,Omar,Omar Narvaez,Narvaez,5.6400001525878904,5,2200,CLE@NYM,NYM,CLE,IL,Calf,,,,C/1B/UTIL
90623-16945,C,Gary,Gary Sanchez,Sanchez,7.5573645303415695,129,2200,CLE@NYM,NYM,CLE,,,,,,C/1B/UTIL
90623-82558,OF,Conner,Conner Capel,Capel,5.280769348144531,26,2200,OAK@HOU,OAK,HOU,,,,,,OF/UTIL
90623-82566,3B,Tyler,Tyler Nevin,Nevin,4.420000076293945,10,2200,DET@WSH,DET,WSH,,,,,,3B/UTIL
90623-119439,C,Sam,Sam Huff,Huff,2.5,5,2200,COL@TEX,TEX,COL,,,,,,C/1B/UTIL
90623-82652,OF,Bubba,Bubba Thompson,Thompson,4.455555668583623,27,2200,COL@TEX,TEX,COL,,,,,,OF/UTIL
90623-17167,1B,Brad,Brad Miller,Miller,4.921052631578948,19,2200,COL@TEX,TEX,COL,,,,,,C/1B/UTIL
90623-13188,3B,Jean,Jean Segura,Segura,5.274358896108774,39,2200,MIA@SF,MIA,SF,,,,,,3B/UTIL
90623-102322,2B/3B,Nick,Nick Madrigal,Madrigal,5.5787880637428975,33,2200,CHC@PHI,CHC,PHI,,,,,,2B/3B/UTIL
90623-52180,OF,Austin,Austin Meadows,Meadows,4.166666666666667,6,2200,DET@WSH,DET,WSH,IL,Personal,,,,OF/UTIL
90623-180208,2B,Miles,Miles Mastrobuoni,Mastrobuoni,4.26000010172526,15,2200,CHC@PHI,CHC,PHI,,,,,,2B/UTIL
90623-70665,C,Jacob,Jacob Stallings,Stallings,3.0954544760964136,22,2100,MIA@SF,MIA,SF,,,,,,C/1B/UTIL
90623-73832,SS,Joey,Joey Wendle,Wendle,4.658333460489909,12,2100,MIA@SF,MIA,SF,,,,,,SS/UTIL
90623-38004,C,Austin,Austin Hedges,Hedges,4.627999877929687,25,2100,ARI@PIT,PIT,ARI,,,,,,C/1B/UTIL
90623-135284,C,Riley,Riley Adams,Adams,7.112500190734863,8,2100,DET@WSH,WSH,DET,,,,,,C/1B/UTIL
90623-135288,SS,Alan,Alan Trejo,Trejo,4.893750190734863,32,2100,COL@TEX,COL,TEX,,,,,,SS/UTIL
90623-38100,1B/SS,Matt,Matt Reynolds,Reynolds,3.0999999046325684,2,2100,NYY@CIN,CIN,NYY,,,,,,C/1B/SS/UTIL
90623-79087,2B,Michael,Michael Chavis,Chavis,2.6499998910086497,14,2100,DET@WSH,WSH,DET,,,,,,2B/UTIL
90623-101821,3B,Edwin,Edwin Rios,Rios,3.815384498009315,13,2100,CHC@PHI,CHC,PHI,,,,,,3B/UTIL
90623-101820,OF,Matt,Matt Beaty,Beaty,2.424999952316284,4,2100,MIA@SF,SF,MIA,,,,,,OF/UTIL
90623-16947,2B,Jonathan,Jonathan Schoop,Schoop,3.1538461538461537,26,2100,DET@WSH,DET,WSH,,,,,,2B/UTIL
90623-181820,OF,Brett,Brett Wisely,Wisely,3.368181748823686,22,2100,MIA@SF,SF,MIA,,,,,,OF/UTIL
90623-17012,C,Curt,Curt Casali,Casali,2.314285641624814,21,2100,NYY@CIN,CIN,NYY,,,,,,C/1B/UTIL
90623-82642,OF,Heliot,Heliot Ramos,Ramos,3.4111111958821616,9,2100,MIA@SF,SF,MIA,IL,Oblique,,,,OF/UTIL
90623-102380,SS,Nick,Nick Allen,Allen,3.8500000635782876,24,2100,OAK@HOU,OAK,HOU,,,,,,SS/UTIL
90623-13304,C,Tucker,Tucker Barnhart,Barnhart,3.223809378487723,21,2100,CHC@PHI,CHC,PHI,,,,,,C/1B/UTIL
90623-5118,1B,Miguel,Miguel Cabrera,Cabrera,4.063636432994496,22,2100,DET@WSH,DET,WSH,,,,,,C/1B/UTIL
90623-102406,2B,Vidal,Vidal Brujan,Brujan,4.045454545454546,11,2000,MIL@TB,TB,MIL,,,,,,2B/UTIL
90623-79896,C,Luis,Luis Torrens,Torrens,2.692857197352818,14,2000,DET@WSH,WSH,DET,,,,,,C/1B/UTIL
90623-102427,3B,Jordan,Jordan Groshans,Groshans,6.164706061868107,17,2000,MIA@SF,MIA,SF,,,,,,3B/UTIL
90623-102453,SS,Zack,Zack Short,Short,3.078571319580078,14,2000,DET@WSH,DET,WSH,,,,,,SS/UTIL
90623-102475,SS,Brayan,Brayan Rocchio,Rocchio,3.1666666666666665,3,2000,CLE@NYM,CLE,NYM,,,,,,SS/UTIL
90623-102486,OF,Blake,Blake Perkins,Perkins,0.6199999809265136,10,2000,MIL@TB,MIL,TB,,,,,,OF/UTIL
90623-82021,C,Tomas,Tomas Nido,Nido,2.175,20,2000,CLE@NYM,NYM,CLE,IL,Impaired vision,,,,C/1B/UTIL
90623-171112,1B,Sean,Sean Bouchard,Bouchard,9.048148261176216,27,2000,COL@TEX,COL,TEX,IL,Biceps,,,,C/1B/UTIL
90623-135282,OF,Josh,Josh Palacios,Palacios,4.283333460489909,6,2000,ARI@PIT,PIT,ARI,,,,,,OF/UTIL
90623-135293,3B,Drew,Drew Maggi,Maggi,5.233333269755046,3,2000,ARI@PIT,PIT,ARI,,,,,,3B/UTIL
90623-73871,C,Carson,Carson Kelly,Kelly,6.4714285714285715,105,2000,ARI@PIT,ARI,PIT,IL,Forearm,,,,C/1B/UTIL
90623-184480,C,Cesar,Cesar Salazar,Salazar,1.524999976158142,8,2000,OAK@HOU,HOU,OAK,,,,,,C/1B/UTIL
90623-38074,OF,Corey,Corey Dickerson,Dickerson,7.580000305175782,5,2000,DET@WSH,WSH,DET,,,,,,OF/UTIL
90623-13501,SS/2B,Chris,Chris Owings,Owings,0.8571428571428571,7,2000,ARI@PIT,PIT,ARI,,,,,,2B/SS/UTIL
90623-83191,C,Austin,Austin Wynns,Wynns,5.409999847412109,10,2000,COL@TEX,COL,TEX,,,,,,C/1B/UTIL
90623-146697,OF,Garrett,Garrett Mitchell,Mitchell,9.300000190734863,16,2000,MIL@TB,MIL,TB,IL,Shoulder,,,,OF/UTIL
90623-79119,OF,Will,Will Benson,Benson,0.75,8,2000,NYY@CIN,CIN,NYY,,,,,,OF/UTIL
90623-79122,3B,Nolan,Nolan Jones,Jones,7.053571428571429,28,2000,COL@TEX,COL,TEX,,,,,,3B/UTIL
90623-85273,3B,Rylan,Rylan Bannon,Bannon,0,2,2000,OAK@HOU,HOU,OAK,,,,,,3B/UTIL
90623-79128,C,Garrett,Garrett Stubbs,Stubbs,4.155555725097656,9,2000,CHC@PHI,PHI,CHC,,,,,,C/1B/UTIL
90623-85279,C,Miguel,Miguel Amaya,Amaya,3.6666666666666665,6,2000,CHC@PHI,CHC,PHI,,,,,,C/1B/UTIL
90623-185632,C,David,David Fry,Fry,2.0333333015441895,6,2000,CLE@NYM,CLE,NYM,,,,,,C/1B/UTIL
90623-136504,C,Patrick,Patrick Bailey,Bailey,,,2000,MIA@SF,SF,MIA,,,,,,C/1B/UTIL
90623-85320,C,Michael,Michael Perez,Perez,9.100000381469727,2,2000,CLE@NYM,NYM,CLE,,,,,,C/1B/UTIL
90623-82251,OF,Tim,Tim Locastro,Locastro,3.5499998728434243,12,2000,CLE@NYM,NYM,CLE,IL,Back,,,,OF/UTIL
90623-170321,C,Brian,Brian Serven,Serven,1.55,10,2000,COL@TEX,COL,TEX,,,,,,C/1B/UTIL
90623-79190,C,Ben,Ben Rortvedt,Rortvedt,,,2000,NYY@CIN,NYY,CIN,,,,,,C/1B/UTIL
90623-79215,1B,Rhys,Rhys Hoskins,Hoskins,10.234104046242775,173,2000,CHC@PHI,PHI,CHC,IL,Knee,,,,C/1B/UTIL
90623-5488,1B,Joey,Joey Votto,Votto,8.37032980447287,91,2000,NYY@CIN,CIN,NYY,IL,Shoulder,,,,C/1B/UTIL
90623-79225,3B/SS/2B,Luis,Luis Urias,Urias,0,1,2000,MIL@TB,MIL,TB,IL,Hamstring,,,,2B/3B/SS/UTIL
90623-79234,OF,Kyle,Kyle Lewis,Lewis,5.200000127156575,6,2000,ARI@PIT,ARI,PIT,IL,Illness,,,,OF/UTIL
90623-175654,OF,Bryce,Bryce Johnson,Johnson,2.7066665649414063,15,2000,MIA@SF,SF,MIA,,,,,,OF/UTIL
90623-119333,SS,Tyler,Tyler Freeman,Freeman,4.566666603088379,6,2000,CLE@NYM,CLE,NYM,,,,,,SS/UTIL
90623-181802,3B,Jake,Jake Alu,Alu,4.5,4,2000,DET@WSH,WSH,DET,,,,,,3B/UTIL
90623-119363,OF,JJ,JJ Bleday,Bleday,8.135714394705635,14,2000,OAK@HOU,OAK,HOU,,,,,,OF/UTIL
90623-80459,OF,Franchy,Franchy Cordero,Cordero,6.668420892012747,19,2000,NYY@CIN,NYY,CIN,,,,,,OF/UTIL
90623-119401,C,Rafael,Rafael Marchan,Marchan,,,2000,CHC@PHI,PHI,CHC,IL,Wrist,,,,C/1B/UTIL
90623-116339,3B/2B,Abraham,Abraham Toro,Toro,5.8412845156608375,109,2000,MIL@TB,MIL,TB,,,,,,2B/3B/UTIL
90623-176777,OF,Cal,Cal Stevenson,Stevenson,2.0333333015441895,6,2000,MIA@SF,SF,MIA,,,,,,OF/UTIL
90623-119445,C,Israel,Israel Pineda,Pineda,2.299999952316284,4,2000,DET@WSH,WSH,DET,IL,Finger,,,,C/1B/UTIL
90623-81570,C,Cam,Cam Gallagher,Gallagher,2.6000000448787914,17,2000,CLE@NYM,CLE,NYM,,,,,,C/1B/UTIL
90623-165550,2B/3B/SS,Ryan,Ryan Kreidler,Kreidler,1.1272726925936611,11,2000,DET@WSH,DET,WSH,IL,Knee,,,,2B/3B/SS/UTIL
90623-21165,C,Roberto,Roberto Perez,Perez,3.1,5,2000,MIA@SF,SF,MIA,IL,Shoulder,,,,C/1B/UTIL
90623-14000,1B/OF,Darin,Darin Ruf,Ruf,4.515384674072266,13,2000,MIL@TB,MIL,TB,,,,,,C/1B/OF/UTIL
90623-82616,2B/3B/SS,Luis,Luis Guillorme,Guillorme,3.8607142312186107,28,2000,CLE@NYM,NYM,CLE,,,,,,2B/3B/SS/UTIL
90623-82619,OF,Estevan,Estevan Florial,Florial,0,1,2000,NYY@CIN,NYY,CIN,,,,,,OF/UTIL
90623-17105,C,Sandy,Sandy Leon,Leon,3.3999998910086497,14,2000,COL@TEX,TEX,COL,,,,,,C/1B/UTIL
90623-82659,3B,Carter,Carter Kieboom,Kieboom,,,2000,DET@WSH,WSH,DET,,,,,,3B/UTIL
90623-163662,2B,Jonathan,Jonathan Aranda,Aranda,4.84375,32,2000,MIL@TB,TB,MIL,,,,,,2B/UTIL
90623-102285,OF,Cristian,Cristian Pache,Pache,3.6333334181043835,18,2000,CHC@PHI,PHI,CHC,IL,Knee,,,,OF/UTIL
90623-171923,1B,Darick,Darick Hall,Hall,4.116666793823242,6,2000,CHC@PHI,PHI,CHC,IL,Thumb,,,,C/1B/UTIL
90623-13209,C,Manny,Manny Pina,Pina,4.44000015258789,5,2000,OAK@HOU,OAK,HOU,IL,Wrist,,,,C/1B/UTIL
90623-102320,OF,Luis,Luis Gonzalez,Gonzalez,7.379591961296237,98,2000,MIA@SF,SF,MIA,IL,Back,,,,OF/UTIL
90623-68537,OF/2B/SS,Tyler,Tyler Wade,Wade,3.9200000762939453,10,2000,OAK@HOU,OAK,HOU,,,,,,2B/SS/OF/UTIL
90623-102340,SS,Jeter,Jeter Downs,Downs,3,1,2000,DET@WSH,WSH,DET,,,,,,SS/UTIL
90623-68582,2B,Brendan,Brendan Rodgers,Rodgers,9.006521916043932,138,2000,COL@TEX,COL,TEX,IL,Shoulder,,,,2B/UTIL
90623-102389,SS,Oneil,Oneil Cruz,Cruz,12.377777947319878,9,2000,ARI@PIT,PIT,ARI,IL,Lower leg,,,,SS/UTIL