Id,Position,First Name,Nickname,Last Name,FPPG,Played,Salary,Game,Team,Opponent,Injury Indicator,Injury Details,Tier,Probable Pitcher,Batting Order,Roster Position
90995-52859,P,Jacob,Jacob deGrom,deGrom,37.166666666666664,6,11400,SEA@TEX,TEX,SEA,IL,Elbow,,,,P
90995-162445,P,Spencer,Spencer Strider,Strider,45.45454545454545,12,11300,ATL@ARI,ATL,ARI,,,,,,P
90995-102407,P,Shane,Shane McClanahan,McClanahan,40.583333333333336,12,11200,TB@BOS,TB,BOS,,,,,,P
90995-13233,P,Nathan,Nathan Eovaldi,Eovaldi,40.27272727272727,11,11200,SEA@TEX,TEX,SEA,,,,,,P
90995-79217,P,Mitch,Mitch Keller,Keller,41.333333333333336,12,11200,STL@PIT,PIT,STL,,,,,,P
90995-85599,P,Framber,Framber Valdez,Valdez,41.45454545454545,11,11200,LAA@HOU,HOU,LAA,,,,Yes,,P
90995-16956,P,Gerrit,Gerrit Cole,Cole,37.5,12,11100,NYY@LAD,NYY,LAD,,,,,,P
90995-38000,P,Kevin,Kevin Gausman,Gausman,43,12,11100,TOR@NYM,TOR,NYM,,,,,,P
90995-101839,P,Logan,Logan Webb,Webb,39.45454545454545,11,11100,BAL@SF,SF,BAL,,,,Yes,,P
90995-119430,P,Joe,Joe Ryan,Ryan,39.72727272727273,12,11000,CLE@MIN,MIN,CLE,,,,,,P
90995-85476,P,Jeffrey,Jeffrey Springs,Springs,45.666666666666664,4,11000,TB@BOS,TB,BOS,IL,Elbow,,,,P
90995-16960,P,Zack,Zack Wheeler,Wheeler,35.72727272727273,11,10900,PHI@WSH,PHI,WSH,,,,Yes,,P
90995-82440,P,Shohei,Shohei Ohtani,Ohtani,41.81818181818182,56,10800,LAA@HOU,LAA,HOU,,,,Yes,,P
90995-68482,P,Zach,Zach Eflin,Eflin,34.7,11,10800,TB@BOS,TB,BOS,,,,,,P
90995-165689,P,Bryce,Bryce Miller,Miller,33.833333333333336,6,10800,SEA@TEX,SEA,TEX,,,,,,P
90995-85251,P,Zac,Zac Gallen,Gallen,39,12,10700,ATL@ARI,ARI,ATL,,,,,,P
90995-102396,P,Logan,Logan Gilbert,Gilbert,33.27272727272727,11,10600,SEA@TEX,SEA,TEX,,,,,,P
90995-146687,P,Hunter,Hunter Brown,Brown,34.90909090909091,11,10500,LAA@HOU,HOU,LAA,,,,,,P
90995-102335,P,Cristian,Cristian Javier,Javier,35.36363636363637,11,10500,LAA@HOU,HOU,LAA,,,,,,P
90995-16931,P,Yu,Yu Darvish,Darvish,29.4,10,10400,CHC@SD,SD,CHC,,,,,,P
90995-52166,P,Julio,Julio Urias,Urias,29.4,10,10400,NYY@LAD,LAD,NYY,IL,Hamstring,,,,P
90995-83152,P,Pablo,Pablo Lopez,Lopez,33.833333333333336,12,10400,CLE@MIN,MIN,CLE,,,,,,P
90995-146664,P,Bryce,Bryce Elder,Elder,33.54545454545455,11,10400,ATL@ARI,ATL,ARI,,,,,,P
90995-119361,P,Drew,Drew Rasmussen,Rasmussen,34,9,10300,TB@BOS,TB,BOS,IL,Elbow,,,,P
90995-5427,P,Clayton,Clayton Kershaw,Kershaw,36.63636363636363,11,10300,NYY@LAD,LAD,NYY,,,,Yes,,P
90995-82554,P,Shane,Shane Bieber,Bieber,29.25,12,10200,CLE@MIN,CLE,MIN,,,,,,P
90995-17064,P,Sonny,Sonny Gray,Gray,35.36363636363637,12,10200,CLE@MIN,MIN,CLE,,,,,,P
90995-60633,P,Carlos,Carlos Rodon,Rodon,39.41935483870968,31,10200,NYY@LAD,NYY,LAD,IL,Back,,,,P
90995-79162,P,Luis,Luis Castillo,Castillo,36.90909090909091,11,10200,SEA@TEX,SEA,TEX,,,,Yes,,P
90995-101881,P,Merrill,Merrill Kelly,Kelly,36.18181818181818,11,10100,ATL@ARI,ARI,ATL,,,,Yes,,P
90995-39041,P,Marcus,Marcus Stroman,Stroman,34.333333333333336,12,10000,CHC@SD,CHC,SD,,,,,,P
90995-145612,P,Bailey,Bailey Ober,Ober,32.285714285714285,7,10000,CLE@MIN,MIN,CLE,,,,Yes,,P
90995-52198,P,Lucas,Lucas Giolito,Giolito,30.583333333333332,12,10000,DET@CWS,CWS,DET,,,,,,P
90995-52185,P,Max,Max Fried,Fried,30.2,5,9900,ATL@ARI,ATL,ARI,IL,Forearm,,,,P
90995-5202,P,Justin,Justin Verlander,Verlander,25.6,6,9900,TOR@NYM,NYM,TOR,,,,Yes,,P
90995-60647,P,Aaron,Aaron Nola,Nola,29.166666666666668,12,9900,PHI@WSH,PHI,WSH,,,,,,P
90995-53029,P,Robbie,Robbie Ray,Ray,10,1,9900,SEA@TEX,SEA,TEX,IL,Elbow,,,,P
90995-165698,P,Taj,Taj Bradley,Bradley,33,6,9900,TB@BOS,TB,BOS,,,,,,P
90995-79118,P,Triston,Triston McKenzie,McKenzie,34.6764705882353,34,9800,CLE@MIN,CLE,MIN,IL,Shoulder,,,,P
90995-79390,P,Michael,Michael Kopech,Kopech,30.545454545454547,11,9800,DET@CWS,CWS,DET,,,,,,P
90995-12477,P,Chris,Chris Sale,Sale,31.818181818181817,12,9700,TB@BOS,BOS,TB,DTD,Shoulder,,,0,P
90995-145922,P,Tyler,Tyler Wells,Wells,30.272727272727273,12,9700,BAL@SF,BAL,SF,,,,,,P
90995-82594,P,Dustin,Dustin May,May,27.11111111111111,9,9700,NYY@LAD,LAD,NYY,IL,Forearm,,,,P
90995-11354,P,Lance,Lance Lynn,Lynn,26.916666666666668,12,9700,DET@CWS,CWS,DET,,,,,,P
90995-60639,P,Jose,Jose Berrios,Berrios,31.636363636363637,11,9700,TOR@NYM,TOR,NYM,,,,,,P
90995-135212,P,Luis,Luis Garcia,Garcia,31.6,6,9600,LAA@HOU,HOU,LAA,IL,Elbow,,,,P
90995-52142,P,Eduardo,Eduardo Rodriguez,Rodriguez,36.72727272727273,11,9600,DET@CWS,DET,CWS,IL,Finger,,,,P
90995-53067,P,Chris,Chris Bassitt,Bassitt,31.636363636363637,11,9600,TOR@NYM,TOR,NYM,,,,Yes,,P
90995-182153,P,Kodai,Kodai Senga,Senga,35.8,11,9600,TOR@NYM,NYM,TOR,,,,,,P
90995-53607,P,Anthony,Anthony DeSclafani,DeSclafani,29,12,9500,BAL@SF,SF,BAL,,,,,,P
90995-21098,P,James,James Paxton,Paxton,30.25,4,9500,TB@BOS,BOS,TB,,,,,0,P
90995-79091,P,Dylan,Dylan Cease,Cease,27.333333333333332,12,9500,DET@CWS,CWS,DET,,,,,,P
90995-5466,P,Charlie,Charlie Morton,Morton,34.3,11,9500,ATL@ARI,ATL,ARI,,,,Yes,,P
90995-52167,P,Andrew,Andrew Heaney,Heaney,30.9,10,9400,SEA@TEX,TEX,SEA,,,,,,P
90995-102343,P,Tony,Tony Gonsolin,Gonsolin,26.714285714285715,7,9400,NYY@LAD,LAD,NYY,,,,,,P
90995-13123,P,Alex,Alex Cobb,Cobb,30.727272727272727,12,9300,BAL@SF,SF,BAL,,,,,,P
90995-37999,P,Michael,Michael Wacha,Wacha,30.7,10,9300,CHC@SD,SD,CHC,,,,Yes,,P
90995-185490,P,Logan,Logan Allen,Allen,33.714285714285715,7,9300,CLE@MIN,CLE,MIN,,,,,,P
90995-101810,P,Justin,Justin Steele,Steele,32.166666666666664,13,9300,CHC@SD,CHC,SD,DTD,Forearm,,,,P
90995-135648,P,Bobby,Bobby Miller,Miller,35,2,9200,NYY@LAD,LAD,NYY,,,,,,P
90995-119414,P,George,George Kirby,Kirby,34.63636363636363,11,9200,SEA@TEX,SEA,TEX,,,,,,P
90995-82635,P,MacKenzie,MacKenzie Gore,Gore,33.18181818181818,12,9200,PHI@WSH,WSH,PHI,,,,,0,P
90995-52183,P,Tyler,Tyler Glasnow,Glasnow,28,1,9200,TB@BOS,TB,BOS,,,,Yes,,P
90995-5481,P,Max,Max Scherzer,Scherzer,31.333333333333332,9,9200,TOR@NYM,NYM,TOR,,,,,,P
90995-82535,P,Kyle,Kyle Wright,Wright,16,5,9100,ATL@ARI,ATL,ARI,IL,Shoulder,,,,P
90995-11328,P,Martin,Martin Perez,Perez,25.181818181818183,11,9100,SEA@TEX,TEX,SEA,,,,,,P
90995-68488,P,Blake,Blake Snell,Snell,26.272727272727273,11,9000,CHC@SD,SD,CHC,,,,,,P
90995-52155,P,Jon,Jon Gray,Gray,30.7,10,9000,SEA@TEX,TEX,SEA,,,,Yes,,P
90995-185501,P,Tanner,Tanner Bibee,Bibee,30.571428571428573,7,9000,CLE@MIN,CLE,MIN,,,,,,P
90995-71034,P,Seth,Seth Lugo,Lugo,27.5,8,9000,CHC@SD,SD,CHC,IL,Calf,,,,P
90995-5983,P,Rich,Rich Hill,Hill,26.181818181818183,11,9000,STL@PIT,PIT,STL,,,,,,P
90995-12936,P,Kyle,Kyle Gibson,Gibson,27.416666666666668,12,8900,BAL@SF,BAL,SF,,,,,,P
90995-60644,P,Luis,Luis Severino,Severino,31,2,8900,NYY@LAD,NYY,LAD,,,,Yes,,P
90995-62872,P,Vince,Vince Velasquez,Velasquez,26.875,8,8900,STL@PIT,PIT,STL,IL,Elbow,,,,P
90995-65987,P,Domingo,Domingo German,German,27.6,11,8800,NYY@LAD,NYY,LAD,,,,,,P
90995-82557,P,Aaron,Aaron Civale,Civale,30,2,8800,CLE@MIN,CLE,MIN,IL,Oblique,,Yes,,P
90995-60632,P,Kyle,Kyle Freeland,Freeland,23.25,12,8800,COL@KC,COL,KC,,,,,,P
90995-179456,P,Louie,Louie Varland,Varland,32.857142857142854,7,8800,CLE@MIN,MIN,CLE,,,,,,P
90995-79109,P,Tyler,Tyler Mahle,Mahle,28.8,6,8800,CLE@MIN,MIN,CLE,IL,Elbow,,,,P
90995-102502,P,Josiah,Josiah Gray,Gray,29.545454545454547,12,8700,PHI@WSH,WSH,PHI,,,,Yes,,P
90995-17087,P,Drew,Drew Smyly,Smyly,28.727272727272727,12,8700,CHC@SD,CHC,SD,,,,,,P
90995-52159,P,Lance,Lance McCullers Jr.,McCullers Jr.,34.09090909090909,11,8700,LAA@HOU,HOU,LAA,IL,Forearm,,,,P
90995-72265,P,Matt,Matt Strahm,Strahm,17.066666666666666,15,8600,PHI@WSH,PHI,WSH,,,,,,P
90995-163680,P,Brayan,Brayan Bello,Bello,27,8,8600,TB@BOS,BOS,TB,,,,,0,P
90995-102447,P,Dean,Dean Kremer,Kremer,25.181818181818183,12,8500,BAL@SF,BAL,SF,,,,Yes,,P
90995-82582,P,Griffin,Griffin Canning,Canning,25.875,8,8500,LAA@HOU,LAA,HOU,,,,,,P
90995-68452,P,Kenta,Kenta Maeda,Maeda,10.5,5,8500,CLE@MIN,MIN,CLE,IL,Triceps,,,,P
90995-102001,P,Yusei,Yusei Kikuchi,Kikuchi,26.272727272727273,11,8500,TOR@NYM,TOR,NYM,,,,,,P
90995-79853,P,Jordan,Jordan Montgomery,Montgomery,26.181818181818183,11,8500,STL@PIT,STL,PIT,,,,,,P
90995-82618,P,David,David Peterson,Peterson,19.125,9,8400,TOR@NYM,NYM,TOR,,,,,,P
90995-79103,P,Dane,Dane Dunning,Dunning,18.384615384615383,13,8400,SEA@TEX,TEX,SEA,,,,,,P
90995-135231,P,Jared,Jared Shuster,Shuster,20,7,8300,ATL@ARI,ATL,ARI,,,,,,P
90995-102498,P,Patrick,Patrick Sandoval,Sandoval,24.5,10,8300,LAA@HOU,LAA,HOU,,,,,,P
90995-82636,P,Joey,Joey Lucchesi,Lucchesi,19,5,8300,TOR@NYM,NYM,TOR,,,,,,P
90995-82775,P,Nestor,Nestor Cortes,Cortes,26.818181818181817,12,8300,NYY@LAD,NYY,LAD,,,,,,P
90995-70559,P,Mike,Mike Clevinger,Clevinger,24.444444444444443,9,8300,DET@CWS,CWS,DET,,,,Yes,,P
90995-21099,P,Jose,Jose Quintana,Quintana,25.545454545454547,33,8200,TOR@NYM,NYM,TOR,IL,Ribs,,,,P
90995-82540,P,Tanner,Tanner Houck,Houck,24.1,11,8200,TB@BOS,BOS,TB,,,,,0,P
90995-17121,P,Miles,Miles Mikolas,Mikolas,28.333333333333332,12,8200,STL@PIT,STL,PIT,,,,,,P
90995-79246,P,Jack,Jack Flaherty,Flaherty,25.90909090909091,11,8200,STL@PIT,STL,PIT,,,,Yes,,P
90995-52728,P,Michael,Michael Lorenzen,Lorenzen,27.25,8,8200,DET@CWS,DET,CWS,,,,,,P
90995-181805,P,J.P.,J.P. France,France,26.6,5,8200,LAA@HOU,HOU,LAA,,,,,,P
90995-79073,P,Michael,Michael Soroka,Soroka,15,1,8100,ATL@ARI,ATL,ARI,,,,,,P
90995-165520,P,Peyton,Peyton Battenfield,Battenfield,19,7,8100,CLE@MIN,CLE,MIN,IL,Shoulder,,,,P
90995-102484,P,Brandon,Brandon Bielak,Bielak,26,6,8000,LAA@HOU,HOU,LAA,,,,,,P
90995-71875,P,Mike,Mike Mayers,Mayers,27.333333333333332,3,8000,COL@KC,KC,COL,,,,,,P
90995-110822,P,Jose,Jose Urquidy,Urquidy,20,6,8000,LAA@HOU,HOU,LAA,IL,Shoulder,,,,P
90995-119441,P,Alek,Alek Manoah,Manoah,18.833333333333332,12,8000,TOR@NYM,TOR,NYM,,,,,,P
90995-79072,P,Brad,Brad Keller,Keller,20.22222222222222,10,8000,COL@KC,KC,COL,IL,Shoulder,,,,P
90995-163700,P,Kyle,Kyle Bradish,Bradish,23.444444444444443,10,8000,BAL@SF,BAL,SF,,,,,,P
90995-102330,P,Kris,Kris Bubic,Bubic,26.333333333333332,4,8000,COL@KC,KC,COL,IL,Elbow,,,,P
90995-135229,P,Reid,Reid Detmers,Detmers,24.9,10,7900,LAA@HOU,LAA,HOU,,,,,,P
90995-63781,P,Frankie,Frankie Montas,Montas,26.321428571428573,28,7900,NYY@LAD,NYY,LAD,IL,Shoulder,,,,P
90995-119340,P,Tarik,Tarik Skubal,Skubal,30.857142857142858,21,7900,DET@CWS,DET,CWS,IL,Elbow,,,,P
90995-119426,P,Johan,Johan Oviedo,Oviedo,25.454545454545453,11,7900,STL@PIT,PIT,STL,,,,,,P
90995-13664,P,Patrick,Patrick Corbin,Corbin,22.166666666666668,12,7900,PHI@WSH,WSH,PHI,,,,,0,P
90995-163670,P,Cody,Cody Morris,Morris,18.375,8,7900,CLE@MIN,CLE,MIN,IL,Lat,,,,P
90995-102294,P,Grayson,Grayson Rodriguez,Rodriguez,20.5,10,7900,BAL@SF,BAL,SF,,,,,,P
90995-135245,P,Tommy,Tommy Henry,Henry,22.125,8,7800,ATL@ARI,ARI,ATL,,,,,,P
90995-79168,P,Walker,Walker Buehler,Buehler,27.5,12,7800,NYY@LAD,LAD,NYY,IL,Elbow,,,,P
90995-102376,P,Garrett,Garrett Whitlock,Whitlock,22,4,7800,TB@BOS,BOS,TB,,,,Yes,,P
90995-102408,P,Matthew,Matthew Liberatore,Liberatore,16,3,7700,STL@PIT,STL,PIT,,,,,,P
90995-82621,P,Clarke,Clarke Schmidt,Schmidt,23.75,13,7700,NYY@LAD,NYY,LAD,,,,,,P
90995-101838,P,JT,JT Brubaker,Brubaker,24.928571428571427,28,7700,STL@PIT,PIT,STL,IL,Elbow,,,,P
90995-165636,P,Hayden,Hayden Wesneski,Wesneski,20,10,7700,CHC@SD,CHC,SD,,,,,,P
90995-135191,P,Josh,Josh Fleming,Fleming,13.545454545454545,12,7600,TB@BOS,TB,BOS,,,,,,P
90995-119391,P,Roansy,Roansy Contreras,Contreras,22.3,10,7600,STL@PIT,PIT,STL,,,,Yes,,P
90995-68483,P,Trevor,Trevor Williams,Williams,21.181818181818183,12,7600,PHI@WSH,WSH,PHI,,,,,0,P
90995-52165,P,Sean,Sean Manaea,Manaea,16.25,13,7600,BAL@SF,SF,BAL,,,,,,P
90995-6266,P,Carlos,Carlos Carrasco,Carrasco,18.5,7,7500,TOR@NYM,NYM,TOR,,,,,,P
90995-82573,P,Alex,Alex Faedo,Faedo,24.4,5,7500,DET@CWS,DET,CWS,,,,,,P
90995-164511,P,Dylan,Dylan Dodd,Dodd,15.5,4,7500,ATL@ARI,ATL,ARI,,,,,,P
90995-68523,P,Joe,Joe Musgrove,Musgrove,25.714285714285715,7,7500,CHC@SD,SD,CHC,,,,,,P
90995-52190,P,Marco,Marco Gonzales,Gonzales,20.5,10,7500,SEA@TEX,SEA,TEX,,,,,,P
90995-79133,P,Matt,Matt Manning,Manning,22,3,7500,DET@CWS,DET,CWS,IL,Foot,,,,P
90995-135221,P,Cade,Cade Cavalli,Cavalli,10,1,7400,PHI@WSH,WSH,PHI,IL,Elbow,,,0,P
90995-53590,P,Nick,Nick Martinez,Martinez,12.368421052631579,19,7400,CHC@SD,SD,CHC,,,,,,P
90995-119299,P,Drey,Drey Jameson,Jameson,17,7,7400,ATL@ARI,ARI,ATL,,,,,,P
90995-154714,P,Tylor,Tylor Megill,Megill,22.272727272727273,11,7400,TOR@NYM,NYM,TOR,,,,,,P
90995-83098,P,Austin,Austin Gomber,Gomber,16.181818181818183,11,7400,COL@KC,COL,KC,,,,,,P
90995-79228,P,Cal,Cal Quantrill,Quantrill,18.272727272727273,11,7400,CLE@MIN,CLE,MIN,IL,Shoulder,,,,P
90995-79951,P,Nick,Nick Pivetta,Pivetta,18.846153846153847,14,7300,TB@BOS,BOS,TB,,,,,0,P
90995-145625,P,Bailey,Bailey Falter,Falter,18,8,7300,PHI@WSH,PHI,WSH,,,,,,P
90995-135647,P,Ryan,Ryan Pepiot,Pepiot,23.88888888888889,9,7300,NYY@LAD,LAD,NYY,IL,Oblique,,,,P
90995-162419,P,Matt,Matt Brash,Brash,6.518518518518518,27,7300,SEA@TEX,SEA,TEX,,,,,,P
90995-97300,P,John,John Means,Means,18,2,7300,BAL@SF,BAL,SF,IL,Elbow,,,,P
90995-79172,P,Luis,Luis Ortiz,Ortiz,6.375,8,7300,PHI@WSH,PHI,WSH,,,,,,P
90995-5522,P,Zack,Zack Greinke,Greinke,20.916666666666668,12,7300,COL@KC,KC,COL,,,,,,P
90995-161465,P,Ryan,Ryan Feltner,Feltner,19,8,7300,COL@KC,COL,KC,IL,Head,,,,P
90995-68517,P,Antonio,Antonio Senzatela,Senzatela,11.5,2,7200,COL@KC,COL,KC,IL,Elbow,,,,P
90995-102458,P,Kutter,Kutter Crawford,Crawford,15.2,12,7100,TB@BOS,BOS,TB,,,,,0,P
90995-73880,P,German,German Marquez,Marquez,23.5,4,7100,COL@KC,COL,KC,IL,Elbow,,,,P
90995-21097,P,Taijuan,Taijuan Walker,Walker,20.25,12,7100,PHI@WSH,PHI,WSH,,,,,,P
90995-12929,P,Jordan,Jordan Lyles,Lyles,15.818181818181818,12,7100,COL@KC,KC,COL,,,,Yes,,P
90995-5431,P,Adam,Adam Wainwright,Wainwright,17,5,7100,STL@PIT,STL,PIT,,,,,,P
90995-79873,P,Dylan,Dylan Covey,Covey,10.666666666666666,3,7000,PHI@WSH,PHI,WSH,,,,,,P
90995-102684,P,Jake,Jake Irvin,Irvin,17.666666666666668,6,7000,PHI@WSH,WSH,PHI,,,,,0,P
90995-17116,P,Jake,Jake Odorizzi,Odorizzi,21.130434782608695,23,7000,SEA@TEX,TEX,SEA,IL,Shoulder,,,,P
90995-52172,P,Noah,Noah Syndergaard,Syndergaard,15.090909090909092,11,7000,NYY@LAD,LAD,NYY,,,,,,P
90995-38246,P,Tyler,Tyler Anderson,Anderson,18.9,10,7000,LAA@HOU,LAA,HOU,,,,,,P
90995-102333,P,Daniel,Daniel Lynch,Lynch,28,1,7000,COL@KC,KC,COL,,,,,,P
90995-102344,P,Brady,Brady Singer,Singer,19.181818181818183,12,7000,COL@KC,KC,COL,,,,,,P
90995-117232,P,Michael,Michael King,King,10.277777777777779,19,6900,NYY@LAD,NYY,LAD,,,,,,P
90995-164497,P,Ryne,Ryne Nelson,Nelson,18.545454545454547,11,6900,ATL@ARI,ARI,ATL,,,,,,P
90995-82630,P,Shane,Shane Baz,Baz,23.333333333333332,6,6900,TB@BOS,TB,BOS,IL,Elbow,,,,P
90995-82810,P,Elieser,Elieser Hernandez,Hernandez,12.85,20,6900,TOR@NYM,NYM,TOR,IL,Shoulder,,,,P
90995-63136,P,Matthew,Matthew Boyd,Boyd,20.3,11,6900,DET@CWS,DET,CWS,,,,,,P
90995-53398,P,Kyle,Kyle Hendricks,Hendricks,20,2,6800,CHC@SD,CHC,SD,,,,,,P
90995-102574,P,Jake,Jake Woodford,Woodford,13.714285714285714,7,6800,STL@PIT,STL,PIT,IL,Shoulder,,,,P
90995-82539,P,Jalen,Jalen Beeks,Beeks,6.476190476190476,22,6800,TB@BOS,TB,BOS,,,,,,P
90995-10978,P,Stephen,Stephen Strasburg,Strasburg,8,1,6800,PHI@WSH,WSH,PHI,IL,Ribs,,,0,P
90995-38028,P,Alex,Alex Wood,Wood,17.25,9,6800,BAL@SF,SF,BAL,,,,,,P
90995-79147,P,Jakob,Jakob Junis,Junis,11.733333333333333,16,6800,BAL@SF,SF,BAL,,,,,,P
90995-163675,P,Noah,Noah Davis,Davis,15.666666666666666,3,6800,COL@KC,COL,KC,,,,,,P
90995-52174,P,Steven,Steven Matz,Matz,18.818181818181817,11,6700,STL@PIT,STL,PIT,,,,,,P
90995-38161,P,Chase,Chase Anderson,Anderson,16.6,5,6700,COL@KC,COL,KC,,,,Yes,,P
90995-102297,P,Keegan,Keegan Thompson,Thompson,6.714285714285714,15,6700,CHC@SD,CHC,SD,,,,,,P
90995-82840,P,Yonny,Yonny Chirinos,Chirinos,15,7,6600,TB@BOS,TB,BOS,,,,,,P
90995-70649,P,Adrian,Adrian Sampson,Sampson,22.666666666666668,21,6600,CHC@SD,CHC,SD,IL,Knee,,,,P
90995-85269,P,Cole,Cole Irvin,Irvin,8.25,5,6600,BAL@SF,BAL,SF,,,,,,P
90995-13627,P,Corey,Corey Kluber,Kluber,17.333333333333332,9,6600,TB@BOS,BOS,TB,IL,Personal,,,0,P
90995-104584,P,Zach,Zach Plesac,Plesac,12.4,5,6500,CLE@MIN,CLE,MIN,,,,,,P
90995-16961,P,Jameson,Jameson Taillon,Taillon,13.25,9,6500,CHC@SD,CHC,SD,,,,Yes,,P
90995-79155,P,Jaime,Jaime Barria,Barria,15.23076923076923,13,6500,LAA@HOU,LAA,HOU,,,,,,P
90995-161167,P,Glenn,Glenn Otto,Otto,21.925925925925927,27,6500,SEA@TEX,TEX,SEA,IL,Lat,,,,P
90995-181660,P,Jhony,Jhony Brito,Brito,15.4,11,6500,NYY@LAD,NYY,LAD,,,,,,P
90995-118225,P,Cristopher,Cristopher Sanchez,Sanchez,19,1,6500,PHI@WSH,PHI,WSH,,,,,,P
90995-179725,P,Luis,Luis Ortiz,Ortiz,21,4,6500,STL@PIT,PIT,STL,,,,,,P
90995-175698,P,Hunter,Hunter Gaddis,Gaddis,15.857142857142858,7,6500,CLE@MIN,CLE,MIN,,,,,,P
90995-156227,P,Josh,Josh Winder,Winder,-1,1,6400,CLE@MIN,MIN,CLE,,,,,,P
90995-83157,P,Ranger,Ranger Suarez,Suarez,16.5,4,6400,PHI@WSH,PHI,WSH,,,,,,P
90995-101819,P,Jose,Jose Suarez,Suarez,10.666666666666666,6,6400,LAA@HOU,LAA,HOU,IL,Shoulder,,,,P
90995-178415,P,Javier,Javier Assad,Assad,10.571428571428571,8,6300,CHC@SD,CHC,SD,,,,,,P
90995-65988,P,Zach,Zach Davies,Davies,16,4,6300,ATL@ARI,ARI,ATL,,,,,,P
90995-118206,P,Luis,Luis Gil,Gil,15,1,6300,NYY@LAD,NYY,LAD,IL,Elbow,,,,P
90995-161675,P,Jonathan,Jonathan Heasley,Heasley,5,1,6300,COL@KC,KC,COL,,,,,,P
90995-145610,P,Angel,Angel Zerpa,Zerpa,16,3,6200,COL@KC,KC,COL,IL,Shoulder,,,,P
90995-68518,P,Spencer,Spencer Turnbull,Turnbull,13.714285714285714,8,6200,DET@CWS,DET,CWS,IL,Neck,,,,P
90995-79079,P,Joey,Joey Wentz,Wentz,13.909090909090908,12,6200,DET@CWS,DET,CWS,,,,,,P
90995-169636,P,Beau,Beau Brieske,Brieske,22.333333333333332,15,6200,DET@CWS,DET,CWS,IL,Elbow,,,,P
90995-165551,P,Reese,Reese Olson,Olson,,,6200,DET@CWS,DET,CWS,,,,Yes,,P
90995-163692,P,Jose,Jose Butto,Butto,13,3,6200,TOR@NYM,NYM,TOR,,,,,,P
90995-79224,P,Chris,Chris Paddack,Paddack,20.6,5,6100,CLE@MIN,MIN,CLE,IL,Elbow,,,,P
90995-102395,P,Ryan,Ryan Weathers,Weathers,16.125,8,6100,CHC@SD,SD,CHC,,,,,,P
90995-102543,P,Connor,Connor Seabold,Seabold,11.692307692307692,13,6000,COL@KC,COL,KC,,,,,,P
90995-119336,P,Karl,Karl Kauffmann,Kauffmann,3.6666666666666665,3,6000,COL@KC,COL,KC,,,,,,P
90995-82631,P,Taylor,Taylor Hearn,Hearn,4.5,4,6000,SEA@TEX,TEX,SEA,,,,,,P
90995-68485,P,Ryan,Ryan Yarbrough,Yarbrough,7.3,11,6000,COL@KC,KC,COL,IL,Head,,,,P
90995-68484,P,Chad,Chad Kuhl,Kuhl,10.25,9,6000,PHI@WSH,WSH,PHI,,,,,0,P
90995-68490,P,Austin,Austin Voth,Voth,7.277777777777778,20,6000,BAL@SF,BAL,SF,,,,,,P
90995-185606,P,Gavin,Gavin Stone,Stone,-1,3,6000,NYY@LAD,LAD,NYY,,,,,,P
90995-185701,P,Brandon,Brandon Pfaadt,Pfaadt,11.8,5,6000,ATL@ARI,ARI,ATL,,,,,,P
90995-177584,P,Xzavion,Xzavion Curry,Curry,10.23076923076923,13,6000,CLE@MIN,CLE,MIN,,,,,,P
90995-102342,P,Michael,Michael Grove,Grove,11.25,4,6000,NYY@LAD,LAD,NYY,IL,Groin,,,,P
90995-79123,P,Tyler,Tyler Alexander,Alexander,5.8125,17,5900,DET@CWS,DET,CWS,,,,,,P
90995-79270,P,Cole,Cole Ragans,Ragans,7.071428571428571,14,5900,SEA@TEX,TEX,SEA,,,,,,P
90995-163681,P,Josh,Josh Winckowski,Winckowski,8.5,20,5900,TB@BOS,BOS,TB,,,,,0,P
90995-102528,P,Simeon,Simeon Woods Richardson,Woods Richardson,14,1,5800,CLE@MIN,MIN,CLE,,,,,,P
90995-170174,P,Chase,Chase Silseth,Silseth,8.125,8,5800,LAA@HOU,LAA,HOU,,,,,,P
90995-53608,P,Jose,Jose Urena,Urena,4.4,5,5800,PHI@WSH,WSH,PHI,,,,,0,P
90995-82603,P,Mitch,Mitch White,White,14.44,25,5800,TOR@NYM,TOR,NYM,IL,Shoulder,,,,P
90995-68555,P,Brent,Brent Honeywell,Honeywell,7.095238095238095,21,5800,CHC@SD,SD,CHC,,,,,,P
90995-79259,P,Jake,Jake Faria,Faria,,,5800,TB@BOS,BOS,TB,,,,,0,P
90995-81490,P,Chris,Chris Flexen,Flexen,8.583333333333334,12,5800,SEA@TEX,SEA,TEX,,,,,,P
90995-102440,P,Mike,Mike Baumann,Baumann,6.84,26,5700,BAL@SF,BAL,SF,,,,,,P
90995-102455,P,Cory,Cory Abbott,Abbott,7.5,2,5700,PHI@WSH,WSH,PHI,,,,,0,P
90995-6311,P,Madison,Madison Bumgarner,Bumgarner,5.75,4,5700,ATL@ARI,ARI,ATL,,,,,,P
90995-164530,P,Caleb,Caleb Kilian,Kilian,1,1,5700,CHC@SD,CHC,SD,,,,,,P
90995-68527,P,Jose,Jose De Leon,De Leon,8.333333333333334,6,5700,CLE@MIN,MIN,CLE,,,,,,P
90995-118180,P,Tucker,Tucker Davidson,Davidson,7.5,12,5700,LAA@HOU,LAA,HOU,,,,,,P
90995-38311,P,Ross,Ross Stripling,Stripling,10.777777777777779,10,5700,BAL@SF,SF,BAL,IL,Back,,,,P
90995-155315,P,Spenser,Spenser Watkins,Watkins,17.545454545454547,23,5700,BAL@SF,BAL,SF,,,,,,P
90995-102505,P,Edwin,Edwin Uceta,Uceta,18,1,5600,TOR@NYM,NYM,TOR,IL,Ankle,,,,P
90995-37014,P,Hyun Jin,Hyun Jin Ryu,Ryu,15.666666666666666,6,5600,TOR@NYM,TOR,NYM,IL,Elbow,,,,P
90995-80433,P,Dinelson,Dinelson Lamet,Lamet,2.923076923076923,13,5600,COL@KC,COL,KC,,,,,,P
90995-82546,P,Adbert,Adbert Alzolay,Alzolay,6.857142857142857,22,5600,CHC@SD,CHC,SD,,,,,,P
90995-68528,P,Chase,Chase De Jong,De Jong,2,5,5600,STL@PIT,PIT,STL,,,,,,P
90995-168950,P,Andre,Andre Pallante,Pallante,5.588235294117647,17,5600,STL@PIT,STL,PIT,,,,,,P
90995-68653,P,Luis,Luis Cessa,Cessa,5.571428571428571,7,5600,COL@KC,COL,KC,,,,,,P
90995-171453,P,Max,Max Castillo,Castillo,11.25,4,5600,COL@KC,KC,COL,,,,,,P
90995-163663,P,Calvin,Calvin Faucher,Faucher,5.454545454545454,12,5600,TB@BOS,TB,BOS,,,,,,P
90995-102405,P,Sean,Sean Hjelle,Hjelle,4.9,10,5500,BAL@SF,SF,BAL,,,,,,P
90995-81926,P,Andres,Andres Machado,Machado,3.4615384615384617,13,5500,PHI@WSH,WSH,PHI,,,,,0,P
90995-161818,P,Dylan,Dylan Coleman,Coleman,0,5,5500,COL@KC,KC,COL,,,,,,P
90995-135192,P,Ryan,Ryan Thompson,Thompson,2.8125,17,5500,TB@BOS,TB,BOS,,,,,,P
90995-161827,P,Seth,Seth Martinez,Martinez,6.111111111111111,18,5500,LAA@HOU,HOU,LAA,,,,,,P
90995-155687,P,Andrew,Andrew Wantz,Wantz,7.642857142857143,14,5500,LAA@HOU,LAA,HOU,,,,,,P
90995-102446,P,Tristan,Tristan Beck,Beck,11.5,10,5500,BAL@SF,SF,BAL,,,,,,P
90995-172092,P,Garrett,Garrett Hill,Hill,3.6,6,5500,DET@CWS,DET,CWS,,,,,,P
90995-79937,P,Cesar,Cesar Valdez,Valdez,0,1,5500,LAA@HOU,LAA,HOU,,,,,,P
90995-79936,P,Mark,Mark Leiter Jr.,Leiter Jr.,6.608695652173913,24,5500,CHC@SD,CHC,SD,,,,,,P
90995-135236,P,Max,Max Kranick,Kranick,13.5,2,5500,STL@PIT,PIT,STL,IL,Elbow,,,,P
90995-135237,P,Nick,Nick Mears,Mears,9,4,5500,COL@KC,COL,KC,IL,Oblique,,,,P
90995-102474,P,Eli,Eli Morgan,Morgan,7.1,20,5500,CLE@MIN,CLE,MIN,,,,,,P
90995-102487,P,Austin,Austin Cox,Cox,9,1,5500,COL@KC,KC,COL,,,,,,P
90995-135253,P,Alex,Alex Vesia,Vesia,3.8,15,5500,NYY@LAD,LAD,NYY,,,,,,P
90995-102489,P,Carlos,Carlos Hernandez,Hernandez,7.5,23,5500,COL@KC,KC,COL,,,,,,P
90995-135256,P,Connor,Connor Brogdon,Brogdon,5.28,25,5500,PHI@WSH,PHI,WSH,,,,,,P
90995-135262,P,Anthony,Anthony Misiewicz,Misiewicz,4.714285714285714,7,5500,ATL@ARI,ARI,ATL,IL,Calf,,,,P
90995-82018,P,Victor,Victor Arano,Arano,4.674418604651163,43,5500,PHI@WSH,WSH,PHI,IL,Shoulder,,,0,P
90995-116839,P,David,David Bednar,Bednar,7.142857142857143,21,5500,STL@PIT,PIT,STL,,,,,,P
90995-73835,P,Ty,Ty Blach,Blach,2.5,6,5500,COL@KC,COL,KC,,,,,,P
90995-135273,P,Andre,Andre Jackson,Jackson,7.333333333333333,6,5500,NYY@LAD,LAD,NYY,,,,,,P
90995-135279,P,Codi,Codi Heuer,Heuer,,,5500,CHC@SD,CHC,SD,IL,Elbow,,,,P
90995-116847,P,Cole,Cole Sulser,Sulser,5.333333333333333,3,5500,ATL@ARI,ARI,ATL,IL,Shoulder,,,,P
90995-161906,P,Dauri,Dauri Moreta,Moreta,7.826086956521739,23,5500,STL@PIT,PIT,STL,,,,,,P
90995-161907,P,Dylan,Dylan Lee,Lee,5.75,20,5500,ATL@ARI,ATL,ARI,IL,Shoulder,,,,P
90995-159857,P,Jose,Jose Marte,Marte,4.636363636363637,11,5500,LAA@HOU,LAA,HOU,IL,Elbow,,,,P
90995-135281,P,Bryan,Bryan Baker,Baker,5.925925925925926,27,5500,BAL@SF,BAL,SF,,,,,,P
90995-102517,P,Jhoan,Jhoan Duran,Duran,7.4,20,5500,CLE@MIN,MIN,CLE,,,,,,P
90995-102523,P,Deivi,Deivi Garcia,Garcia,12,1,5500,NYY@LAD,NYY,LAD,,,,,,P
90995-102530,P,Spencer,Spencer Howard,Howard,12.8,10,5500,SEA@TEX,TEX,SEA,IL,Lat,,,,P
90995-135303,P,Jordan,Jordan Weems,Weems,8,2,5500,PHI@WSH,WSH,PHI,,,,,0,P
90995-116868,P,Gabe,Gabe Speier,Speier,3.88,25,5500,SEA@TEX,SEA,TEX,,,,,,P
90995-102536,P,Nick,Nick Nelson,Nelson,6.729166666666667,48,5500,PHI@WSH,PHI,WSH,IL,Hamstring,,,,P
90995-114827,P,John,John Schreiber,Schreiber,6,19,5500,TB@BOS,BOS,TB,IL,Lat,,,0,P
90995-73866,P,Wandy,Wandy Peralta,Peralta,5.3076923076923075,26,5500,NYY@LAD,NYY,LAD,,,,,,P
90995-73869,P,Joe,Joe Mantiply,Mantiply,5.875,8,5500,ATL@ARI,ARI,ATL,IL,Hamstring,,,,P
90995-135309,P,Tyler,Tyler Cyr,Cyr,5.5,2,5500,NYY@LAD,LAD,NYY,IL,Shoulder,,,,P
90995-135312,P,Kyle,Kyle Nelson,Nelson,5.884615384615385,26,5500,ATL@ARI,ARI,ATL,,,,,,P
90995-135313,P,Nick,Nick Sandlin,Sandlin,5.45,20,5500,CLE@MIN,CLE,MIN,,,,,,P
90995-102549,P,Andres,Andres Munoz,Munoz,4.75,4,5500,SEA@TEX,SEA,TEX,IL,Shoulder,,,,P
90995-170135,P,Yennier,Yennier Cano,Cano,7.565217391304348,23,5500,BAL@SF,BAL,SF,,,,,,P
90995-6295,P,Daniel,Daniel Hudson,Hudson,6.28,25,5500,NYY@LAD,LAD,NYY,IL,Knee,,,,P
90995-73882,P,Joely,Joely Rodriguez,Rodriguez,0.6,5,5500,TB@BOS,BOS,TB,,,,,0,P
90995-102558,P,Gregory,Gregory Santos,Santos,5.96,25,5500,DET@CWS,CWS,DET,,,,,,P
90995-184482,P,Hobie,Hobie Harris,Harris,3.2666666666666666,16,5500,PHI@WSH,WSH,PHI,,,,,0,P
90995-80033,P,Emilio,Emilio Pagan,Pagan,6.3,22,5500,CLE@MIN,MIN,CLE,,,,,,P
90995-102560,P,Camilo,Camilo Doval,Doval,7.04,26,5500,BAL@SF,SF,BAL,,,,,,P
90995-80034,P,Jose,Jose Alvarado,Alvarado,8,14,5500,PHI@WSH,PHI,WSH,IL,Elbow,,,,P
90995-102565,P,Mason,Mason Englert,Englert,6.444444444444445,18,5500,DET@CWS,DET,CWS,,,,,,P
90995-12452,P,Kenley,Kenley Jansen,Jansen,5.411764705882353,19,5500,TB@BOS,BOS,TB,,,,,0,P
90995-12453,P,Fernando,Fernando Abad,Abad,-0.3333333333333333,3,5500,COL@KC,COL,KC,,,,,,P
90995-102568,P,Colin,Colin Poche,Poche,4.7272727272727275,23,5500,TB@BOS,TB,BOS,,,,,,P
90995-39081,P,Chasen,Chasen Shreve,Shreve,4.285714285714286,21,5500,DET@CWS,DET,CWS,,,,,,P
90995-145593,P,Carlos,Carlos Vargas,Vargas,5.2,5,5500,ATL@ARI,ARI,ATL,,,,,,P
90995-135361,P,Nabil,Nabil Crismatt,Crismatt,3,6,5500,CHC@SD,SD,CHC,IL,Hip,,,,P
90995-112841,P,Jose,Jose Rodriguez,Rodriguez,3,1,5500,SEA@TEX,SEA,TEX,,,,,,P
90995-145609,P,Peter,Peter Solomon,Solomon,0.8,5,5500,ATL@ARI,ARI,ATL,,,,,,P
90995-145627,P,Lucas,Lucas Gilbreath,Gilbreath,4.956521739130435,47,5500,COL@KC,COL,KC,IL,Elbow,,,,P
90995-145629,P,Mason,Mason Thompson,Thompson,6.476190476190476,21,5500,PHI@WSH,WSH,PHI,,,,,0,P
90995-178411,P,Michael,Michael Plassmeyer,Plassmeyer,17,2,5500,PHI@WSH,PHI,WSH,IL,Undisclosed,,,,P
90995-110824,P,Trevor,Trevor Kelley,Kelley,4.125,8,5500,TB@BOS,TB,BOS,,,,,,P
90995-170254,P,Colin,Colin Holderman,Holderman,5.9523809523809526,21,5500,STL@PIT,PIT,STL,,,,,,P
90995-65817,P,Scott,Scott McGough,McGough,6.44,26,5500,ATL@ARI,ARI,ATL,,,,,,P
90995-53550,P,Alex,Alex Reyes,Reyes,,,5500,NYY@LAD,LAD,NYY,IL,Shoulder,,,,P
90995-180540,P,Easton,Easton McGee,McGee,30,1,5500,SEA@TEX,SEA,TEX,IL,Elbow,,,,P
90995-117065,P,James,James Karinchak,Karinchak,5.384615384615385,27,5500,CLE@MIN,CLE,MIN,,,,,,P
90995-170323,P,Nick,Nick Vespi,Vespi,6.28,25,5500,BAL@SF,BAL,SF,,,,,,P
90995-170324,P,Brandon,Brandon Hughes,Hughes,4.6923076923076925,13,5500,CHC@SD,CHC,SD,,,,,,P
90995-153961,P,Tayler,Tayler Saucedo,Saucedo,6.6923076923076925,13,5500,SEA@TEX,SEA,TEX,,,,,,P
90995-61858,P,Raisel,Raisel Iglesias,Iglesias,5.090909090909091,11,5500,ATL@ARI,ATL,ARI,,,,,,P
90995-158134,P,Stephen,Stephen Ridings,Ridings,,,5500,TOR@NYM,NYM,TOR,IL,Lat,,,,P
90995-80313,P,Keynan,Keynan Middleton,Middleton,6.4,20,5500,DET@CWS,CWS,DET,,,,,,P
90995-84431,P,Dereck,Dereck Rodriguez,Rodriguez,4,2,5500,ATL@ARI,ATL,ARI,,,,,,P
90995-80345,P,Reyes,Reyes Moronta,Moronta,3.5,2,5500,LAA@HOU,LAA,HOU,,,,,,P
90995-80346,P,Giovanny,Giovanny Gallegos,Gallegos,5.666666666666667,21,5500,STL@PIT,STL,PIT,,,,,,P
90995-84452,P,Caleb,Caleb Ferguson,Ferguson,6.130434782608695,23,5500,NYY@LAD,LAD,NYY,,,,,,P
90995-145918,P,Will,Will Vest,Vest,6.9375,16,5500,DET@CWS,DET,CWS,,,,,,P
90995-145916,P,Zach,Zach Pop,Pop,3.933333333333333,15,5500,TOR@NYM,TOR,NYM,IL,Hamstring,,,,P
90995-184829,P,McKinley,McKinley Moore,Moore,-1.6666666666666667,3,5500,PHI@WSH,PHI,WSH,,,,,,P
90995-119298,P,Luis,Luis Frias,Frias,5,5,5500,ATL@ARI,ARI,ATL,,,,,,P
90995-119310,P,Noah,Noah Song,Song,,,5500,PHI@WSH,PHI,WSH,IL,Back,,,,P
90995-170514,P,Jose,Jose Cuas,Cuas,5.84,25,5500,COL@KC,KC,COL,,,,,,P
90995-119316,P,Thaddeus,Thaddeus Ward,Ward,6.142857142857143,15,5500,PHI@WSH,WSH,PHI,,,,,0,P
90995-119328,P,Packy,Packy Naughton,Naughton,7.5,4,5500,STL@PIT,STL,PIT,IL,Forearm,,,,P
90995-178743,P,Nick,Nick Padilla,Padilla,6,1,5500,DET@CWS,CWS,DET,,,,,,P
90995-139851,P,Justin,Justin Topa,Topa,4.913043478260869,24,5500,SEA@TEX,SEA,TEX,,,,,,P
90995-80460,P,John,John Brebbia,Brebbia,6.083333333333333,24,5500,BAL@SF,SF,BAL,,,,,,P
90995-16982,P,Ryan,Ryan Tepera,Tepera,4.7,10,5500,LAA@HOU,LAA,HOU,,,,,,P
90995-16986,P,Alex,Alex Colome,Colome,2.25,4,5500,DET@CWS,CWS,DET,,,,,,P
90995-16989,P,Wilking,Wilking Rodriguez,Rodriguez,,,5500,STL@PIT,STL,PIT,IL,Shoulder,,,,P
90995-16994,P,Lucas,Lucas Luetge,Luetge,3.5555555555555554,9,5500,ATL@ARI,ATL,ARI,,,,,,P
90995-82537,P,DL,DL Hall,Hall,24,1,5500,BAL@SF,BAL,SF,,,,,,P
90995-21096,P,Erasmo,Erasmo Ramirez,Ramirez,3.95,21,5500,PHI@WSH,WSH,PHI,,,,,0,P
90995-184943,P,Jesse,Jesse Scholtens,Scholtens,14.75,5,5500,DET@CWS,CWS,DET,,,,,,P
90995-119406,P,Cody,Cody Bolton,Bolton,0.25,4,5500,STL@PIT,PIT,STL,,,,,,P
90995-156272,P,Reiss,Reiss Knehr,Knehr,1.6666666666666667,3,5500,CHC@SD,SD,CHC,,,,,,P
90995-82547,P,Thomas,Thomas Hatch,Hatch,6.5,2,5500,TOR@NYM,TOR,NYM,,,,,,P
90995-82548,P,Alex,Alex Lange,Lange,7.608695652173913,24,5500,DET@CWS,DET,CWS,,,,,,P
90995-119415,P,Juan,Juan Then,Then,3.3333333333333335,9,5500,SEA@TEX,SEA,TEX,,,,,,P
90995-119423,P,Zack,Zack Thompson,Thompson,7,11,5500,STL@PIT,STL,PIT,,,,,,P
90995-70271,P,Carlos,Carlos Estevez,Estevez,6.75,24,5500,LAA@HOU,LAA,HOU,,,,,,P
90995-17026,P,Heath,Heath Hembree,Hembree,10,1,5500,DET@CWS,DET,CWS,,,,,,P
90995-82564,P,Yency,Yency Almonte,Almonte,3.875,24,5500,NYY@LAD,LAD,NYY,,,,,,P
90995-62087,P,Miguel,Miguel Castro,Castro,5.346153846153846,26,5500,ATL@ARI,ARI,ATL,,,,,,P
90995-82572,P,Gregory,Gregory Soto,Soto,4.56,26,5500,PHI@WSH,PHI,WSH,,,,,,P
90995-12943,P,Shelby,Shelby Miller,Miller,6.285714285714286,21,5500,NYY@LAD,LAD,NYY,,,,,,P
90995-12946,P,Matt,Matt Moore,Moore,6.545454545454546,22,5500,LAA@HOU,LAA,HOU,IL,Oblique,,,,P
90995-82583,P,Hector,Hector Perez,Perez,,,5500,TB@BOS,TB,BOS,,,,,,P
90995-82591,P,Chris,Chris Rodriguez,Rodriguez,,,5500,LAA@HOU,LAA,HOU,IL,Shoulder,,,,P
90995-164509,P,AJ,AJ Smith-Shawver,Smith-Shawver,,,5500,ATL@ARI,ATL,ARI,,,,,,P
90995-82592,P,Dennis,Dennis Santana,Santana,5.875,9,5500,TOR@NYM,NYM,TOR,,,,,,P
90995-17065,P,Blake,Blake Treinen,Treinen,6.5,6,5500,NYY@LAD,LAD,NYY,IL,Shoulder,,,,P
90995-80571,P,Phil,Phil Maton,Maton,7.130434782608695,23,5500,LAA@HOU,HOU,LAA,,,,,,P
90995-80570,P,Jimmy,Jimmy Yacabonis,Yacabonis,7.2,5,5500,TOR@NYM,NYM,TOR,,,,,,P
90995-82627,P,JoJo,JoJo Romero,Romero,5.333333333333333,6,5500,STL@PIT,STL,PIT,,,,,,P
90995-17094,P,Jake,Jake Diekman,Diekman,2.7142857142857144,21,5500,TB@BOS,TB,BOS,,,,,,P
90995-170699,P,Matt,Matt Gage,Gage,7,3,5500,LAA@HOU,HOU,LAA,,,,,,P
90995-82639,P,Ryan,Ryan Helsley,Helsley,7.35,20,5500,STL@PIT,STL,PIT,,,,,,P
90995-82638,P,Jordan,Jordan Hicks,Hicks,6.666666666666667,21,5500,STL@PIT,STL,PIT,,,,,,P
90995-21210,P,Mychal,Mychal Givens,Givens,0.6,6,5500,BAL@SF,BAL,SF,,,,,,P
90995-82653,P,Ryan,Ryan Borucki,Borucki,3.3225806451612905,32,5500,STL@PIT,PIT,STL,,,,,,P
90995-82657,P,Wil,Wil Crowe,Crowe,8.2,5,5500,STL@PIT,PIT,STL,IL,Shoulder,,,,P
90995-82656,P,Nate,Nate Pearson,Pearson,8.25,12,5500,TOR@NYM,TOR,NYM,,,,,,P
90995-187105,P,Joe,Joe La Sorsa,La Sorsa,12,1,5500,TB@BOS,TB,BOS,,,,,,P
90995-187110,P,Ben,Ben Joyce,Joyce,9,2,5500,LAA@HOU,LAA,HOU,,,,,,P
90995-53990,P,Shawn,Shawn Armstrong,Armstrong,6.235294117647059,51,5500,TB@BOS,TB,BOS,IL,Neck,,,,P
90995-187121,P,Grant,Grant Anderson,Anderson,35,1,5500,SEA@TEX,TEX,SEA,,,,,,P
90995-84727,P,Drew,Drew Smith,Smith,5.666666666666667,21,5500,TOR@NYM,NYM,TOR,,,,,,P
90995-84731,P,Evan,Evan Phillips,Phillips,6.2272727272727275,22,5500,NYY@LAD,LAD,NYY,,,,,,P
90995-135977,P,Garrett,Garrett Crochet,Crochet,3.1666666666666665,6,5500,DET@CWS,CWS,DET,,,,,,P
90995-178997,P,Greg,Greg Weissert,Weissert,4.4,5,5500,NYY@LAD,NYY,LAD,,,,,,P
90995-119631,P,Yerry,Yerry Rodriguez,Rodriguez,2.25,4,5500,SEA@TEX,TEX,SEA,,,,,,P
90995-11108,P,Aroldis,Aroldis Chapman,Chapman,6.590909090909091,23,5500,COL@KC,KC,COL,,,,,,P
90995-54130,P,Ryan,Ryan Weber,Weber,7,7,5500,NYY@LAD,NYY,LAD,,,,,,P
90995-70517,P,Chad,Chad Green,Green,6,14,5500,TOR@NYM,TOR,NYM,IL,Elbow,,,,P
90995-15221,P,Tommy,Tommy Milone,Milone,20,1,5500,SEA@TEX,SEA,TEX,,,,,,P
90995-15225,P,Liam,Liam Hendriks,Hendriks,-3,1,5500,DET@CWS,CWS,DET,,,,,,P
90995-68474,P,Josh,Josh Hader,Hader,6.565217391304348,23,5500,CHC@SD,SD,CHC,,,,,,P
90995-68477,P,Jake,Jake Reed,Reed,-13,1,5500,NYY@LAD,LAD,NYY,,,,,,P
90995-68476,P,Taylor,Taylor Rogers,Rogers,4.619047619047619,24,5500,BAL@SF,SF,BAL,,,,,,P
90995-170891,P,Davis,Davis Daniel,Daniel,,,5500,LAA@HOU,LAA,HOU,IL,Shoulder,,,,P
90995-68491,P,Reynaldo,Reynaldo Lopez,Lopez,5.04,26,5500,DET@CWS,CWS,DET,,,,,,P
90995-170895,P,Jake,Jake Bird,Bird,7.296296296296297,27,5500,COL@KC,COL,KC,,,,,,P
90995-23437,P,Brooks,Brooks Raley,Raley,4.826086956521739,23,5500,TOR@NYM,NYM,TOR,,,,,,P
90995-185233,P,Braden,Braden Bristo,Bristo,13.5,2,5500,DET@CWS,DET,CWS,,,,,,P
90995-68507,P,Duane,Duane Underwood Jr.,Underwood Jr.,3.95,20,5500,STL@PIT,PIT,STL,,,,,,P
90995-68510,P,Amir,Amir Garrett,Garrett,4.956521739130435,23,5500,COL@KC,KC,COL,,,,,,P
90995-68520,P,Michael,Michael Fulmer,Fulmer,3.48,25,5500,CHC@SD,CHC,SD,,,,,,P
90995-168872,P,Ronel,Ronel Blanco,Blanco,9.7,10,5500,LAA@HOU,HOU,LAA,,,,,,P
90995-179118,P,Zack,Zack Kelly,Kelly,5.166666666666667,6,5500,TB@BOS,BOS,TB,IL,Elbow,,,0,P
90995-52143,P,Hunter,Hunter Harvey,Harvey,6.541666666666667,24,5500,PHI@WSH,WSH,PHI,,,,,0,P
90995-52146,P,Carl,Carl Edwards Jr.,Edwards Jr.,4.4,26,5500,PHI@WSH,WSH,PHI,,,,,0,P
90995-68530,P,Jarlin,Jarlin Garcia,Garcia,5.142857142857143,58,5500,STL@PIT,PIT,STL,IL,Biceps,,,,P
90995-52148,P,Pierce,Pierce Johnson,Johnson,4.416666666666667,24,5500,COL@KC,COL,KC,,,,,,P
90995-70585,P,Richard,Richard Bleier,Bleier,3.3157894736842106,20,5500,TB@BOS,BOS,TB,IL,Shoulder,,,0,P
90995-52152,P,Robert,Robert Stephenson,Stephenson,3.8333333333333335,18,5500,TB@BOS,TB,BOS,,,,,,P
90995-175032,P,Brennan,Brennan Bernardino,Bernardino,5.333333333333333,12,5500,TB@BOS,BOS,TB,,,,,0,P
90995-179129,P,Jeremiah,Jeremiah Estrada,Estrada,7,9,5500,CHC@SD,CHC,SD,,,,,,P
90995-68548,P,Edwin,Edwin Diaz,Diaz,8.65625,64,5500,TOR@NYM,NYM,TOR,IL,Knee,,,,P
90995-68552,P,Sam,Sam Coonrod,Coonrod,3.4166666666666665,12,5500,TOR@NYM,NYM,TOR,IL,Lat,,,,P
90995-68556,P,Dillon,Dillon Tate,Tate,5.223880597014926,67,5500,BAL@SF,BAL,SF,IL,Forearm,,,,P
90995-13271,P,Will,Will Smith,Smith,5.833333333333333,19,5500,SEA@TEX,TEX,SEA,,,,,,P
90995-82911,P,Adam,Adam Cimber,Cimber,3,16,5500,TOR@NYM,TOR,NYM,,,,,,P
90995-52192,P,Luke,Luke Jackson,Jackson,9,1,5500,BAL@SF,SF,BAL,,,,,,P
90995-70624,P,Chris,Chris Stratton,Stratton,7.571428571428571,21,5500,STL@PIT,STL,PIT,,,,,,P
90995-82921,P,Zack,Zack Weiss,Weiss,7,2,5500,LAA@HOU,LAA,HOU,,,,,,P
90995-82922,P,Tyler,Tyler Kinley,Kinley,6.12,25,5500,COL@KC,COL,KC,IL,Elbow,,,,P
90995-82924,P,Tim,Tim Hill,Hill,3.5833333333333335,25,5500,CHC@SD,SD,CHC,,,,,,P
90995-68590,P,Javy,Javy Guerra,Guerra,2.642857142857143,14,5500,TB@BOS,TB,BOS,,,,,,P
90995-82935,P,Trevor,Trevor Richards,Richards,9.176470588235293,18,5500,TOR@NYM,TOR,NYM,,,,,,P
90995-13312,P,Ryan,Ryan Brasier,Brasier,3.6,20,5500,TB@BOS,BOS,TB,,,,,0,P
90995-168965,P,Tanner,Tanner Banks,Banks,7.5,4,5500,DET@CWS,CWS,DET,,,,,,P
90995-82974,P,Tanner,Tanner Rainey,Rainey,5.896551724137931,29,5500,PHI@WSH,WSH,PHI,IL,Elbow,,,0,P
90995-82986,P,Colten,Colten Brewer,Brewer,8.333333333333334,3,5500,NYY@LAD,NYY,LAD,,,,,,P
90995-82999,P,Scott,Scott Barlow,Barlow,6.75,21,5500,COL@KC,KC,COL,,,,,,P
90995-82998,P,Lou,Lou Trivino,Trivino,4.794117647058823,69,5500,NYY@LAD,NYY,LAD,IL,Elbow,,,,P
90995-58434,P,Kendall,Kendall Graveman,Graveman,5.304347826086956,23,5500,DET@CWS,CWS,DET,,,,,,P
90995-11333,P,Craig,Craig Kimbrel,Kimbrel,6,23,5500,PHI@WSH,PHI,WSH,,,,,,P
90995-11335,P,Jay,Jay Jackson,Jackson,4,3,5500,TOR@NYM,TOR,NYM,,,,,,P
90995-13404,P,Anthony,Anthony Bass,Bass,4.142857142857143,21,5500,TOR@NYM,TOR,NYM,,,,,,P
90995-85108,P,Enyel,Enyel De Los Santos,De Los Santos,5.318181818181818,22,5500,CLE@MIN,CLE,MIN,,,,,,P
90995-13438,P,Drew,Drew Pomeranz,Pomeranz,,,5500,CHC@SD,SD,CHC,IL,Elbow,,,,P
90995-54403,P,Trevor,Trevor Gott,Gott,5.846153846153846,27,5500,SEA@TEX,SEA,TEX,,,,,,P
90995-158858,P,Justin,Justin Bruihl,Bruihl,5,14,5500,NYY@LAD,LAD,NYY,,,,,,P
90995-179339,P,Bryce,Bryce Montes de Oca,Montes de Oca,5.333333333333333,3,5500,TOR@NYM,NYM,TOR,IL,Elbow,,,,P
90995-81044,P,Austin,Austin Adams,Adams,4.5,4,5500,ATL@ARI,ARI,ATL,,,,,,P
90995-21653,P,Hector,Hector Neris,Neris,6.916666666666667,24,5500,LAA@HOU,HOU,LAA,,,,,,P
90995-38041,P,Ryan,Ryan Pressly,Pressly,5.041666666666667,24,5500,LAA@HOU,HOU,LAA,,,,,,P
90995-81052,P,Andrew,Andrew Kittredge,Kittredge,5.823529411764706,17,5500,TB@BOS,TB,BOS,IL,Elbow,,,,P
90995-152733,P,Griffin,Griffin Jax,Jax,5.230769230769231,26,5500,CLE@MIN,MIN,CLE,,,,,,P
90995-13479,P,Joe,Joe Kelly,Kelly,5.75,16,5500,DET@CWS,CWS,DET,,,,,,P
90995-154794,P,Joe,Joe Barlow,Barlow,2,5,5500,SEA@TEX,TEX,SEA,IL,Illness,,,,P
90995-140459,P,John,John King,King,3.4,5,5500,SEA@TEX,TEX,SEA,,,,,,P
90995-85164,P,Matt,Matt Festa,Festa,4.333333333333333,3,5500,SEA@TEX,SEA,TEX,,,,,,P
90995-83116,P,Wander,Wander Suero,Suero,5.75,4,5500,NYY@LAD,LAD,NYY,,,,,,P
90995-62641,P,Andrew,Andrew Bellatti,Bellatti,4.133333333333334,15,5500,PHI@WSH,PHI,WSH,,,,,,P
90995-21682,P,Aaron,Aaron Loup,Loup,2.6875,16,5500,LAA@HOU,LAA,HOU,,,,,,P
90995-83145,P,Jose,Jose Castillo,Castillo,3,1,5500,CHC@SD,SD,CHC,,,,,,P
90995-66765,P,Jorge,Jorge Lopez,Lopez,4.125,26,5500,CLE@MIN,MIN,CLE,,,,,,P
90995-83159,P,Diego,Diego Castillo,Castillo,3.625,8,5500,SEA@TEX,SEA,TEX,,,,,,P
90995-83158,P,Seranthony,Seranthony Dominguez,Dominguez,4.826086956521739,25,5500,PHI@WSH,PHI,WSH,,,,,,P
90995-83163,P,Jonathan,Jonathan Loaisiga,Loaisiga,3.3333333333333335,3,5500,NYY@LAD,NYY,LAD,IL,Elbow,,,,P
90995-38106,P,Kirby,Kirby Yates,Yates,5.9,21,5500,ATL@ARI,ATL,ARI,,,,,,P
90995-79066,P,Anthony,Anthony Banda,Banda,3,11,5500,PHI@WSH,WSH,PHI,,,,,0,P
90995-79071,P,Taylor,Taylor Clarke,Clarke,6.217391304347826,24,5500,COL@KC,KC,COL,,,,,,P
90995-83166,P,Zack,Zack Littell,Littell,3.1666666666666665,6,5500,TB@BOS,TB,BOS,IL,Shoulder,,,,P
90995-60640,P,Nick,Nick Burdi,Burdi,4,3,5500,CHC@SD,CHC,SD,IL,Abdomen,,,,P
90995-152806,P,Jason,Jason Foley,Foley,5.3478260869565215,24,5500,DET@CWS,DET,CWS,,,,,,P
90995-83172,P,Jonathan,Jonathan Hernandez,Hernandez,4.428571428571429,24,5500,SEA@TEX,TEX,SEA,,,,,,P
90995-79076,P,Kolby,Kolby Allard,Allard,7.5,10,5500,ATL@ARI,ATL,ARI,IL,Oblique,,,,P
90995-136424,P,Jake,Jake Brentz,Brentz,0.14285714285714285,8,5500,COL@KC,KC,COL,IL,Elbow,,,,P
90995-79085,P,Keegan,Keegan Akin,Akin,4,16,5500,BAL@SF,BAL,SF,,,,,,P
90995-60656,P,Jeff,Jeff Hoffman,Hoffman,8.5,8,5500,PHI@WSH,PHI,WSH,,,,,,P
90995-83184,P,Julian,Julian Merryweather,Merryweather,5.636363636363637,23,5500,CHC@SD,CHC,SD,,,,,,P
90995-5370,P,Daniel,Daniel Bard,Bard,5.928571428571429,14,5500,COL@KC,COL,KC,,,,,,P
90995-79101,P,Zack,Zack Burdi,Burdi,4,3,5500,NYY@LAD,LAD,NYY,,,,,,P
90995-85253,P,Casey,Casey Mize,Mize,12,2,5500,DET@CWS,DET,CWS,IL,Elbow,,,,P
90995-21764,P,Caleb,Caleb Thielbar,Thielbar,4.909090909090909,11,5500,CLE@MIN,MIN,CLE,IL,Oblique,,,,P
90995-72971,P,Ben,Ben Heller,Heller,,,5500,TB@BOS,TB,BOS,,,,,,P
90995-85258,P,James,James Naile,Naile,3.3333333333333335,3,5500,STL@PIT,STL,PIT,,,,,,P
90995-146702,P,Cole,Cole Sands,Sands,10.428571428571429,8,5500,CLE@MIN,MIN,CLE,,,,,,P
90995-79117,P,Peter,Peter Lambert,Lambert,12.571428571428571,7,5500,COL@KC,COL,KC,,,,,,P
90995-79116,P,Riley,Riley Pint,Pint,-2,1,5500,COL@KC,COL,KC,,,,,,P
90995-70933,P,Brock,Brock Stewart,Stewart,6.75,16,5500,CLE@MIN,MIN,CLE,,,,,,P
90995-38164,P,Jimmy,Jimmy Nelson,Nelson,,,5500,NYY@LAD,LAD,NYY,IL,Elbow,,,,P
90995-79124,P,Joe,Joe Jimenez,Jimenez,5,21,5500,ATL@ARI,ATL,ARI,,,,,,P
90995-23834,P,Collin,Collin McHugh,McHugh,5.466666666666667,15,5500,ATL@ARI,ATL,ARI,,,,,,P
90995-179490,P,Cole,Cole Waites,Waites,0.3333333333333333,3,5500,BAL@SF,SF,BAL,,,,,,P
90995-83232,P,Jason,Jason Adam,Adam,6.04,25,5500,TB@BOS,TB,BOS,,,,,,P
90995-85289,P,Nick,Nick Anderson,Anderson,6.590909090909091,23,5500,ATL@ARI,ATL,ARI,,,,,,P
90995-85288,P,Brusdar,Brusdar Graterol,Graterol,5,25,5500,NYY@LAD,LAD,NYY,,,,,,P
90995-38189,P,Michael,Michael Tonkin,Tonkin,9.538461538461538,14,5500,ATL@ARI,ATL,ARI,IL,Neck,,,,P
90995-79150,P,Josh,Josh Staumont,Staumont,5.052631578947368,19,5500,COL@KC,KC,COL,,,,,,P
90995-185648,P,Zach,Zach Muckenhirn,Muckenhirn,7,2,5500,TOR@NYM,NYM,TOR,,,,,,P
90995-156976,P,Darren,Darren McCaughan,McCaughan,12,2,5500,SEA@TEX,SEA,TEX,,,,,,P
90995-185662,P,Sammy,Sammy Peralta,Peralta,2,1,5500,DET@CWS,CWS,DET,,,,,,P
90995-154947,P,Justin,Justin Garza,Garza,5.428571428571429,7,5500,TB@BOS,BOS,TB,,,,,0,P
90995-73024,P,Matt,Matt Carasiti,Carasiti,4,4,5500,COL@KC,COL,KC,,,,,,P
90995-79171,P,Phil,Phil Bickford,Bickford,5.7272727272727275,22,5500,NYY@LAD,LAD,NYY,,,,,,P
90995-113986,P,Emmanuel,Emmanuel Clase,Clase,4.178571428571429,28,5500,CLE@MIN,CLE,MIN,,,,,,P
90995-13635,P,Brad,Brad Hand,Hand,6.045454545454546,22,5500,COL@KC,COL,KC,,,,,,P
90995-38216,P,Jose,Jose Cisnero,Cisnero,5.090909090909091,24,5500,DET@CWS,DET,CWS,,,,,,P
90995-38217,P,Tommy,Tommy Kahnle,Kahnle,5.133333333333334,16,5500,NYY@LAD,NYY,LAD,,,,,,P
90995-79184,P,Thomas,Thomas Szapucki,Szapucki,5.7272727272727275,11,5500,BAL@SF,SF,BAL,IL,Side,,,,P
90995-21846,P,Chris,Chris Devenski,Devenski,7.3076923076923075,13,5500,LAA@HOU,LAA,HOU,,,,,,P
90995-118106,P,Victor,Victor Gonzalez,Gonzalez,5.533333333333333,15,5500,NYY@LAD,LAD,NYY,,,,,,P
90995-79196,P,Albert,Albert Abreu,Abreu,7.095238095238095,22,5500,NYY@LAD,NYY,LAD,,,,,,P
90995-38240,P,Rafael,Rafael Montero,Montero,4.6521739130434785,24,5500,LAA@HOU,HOU,LAA,,,,,,P
90995-118123,P,Blake,Blake Taylor,Taylor,3.1578947368421053,19,5500,LAA@HOU,HOU,LAA,,,,,,P
90995-79227,P,Adrian,Adrian Morejon,Morejon,6.230769230769231,28,5500,CHC@SD,SD,CHC,IL,Elbow,,,,P
90995-79232,P,Clay,Clay Holmes,Holmes,6.416666666666667,26,5500,NYY@LAD,NYY,LAD,,,,,,P
90995-181651,P,Matt,Matt Krook,Krook,,,5500,NYY@LAD,NYY,LAD,,,,,,P
90995-79258,P,Ryne,Ryne Stanek,Stanek,5.3,20,5500,LAA@HOU,HOU,LAA,,,,,,P
90995-38303,P,Andrew,Andrew Chafin,Chafin,5.8,26,5500,ATL@ARI,ARI,ATL,,,,,,P
90995-79266,P,Brett,Brett Martin,Martin,3.7636363636363637,55,5500,SEA@TEX,TEX,SEA,IL,Shoulder,,,,P
90995-118185,P,Matt,Matt Foster,Foster,4.448979591836735,50,5500,DET@CWS,CWS,DET,IL,Elbow,,,,P
90995-101803,P,Jacob,Jacob Webb,Webb,9.6,5,5500,LAA@HOU,LAA,HOU,,,,,,P
90995-118186,P,Jimmy,Jimmy Lambert,Lambert,4.608695652173913,23,5500,DET@CWS,CWS,DET,IL,Ankle,,,,P
90995-101804,P,Huascar,Huascar Ynoa,Ynoa,7,2,5500,ATL@ARI,ATL,ARI,IL,Elbow,,,,P
90995-101809,P,Josh,Josh Taylor,Taylor,5.5625,17,5500,COL@KC,KC,COL,IL,Shoulder,,,,P
90995-101808,P,Denyi,Denyi Reyes,Reyes,5.166666666666667,6,5500,TOR@NYM,NYM,TOR,,,,,,P
90995-101812,P,Justin,Justin Lawrence,Lawrence,6.92,25,5500,COL@KC,COL,KC,,,,,,P
90995-101815,P,Jimmy,Jimmy Herget,Herget,3.8333333333333335,12,5500,LAA@HOU,LAA,HOU,,,,,,P
90995-101814,P,Sam,Sam Hentges,Hentges,4.666666666666667,9,5500,CLE@MIN,CLE,MIN,,,,,,P
90995-101816,P,Bryan,Bryan Abreu,Abreu,7.653846153846154,26,5500,LAA@HOU,HOU,LAA,,,,,,P
90995-169400,P,Parker,Parker Mushinski,Mushinski,5.333333333333333,3,5500,LAA@HOU,HOU,LAA,,,,,,P
90995-40382,P,Luis,Luis Garcia,Garcia,4.476190476190476,21,5500,CHC@SD,SD,CHC,IL,Oblique,,,,P
90995-101822,P,Josh,Josh Sborz,Sborz,7.615384615384615,14,5500,SEA@TEX,TEX,SEA,,,,,,P
90995-101825,P,Jose,Jose Quijada,Quijada,3.3,10,5500,LAA@HOU,LAA,HOU,IL,Elbow,,,,P
90995-118221,P,J.P.,J.P. Feyereisen,Feyereisen,7.818181818181818,22,5500,NYY@LAD,LAD,NYY,IL,Shoulder,,,,P
90995-118224,P,Garrett,Garrett Cleavinger,Cleavinger,5.142857142857143,16,5500,TB@BOS,TB,BOS,IL,Knee,,,,P
90995-101845,P,Genesis,Genesis Cabrera,Cabrera,5.85,20,5500,STL@PIT,STL,PIT,,,,,,P
90995-101846,P,Erik,Erik Swanson,Swanson,6.3076923076923075,26,5500,TOR@NYM,TOR,NYM,,,,,,P
90995-101851,P,Brock,Brock Burke,Burke,5.684210526315789,19,5500,SEA@TEX,TEX,SEA,,,,,,P
90995-185823,P,Chris,Chris Muller,Muller,,,5500,TB@BOS,TB,BOS,,,,,,P
90995-161256,P,Cooper,Cooper Criswell,Criswell,17.5,4,5500,TB@BOS,TB,BOS,,,,,,P
90995-85489,P,Jimmy,Jimmy Cordero,Cordero,6.045454545454546,23,5500,NYY@LAD,NYY,LAD,,,,,,P
90995-95737,P,Ian,Ian Hamilton,Hamilton,9.5625,16,5500,NYY@LAD,NYY,LAD,IL,Groin,,,,P
90995-161273,P,Scott,Scott Effross,Effross,5.233333333333333,60,5500,NYY@LAD,NYY,LAD,IL,Elbow,,,,P
90995-52733,P,Scott,Scott Alexander,Alexander,3.9565217391304346,24,5500,BAL@SF,SF,BAL,,,,,,P
90995-95757,P,Andrew,Andrew Vasquez,Vasquez,8,17,5500,PHI@WSH,PHI,WSH,,,,,,P
90995-85517,P,Trey,Trey Wingenter,Wingenter,4.4,7,5500,DET@CWS,DET,CWS,IL,Biceps,,,,P
90995-95756,P,Rowan,Rowan Wick,Wick,5.285714285714286,64,5500,CHC@SD,CHC,SD,,,,,,P
90995-101904,P,Jordan,Jordan Romano,Romano,6.857142857142857,23,5500,TOR@NYM,TOR,NYM,,,,,,P
90995-71190,P,Jose,Jose Leclerc,Leclerc,4.388888888888889,18,5500,SEA@TEX,TEX,SEA,,,,,,P
90995-95774,P,Jeff,Jeff Brigham,Brigham,5.578947368421052,19,5500,TOR@NYM,NYM,TOR,,,,,,P
90995-58913,P,Danny,Danny Coulombe,Coulombe,5.72,26,5500,BAL@SF,BAL,SF,,,,,,P
90995-181796,P,Blair,Blair Calvo,Calvo,3,1,5500,COL@KC,COL,KC,,,,,,P
90995-5673,P,Jesse,Jesse Chavez,Chavez,5.64,26,5500,ATL@ARI,ATL,ARI,,,,,,P
90995-185896,P,Cody,Cody Bradford,Bradford,15,2,5500,SEA@TEX,TEX,SEA,,,,,,P
90995-79402,P,Cionel,Cionel Perez,Perez,3.1666666666666665,24,5500,BAL@SF,BAL,SF,,,,,,P
90995-181815,P,Brent,Brent Headrick,Headrick,17.333333333333332,3,5500,CLE@MIN,MIN,CLE,,,,,,P
90995-140858,P,Domingo,Domingo Tapia,Tapia,5.545454545454546,12,5500,CHC@SD,SD,CHC,,,,,,P
90995-181819,P,Tim,Tim Herrin,Herrin,5.555555555555555,9,5500,CLE@MIN,CLE,MIN,,,,,,P
90995-185926,P,Ryan,Ryan Walker,Walker,8.2,5,5500,BAL@SF,SF,BAL,,,,,,P
90995-81488,P,Jose,Jose Ruiz,Ruiz,4.375,24,5500,ATL@ARI,ARI,ATL,,,,,,P
90995-73301,P,Brent,Brent Suter,Suter,7.782608695652174,23,5500,COL@KC,COL,KC,,,,,,P
90995-181845,P,Drew,Drew Rom,Rom,,,5500,BAL@SF,BAL,SF,,,,,,P
90995-181848,P,Tom,Tom Cosgrove,Cosgrove,6.3,10,5500,CHC@SD,SD,CHC,,,,,,P
90995-181854,P,Brendan,Brendan White,White,,,5500,DET@CWS,DET,CWS,,,,,,P
90995-81507,P,Aaron,Aaron Bummer,Bummer,3.0869565217391304,24,5500,DET@CWS,CWS,DET,,,,,,P
90995-169574,P,Penn,Penn Murfee,Murfee,5.6,15,5500,SEA@TEX,SEA,TEX,IL,Elbow,,,,P
90995-5735,P,David,David Robertson,Robertson,7.2727272727272725,22,5500,TOR@NYM,NYM,TOR,,,,,,P
90995-118381,P,Kyle,Kyle Finnegan,Finnegan,5.086956521739131,23,5500,PHI@WSH,WSH,PHI,,,,,0,P
90995-118394,P,Yohan,Yohan Ramirez,Ramirez,9.25,12,5500,STL@PIT,PIT,STL,,,,,,P
90995-5761,P,Tommy,Tommy Hunter,Hunter,6.25,13,5500,TOR@NYM,NYM,TOR,,,,,,P
90995-110216,P,Stephen,Stephen Nogosek,Nogosek,7.454545454545454,12,5500,TOR@NYM,NYM,TOR,,,,,,P
90995-52877,P,Dominic,Dominic Leone,Leone,4.5,10,5500,TOR@NYM,NYM,TOR,,,,,,P
90995-73362,P,Rob,Rob Zastryzny,Zastryzny,3.1666666666666665,12,5500,STL@PIT,PIT,STL,,,,,,P
90995-52887,P,Tyler,Tyler Matzek,Matzek,5.0476190476190474,42,5500,ATL@ARI,ATL,ARI,IL,Elbow,,,,P
90995-38563,P,Yimi,Yimi Garcia,Garcia,4.576923076923077,26,5500,TOR@NYM,TOR,NYM,,,,,,P
90995-163511,P,Yunior,Yunior Marte,Marte,3.090909090909091,11,5500,PHI@WSH,PHI,WSH,,,,,,P
90995-161463,P,Drew,Drew Carlton,Carlton,12.25,4,5500,CHC@SD,SD,CHC,,,,,,P
90995-114356,P,Kevin,Kevin Ginkel,Ginkel,5.909090909090909,22,5500,ATL@ARI,ARI,ATL,,,,,,P
90995-38596,P,Chris,Chris Martin,Martin,4.8125,16,5500,TB@BOS,BOS,TB,,,,,0,P
90995-165577,P,Sam,Sam Bachman,Bachman,9,2,5500,LAA@HOU,LAA,HOU,,,,,,P
90995-81615,P,Tim,Tim Mayza,Mayza,4.4,26,5500,TOR@NYM,TOR,NYM,,,,,,P
90995-14047,P,Brad,Brad Boxberger,Boxberger,3.5,17,5500,CHC@SD,CHC,SD,IL,Forearm,,,,P
90995-181985,P,Guillermo,Guillermo Zuniga,Zuniga,9,1,5500,STL@PIT,STL,PIT,,,,,,P
90995-81641,P,John,John Curtiss,Curtiss,3.5454545454545454,12,5500,TOR@NYM,NYM,TOR,,,,,,P
90995-181992,P,Jose,Jose Hernandez,Hernandez,6.15,20,5500,STL@PIT,PIT,STL,,,,,,P
90995-81642,P,A.J.,A.J. Minter,Minter,4.7407407407407405,27,5500,ATL@ARI,ATL,ARI,,,,,,P
90995-81644,P,Ryan,Ryan Sherriff,Sherriff,6.666666666666667,3,5500,TB@BOS,BOS,TB,,,,,0,P
90995-182005,P,Kevin,Kevin Kelly,Kelly,5.086956521739131,24,5500,TB@BOS,TB,BOS,,,,,,P
90995-52986,P,Drew,Drew VerHagen,VerHagen,5.84,25,5500,STL@PIT,STL,PIT,,,,,,P
90995-165628,P,Josh,Josh Walker,Walker,3,1,5500,TOR@NYM,NYM,TOR,,,,,,P
90995-165638,P,Randy,Randy Vasquez,Vasquez,26,1,5500,NYY@LAD,NYY,LAD,,,,,,P
90995-161545,P,Kaleb,Kaleb Ort,Ort,4.083333333333333,12,5500,TB@BOS,BOS,TB,,,,,0,P
90995-169742,P,Tyler,Tyler Holton,Holton,7.866666666666666,15,5500,DET@CWS,DET,CWS,,,,,,P
90995-161563,P,Jovani,Jovani Moran,Moran,5.809523809523809,22,5500,CLE@MIN,MIN,CLE,,,,,,P
90995-53021,P,Nick,Nick Wittgren,Wittgren,1.3333333333333333,3,5500,COL@KC,KC,COL,,,,,,P
90995-182062,P,Gus,Gus Varland,Varland,1.375,8,5500,NYY@LAD,LAD,NYY,,,,,,P
90995-182061,P,Nick,Nick Avila,Avila,,,5500,BAL@SF,SF,BAL,,,,,,P
90995-163641,P,Ray,Ray Kerr,Kerr,5,2,5500,CHC@SD,SD,CHC,,,,,,P
90995-116548,P,Tyler,Tyler Rogers,Rogers,5.75,24,5500,BAL@SF,SF,BAL,,,,,,P
90995-163660,P,Steven,Steven Wilson,Wilson,5.92,25,5500,CHC@SD,SD,CHC,,,,,,P
90995-108380,P,Tayler,Tayler Scott,Scott,6,8,5500,NYY@LAD,LAD,NYY,,,,,,P
90995-163682,P,Ethan,Ethan Roberts,Roberts,3.2222222222222223,9,5500,CHC@SD,CHC,SD,IL,Elbow,,,,P
90995-104293,P,Nick,Nick Ramirez,Ramirez,6,6,5500,NYY@LAD,NYY,LAD,,,,,,P
90995-163687,P,Ron,Ron Marinaccio,Marinaccio,6.625,25,5500,NYY@LAD,NYY,LAD,,,,,,P
90995-163684,P,Ronny,Ronny Henriquez,Henriquez,17.666666666666668,3,5500,CLE@MIN,MIN,CLE,,,,,,P
90995-163702,P,Logan,Logan Gillaspie,Gillaspie,2.875,9,5500,BAL@SF,BAL,SF,,,,,,P
90995-163701,P,Felix,Felix Bautista,Bautista,9.576923076923077,26,5500,BAL@SF,BAL,SF,,,,,,P
90995-163707,P,Freddy,Freddy Pacheco,Pacheco,,,5500,DET@CWS,DET,CWS,IL,Elbow,,,,P
90995-102298,P,Erich,Erich Uelmen,Uelmen,3,1,5500,PHI@WSH,PHI,WSH,,,,,,P
90995-102300,P,Michael,Michael Rucker,Rucker,5.684210526315789,21,5500,CHC@SD,CHC,SD,,,,,,P
90995-157600,P,Austin,Austin Warren,Warren,7,2,5500,LAA@HOU,LAA,HOU,IL,Elbow,,,,P
90995-8101,P,Ian,Ian Kennedy,Kennedy,4.090909090909091,11,5500,SEA@TEX,TEX,SEA,,,,,,P
90995-6054,P,Mark,Mark Melancon,Melancon,3.457627118644068,62,5500,ATL@ARI,ARI,ATL,IL,Shoulder,,,,P
90995-108461,P,Pete,Pete Fairbanks,Fairbanks,4.538461538461538,13,5500,TB@BOS,TB,BOS,IL,Hip,,,,P
90995-102318,P,Ryan,Ryan Rolison,Rolison,,,5500,COL@KC,COL,KC,,,,,,P
90995-102324,P,Konnor,Konnor Pilkington,Pilkington,12,1,5500,ATL@ARI,ARI,ATL,,,,,,P
90995-102332,P,Jackson,Jackson Kowar,Kowar,16,1,5500,COL@KC,KC,COL,,,,,,P
90995-102334,P,Corbin,Corbin Martin,Martin,13.428571428571429,7,5500,ATL@ARI,ARI,ATL,IL,Lat,,,,P
90995-163782,P,Robert,Robert Suarez,Suarez,7.3,52,5500,CHC@SD,SD,CHC,IL,Elbow,,,,P
90995-102355,P,Jorge,Jorge Alcala,Alcala,4.9,11,5500,CLE@MIN,MIN,CLE,IL,Forearm,,,,P
90995-12257,P,Adam,Adam Ottavino,Ottavino,4.3478260869565215,25,5500,TOR@NYM,NYM,TOR,,,,,,P
90995-169957,P,Danny,Danny Young,Young,6.875,8,5500,ATL@ARI,ATL,ARI,,,,,,P
90995-102377,P,Trevor,Trevor Stephan,Stephan,5.576923076923077,26,5500,CLE@MIN,CLE,MIN,,,,,,P
90995-79848,P,Paul,Paul Sewald,Sewald,6.4,25,5500,SEA@TEX,SEA,TEX,,,,,,P
90995-102397,P,Wyatt,Wyatt Mills,Mills,4.653846153846154,27,5500,TB@BOS,BOS,TB,IL,Elbow,,,0,P
90995-60643,OF,Aaron,Aaron Judge,Judge,15.525532174617686,47,4500,NYY@LAD,NYY,LAD,,,,,,OF/UTIL
90995-79756,OF,Ronald,Ronald Acuna Jr.,Acuna Jr.,15.394642421177455,56,4400,ATL@ARI,ATL,ARI,,,,,,OF/UTIL
90995-11334,1B,Freddie,Freddie Freeman,Freeman,14.426315575315241,57,4300,NYY@LAD,LAD,NYY,,,,,,C/1B/UTIL
90995-79282,OF,Juan,Juan Soto,Soto,11.917857578822545,56,4300,CHC@SD,SD,CHC,,,,,,OF/UTIL
90995-79393,OF/SS,Fernando,Fernando Tatis Jr.,Tatis Jr.,12.447222391764322,36,4200,CHC@SD,SD,CHC,,,,,,SS/OF/UTIL
90995-82575,OF,Yordan,Yordan Alvarez,Alvarez,13.82,50,4100,LAA@HOU,HOU,LAA,,,,,,OF/UTIL
90995-79401,C,Will,Will Smith,Smith,13.252631739566201,38,4100,NYY@LAD,LAD,NYY,,,,,,C/1B/UTIL
90995-39151,OF/2B/SS,Mookie,Mookie Betts,Betts,12.853703251591435,54,4000,NYY@LAD,LAD,NYY,,,,,,2B/SS/OF/UTIL
90995-82614,1B,Pete,Pete Alonso,Alonso,12.85614013671875,57,4000,TOR@NYM,NYM,TOR,,,,,,C/1B/UTIL
90995-79120,1B/3B,Yandy,Yandy Diaz,Diaz,13.114894136469415,47,4000,TB@BOS,TB,BOS,,,,,,C/1B/3B/UTIL
90995-102621,SS,Wander,Wander Franco,Franco,13.045454545454545,55,3900,TB@BOS,TB,BOS,DTD,Shoulder,,,,SS/UTIL
90995-52175,1B,Matt,Matt Olson,Olson,13.442856924874443,56,3900,ATL@ARI,ATL,ARI,,,,,,C/1B/UTIL
90995-21705,2B,Marcus,Marcus Semien,Semien,13.829090465198863,55,3900,SEA@TEX,TEX,SEA,,,,,,2B/UTIL
90995-13540,OF,J.D.,J.D. Martinez,Martinez,13.402439024390244,41,3900,NYY@LAD,LAD,NYY,,,,,,OF/UTIL
90995-82536,OF,Cedric,Cedric Mullins,Mullins,12.4660379661704,53,3800,BAL@SF,BAL,SF,IL,Groin,,,,OF/UTIL
90995-12968,1B,Paul,Paul Goldschmidt,Goldschmidt,12.483635919744318,55,3800,STL@PIT,STL,PIT,,,,,,C/1B/UTIL
90995-52176,3B,Max,Max Muncy,Muncy,12.592157102098652,51,3800,NYY@LAD,LAD,NYY,,,,,,3B/UTIL
90995-79257,OF,Josh,Josh Lowe,Lowe,12.814582824707031,48,3800,TB@BOS,TB,BOS,,,,,,OF/UTIL
90995-38412,SS,Corey,Corey Seager,Seager,13.354166666666666,24,3800,SEA@TEX,TEX,SEA,,,,,,SS/UTIL
90995-102400,OF,Julio,Julio Rodriguez,Rodriguez,11.86481504087095,54,3700,SEA@TEX,SEA,TEX,,,,,,OF/UTIL
90995-102415,2B,Nolan,Nolan Gorman,Gorman,11.782353419883579,51,3700,STL@PIT,STL,PIT,,,,,,2B/UTIL
90995-119297,OF,Corbin,Corbin Carroll,Carroll,12.185185185185185,54,3700,ATL@ARI,ARI,ATL,,,,,,OF/UTIL
90995-119349,SS,Bobby,Bobby Witt Jr.,Witt Jr.,11.60909090909091,55,3700,COL@KC,KC,COL,,,,,,SS/UTIL
90995-12933,OF,Mike,Mike Trout,Trout,11.86481504087095,54,3700,LAA@HOU,LAA,HOU,,,,,,OF/UTIL
90995-68585,3B,Rafael,Rafael Devers,Devers,11.769811090433373,53,3700,TB@BOS,BOS,TB,,,,,2,3B/UTIL
90995-85261,OF,Randy,Randy Arozarena,Arozarena,12.763636363636364,55,3700,TB@BOS,TB,BOS,,,,,,OF/UTIL
90995-85520,OF,Adolis,Adolis Garcia,Garcia,13.231481481481481,54,3700,SEA@TEX,TEX,SEA,,,,,,OF/UTIL
90995-181987,OF,Masataka,Masataka Yoshida,Yoshida,12.014583587646484,48,3700,TB@BOS,BOS,TB,,,,,4,OF/UTIL
90995-14562,2B,Jose,Jose Altuve,Altuve,12.759999847412109,10,3600,LAA@HOU,HOU,LAA,,,,,,2B/UTIL
90995-119318,OF/3B,Christopher,Christopher Morel,Morel,14.468420731393914,19,3600,CHC@SD,CHC,SD,,,,,,3B/OF/UTIL
90995-12948,1B/OF,Bryce,Bryce Harper,Harper,11.35199951171875,25,3600,PHI@WSH,PHI,WSH,,,,,,C/1B/OF/UTIL
90995-82624,C,Sean,Sean Murphy,Murphy,12.66956495202106,46,3600,ATL@ARI,ATL,ARI,,,,,,C/1B/UTIL
90995-82654,SS,Bo,Bo Bichette,Bichette,12.092982241981908,57,3600,TOR@NYM,TOR,NYM,,,,,,SS/UTIL
90995-68514,2B/3B,Ryan,Ryan McMahon,McMahon,10.451785496303014,56,3600,COL@KC,COL,KC,,,,,,2B/3B/UTIL
90995-13266,C,Salvador,Salvador Perez,Perez,10.92800048828125,50,3600,COL@KC,KC,COL,,,,,,C/1B/UTIL
90995-16952,SS,Francisco,Francisco Lindor,Lindor,10.940350448876096,57,3500,TOR@NYM,NYM,TOR,,,,,,SS/UTIL
90995-119437,3B,Josh,Josh Jung,Jung,12.278846153846153,52,3500,SEA@TEX,TEX,SEA,,,,,,3B/UTIL
90995-82613,2B/SS,Thairo,Thairo Estrada,Estrada,11.542553191489361,47,3500,BAL@SF,SF,BAL,IL,Wrist,,,,2B/SS/UTIL
90995-79159,OF,Cody,Cody Bellinger,Bellinger,12.91351318359375,37,3500,CHC@SD,CHC,SD,IL,Knee,,,,OF/UTIL
90995-79230,OF,Bryan,Bryan Reynolds,Reynolds,12.061538696289062,52,3500,STL@PIT,PIT,STL,,,,,,OF/UTIL
90995-79273,1B,Vladimir,Vladimir Guerrero Jr.,Guerrero Jr.,10.70185230396412,54,3500,TOR@NYM,TOR,NYM,,,,,,C/1B/UTIL
90995-38976,3B,Jose,Jose Ramirez,Ramirez,11.0339620338296,53,3400,CLE@MIN,CLE,MIN,,,,,,3B/UTIL
90995-39086,OF,Byron,Byron Buxton,Buxton,10.914000244140626,50,3400,CLE@MIN,MIN,CLE,DTD,Ribs,,,,OF/UTIL
90995-82553,OF,Jose,Jose Siri,Siri,12.199999809265137,32,3400,TB@BOS,TB,BOS,,,,,,OF/UTIL
90995-82734,OF,Luis,Luis Robert Jr.,Robert Jr.,11.04363680752841,55,3400,DET@CWS,CWS,DET,,,,,,OF/UTIL
90995-13229,OF,Charlie,Charlie Blackmon,Blackmon,10.275510204081632,49,3400,COL@KC,COL,KC,,,,,,OF/UTIL
90995-68544,3B,Matt,Matt Chapman,Chapman,10.928571428571429,56,3400,TOR@NYM,TOR,NYM,,,,,,3B/UTIL
90995-37982,SS,Xander,Xander Bogaerts,Bogaerts,9.730909312855113,55,3400,CHC@SD,SD,CHC,,,,,,SS/UTIL
90995-85285,1B,Nathaniel,Nathaniel Lowe,Lowe,10.9,55,3400,SEA@TEX,TEX,SEA,,,,,,C/1B/UTIL
90995-118120,C,Jonah,Jonah Heim,Heim,11.00212714012633,47,3400,SEA@TEX,TEX,SEA,,,,,,C/1B/UTIL
90995-13719,3B,Nolan,Nolan Arenado,Arenado,10.09629652235243,54,3400,STL@PIT,STL,PIT,,,,,,3B/UTIL
90995-79272,OF,Lourdes,Lourdes Gurriel Jr.,Gurriel Jr.,11.382352941176471,51,3400,ATL@ARI,ARI,ATL,,,,,,OF/UTIL
90995-102301,2B,Nico,Nico Hoerner,Hoerner,11.829787234042554,47,3400,CHC@SD,CHC,SD,,,,,,2B/UTIL
90995-102398,OF,Jarred,Jarred Kelenic,Kelenic,10.762264611586085,53,3400,SEA@TEX,SEA,TEX,,,,,,OF/UTIL
90995-79884,OF,Anthony,Anthony Santander,Santander,11.03269254244291,52,3300,BAL@SF,BAL,SF,,,,,,OF/UTIL
90995-12302,OF,Giancarlo,Giancarlo Stanton,Stanton,11.838461068960337,13,3300,NYY@LAD,NYY,LAD,,,,,,OF/UTIL
90995-135190,SS/3B/2B,Taylor,Taylor Walls,Walls,11.39318154074929,44,3300,TB@BOS,TB,BOS,,,,,,2B/3B/SS/UTIL
90995-80462,SS,Paul,Paul DeJong,DeJong,11.070968135710686,31,3300,STL@PIT,STL,PIT,,,,,,SS/UTIL
90995-17097,OF,Brandon,Brandon Nimmo,Nimmo,10.269642421177455,56,3300,TOR@NYM,NYM,TOR,,,,,,OF/UTIL
90995-68588,2B,Gleyber,Gleyber Torres,Torres,10.454386393229166,57,3300,NYY@LAD,NYY,LAD,,,,,,2B/UTIL
90995-154711,OF,Lars,Lars Nootbaar,Nootbaar,10.726190476190476,42,3300,STL@PIT,STL,PIT,IL,Back,,,,OF/UTIL
90995-79074,3B,Austin,Austin Riley,Riley,10.119643075125557,56,3300,ATL@ARI,ATL,ARI,,,,,,3B/UTIL
90995-79093,OF,Eloy,Eloy Jimenez,Jimenez,10.593103869207974,29,3300,DET@CWS,CWS,DET,,,,,,OF/UTIL
90995-79160,OF,Alex,Alex Verdugo,Verdugo,10.760377128169221,53,3300,TB@BOS,BOS,TB,,,,,1,OF/UTIL
90995-38218,1B,Christian,Christian Walker,Walker,10.890740288628471,54,3300,ATL@ARI,ARI,ATL,,,,,,C/1B/UTIL
90995-5456,OF,Andrew,Andrew McCutchen,McCutchen,10.553060726243622,49,3300,STL@PIT,PIT,STL,,,,,,OF/UTIL
90995-21853,2B,Ketel,Ketel Marte,Marte,11.039622180866745,53,3300,ATL@ARI,ARI,ATL,,,,,,2B/UTIL
90995-16983,OF,George,George Springer,Springer,9.96727294921875,55,3200,TOR@NYM,TOR,NYM,,,,,,OF/UTIL
90995-82570,3B,Jake,Jake Burger,Burger,10.3125,40,3200,DET@CWS,CWS,DET,,,,,,3B/UTIL
90995-12940,1B,Anthony,Anthony Rizzo,Rizzo,11.11320754716981,53,3200,NYY@LAD,NYY,LAD,DTD,Neck,,,,C/1B/UTIL
90995-119495,1B,Andrew,Andrew Vaughn,Vaughn,10.351785932268415,56,3200,DET@CWS,CWS,DET,,,,,,C/1B/UTIL
90995-68522,3B,Alex,Alex Bregman,Bregman,10.037499564034599,56,3200,LAA@HOU,HOU,LAA,,,,,,3B/UTIL
90995-68586,SS,Dansby,Dansby Swanson,Swanson,10.205555103443286,54,3200,CHC@SD,CHC,SD,,,,,,SS/UTIL
90995-167012,OF,Seiya,Seiya Suzuki,Suzuki,10.03095209030878,42,3200,CHC@SD,CHC,SD,,,,,,OF/UTIL
90995-60642,OF,Michael,Michael Conforto,Conforto,10.702041314572703,49,3200,BAL@SF,SF,BAL,DTD,Heel,,,,OF/UTIL
90995-79082,1B,Ryan,Ryan Mountcastle,Mountcastle,10.528570992606026,56,3200,BAL@SF,BAL,SF,,,,,,C/1B/UTIL
90995-21874,2B,Jorge,Jorge Polanco,Polanco,10.375,24,3200,CLE@MIN,MIN,CLE,,,,,,2B/UTIL
90995-79249,OF,Harrison,Harrison Bader,Bader,11.434614915114183,26,3200,NYY@LAD,NYY,LAD,IL,Hamstring,,,,OF/UTIL
90995-85504,2B,Brandon,Brandon Lowe,Lowe,9.972916920979818,48,3200,TB@BOS,TB,BOS,,,,,,2B/UTIL
90995-13909,OF,Randal,Randal Grichuk,Grichuk,10.14,25,3200,COL@KC,COL,KC,,,,,,OF/UTIL
90995-163696,OF,Jack,Jack Suwinski,Suwinski,10.725532044755651,47,3200,STL@PIT,PIT,STL,,,,,,OF/UTIL
90995-102365,C,Francisco,Francisco Alvarez,Alvarez,8.922856794084822,35,3200,TOR@NYM,NYM,TOR,,,,,,C/1B/UTIL
90995-119307,C,Adley,Adley Rutschman,Rutschman,10.669090687144886,55,3100,BAL@SF,BAL,SF,,,,,,C/1B/UTIL
90995-119311,OF,Jarren,Jarren Duran,Duran,10.279487022986778,39,3100,TB@BOS,BOS,TB,,,,,5,OF/UTIL
90995-82574,3B/1B,Isaac,Isaac Paredes,Paredes,9.998039096009498,51,3100,TB@BOS,TB,BOS,,,,,,C/1B/3B/UTIL
90995-82608,SS/3B,Royce,Royce Lewis,Lewis,21.1999994913737,3,3100,CLE@MIN,MIN,CLE,,,,,,3B/SS/UTIL
90995-68525,3B,J.D.,J.D. Davis,Davis,9.8999997652494,52,3100,BAL@SF,SF,BAL,,,,,,3B/UTIL
90995-68587,2B,Ozzie,Ozzie Albies,Albies,9.778570992606026,56,3100,ATL@ARI,ATL,ARI,,,,,,2B/UTIL
90995-60631,OF,Kyle,Kyle Schwarber,Schwarber,9.60892813546317,56,3100,PHI@WSH,PHI,WSH,,,,,,OF/UTIL
90995-85260,3B/OF,Patrick,Patrick Wisdom,Wisdom,10.658333460489908,48,3100,CHC@SD,CHC,SD,,,,,,3B/OF/UTIL
90995-79125,OF,Kyle,Kyle Tucker,Tucker,10.361818625710228,55,3100,LAA@HOU,HOU,LAA,,,,,,OF/UTIL
90995-79223,1B,Josh,Josh Naylor,Naylor,9.983333587646484,48,3100,CLE@MIN,CLE,MIN,DTD,Wrist,,,,C/1B/UTIL
90995-118210,1B/2B,Jake,Jake Cronenworth,Cronenworth,8.83272705078125,55,3100,CHC@SD,SD,CHC,,,,,,C/1B/2B/UTIL
90995-101844,OF,Lane,Lane Thomas,Thomas,10.50909090909091,55,3100,PHI@WSH,WSH,PHI,,,,,1,OF/UTIL
90995-71182,3B,Jeimer,Jeimer Candelario,Candelario,9.89622641509434,53,3100,PHI@WSH,WSH,PHI,,,,,3,3B/UTIL
90995-165571,1B,Vinnie,Vinnie Pasquantino,Pasquantino,9.756363192471591,55,3100,COL@KC,KC,COL,,,,,,C/1B/UTIL
90995-102363,OF/1B,Luke,Luke Raley,Raley,10.1613637750799,44,3100,TB@BOS,TB,BOS,,,,,,C/1B/OF/UTIL
90995-12310,1B,Carlos,Carlos Santana,Santana,9.081632653061224,49,3000,STL@PIT,PIT,STL,DTD,Back,,,,C/1B/UTIL
90995-38965,1B,C.J.,C.J. Cron,Cron,9.299999660915798,36,3000,COL@KC,COL,KC,IL,Back,,,,C/1B/UTIL
90995-119345,SS,Jeremy,Jeremy Pena,Pena,9.941817959872159,55,3000,LAA@HOU,HOU,LAA,,,,,,SS/UTIL
90995-16981,C,Yan,Yan Gomes,Gomes,8.828125,32,3000,CHC@SD,CHC,SD,,,,,,C/1B/UTIL
90995-119405,2B,Bryson,Bryson Stott,Stott,9.161111337167245,54,3000,PHI@WSH,PHI,WSH,,,,,,2B/UTIL
90995-53993,OF,Harold,Harold Ramirez,Ramirez,9.565908952192826,44,3000,TB@BOS,TB,BOS,,,,,,OF/UTIL
90995-119637,2B/SS/OF,Ezequiel,Ezequiel Duran,Duran,9.832499694824218,40,3000,SEA@TEX,TEX,SEA,IL,Oblique,,,,2B/SS/OF/UTIL
90995-52147,OF,Kris,Kris Bryant,Bryant,8.234000244140624,50,3000,COL@KC,COL,KC,IL,Heel,,,,OF/UTIL
90995-13342,OF,Nick,Nick Castellanos,Castellanos,10.241071428571429,56,3000,PHI@WSH,PHI,WSH,,,,,,OF/UTIL
90995-60672,SS,Tim,Tim Anderson,Anderson,7.75128173828125,39,3000,DET@CWS,CWS,DET,,,,,,SS/UTIL
90995-38321,1B/OF,Joey,Joey Gallo,Gallo,9.276087221891984,46,3000,CLE@MIN,MIN,CLE,,,,,,C/1B/OF/UTIL
90995-101842,1B,Ty,Ty France,France,9.670909534801137,55,3000,SEA@TEX,SEA,TEX,,,,,,C/1B/UTIL
90995-101910,1B/OF,Connor,Connor Joe,Joe,9.606250127156576,48,3000,STL@PIT,PIT,STL,,,,,,C/1B/OF/UTIL
90995-13864,OF,Joc,Joc Pederson,Pederson,10.246153611403246,26,3000,BAL@SF,SF,BAL,IL,Hand,,,,OF/UTIL
90995-13929,3B,Manny,Manny Machado,Machado,8.65250015258789,40,3000,CHC@SD,SD,CHC,IL,Hand,,,,3B/UTIL
90995-81622,C,Mitch,Mitch Garver,Garver,12.633333841959635,6,3000,SEA@TEX,TEX,SEA,IL,Knee,,,,C/1B/UTIL
90995-165686,3B/SS,Casey,Casey Schmitt,Schmitt,10.290908813476562,22,3000,BAL@SF,SF,BAL,,,,,,3B/SS/UTIL
90995-102438,SS,Geraldo,Geraldo Perdomo,Perdomo,9.863636363636363,44,2900,ATL@ARI,ARI,ATL,,,,,,SS/UTIL
90995-61553,3B,Yoan,Yoan Moncada,Moncada,8.671428680419922,28,2900,DET@CWS,CWS,DET,,,,,,3B/UTIL
90995-102554,C,Cal,Cal Raleigh,Raleigh,9.497959059111926,49,2900,SEA@TEX,SEA,TEX,,,,,,C/1B/UTIL
90995-65881,SS,Trea,Trea Turner,Turner,8.910909201882102,55,2900,PHI@WSH,PHI,WSH,,,,,,SS/UTIL
90995-119343,OF,Riley,Riley Greene,Greene,10.09230745755709,52,2900,DET@CWS,DET,CWS,IL,Lower leg,,,,OF/UTIL
90995-16951,3B,Anthony,Anthony Rendon,Rendon,10.859999593098959,30,2900,LAA@HOU,LAA,HOU,IL,Groin,,,,3B/UTIL
90995-82530,1B/OF,Pavin,Pavin Smith,Smith,8.112195270817454,41,2900,ATL@ARI,ARI,ATL,,,,,,C/1B/OF/UTIL
90995-82533,OF,Daulton,Daulton Varsho,Varsho,8.700000217982701,56,2900,TOR@NYM,TOR,NYM,,,,,,OF/UTIL
90995-119408,2B/OF,Ji Hwan,Ji Hwan Bae,Bae,8.160784553079043,51,2900,STL@PIT,PIT,STL,,,,,,2B/OF/UTIL
90995-82569,1B/OF,Gavin,Gavin Sheets,Sheets,7.619047619047619,42,2900,DET@CWS,CWS,DET,,,,,,C/1B/OF/UTIL
90995-82589,OF/1B,Nick,Nick Pratto,Pratto,9.203225412676412,31,2900,COL@KC,KC,COL,,,,,,C/1B/OF/UTIL
90995-17086,OF,Marcell,Marcell Ozuna,Ozuna,9.576190766834078,42,2900,ATL@ARI,ATL,ARI,,,,,,OF/UTIL
90995-82660,2B,Luis,Luis Garcia,Garcia,9.040816326530612,49,2900,PHI@WSH,WSH,PHI,,,,,2,2B/UTIL
90995-13152,1B,Matt,Matt Carpenter,Carpenter,7.595121802353278,41,2900,CHC@SD,SD,CHC,,,,,,C/1B/UTIL
90995-70562,2B/OF,Whit,Whit Merrifield,Merrifield,10.157999877929688,50,2900,TOR@NYM,TOR,NYM,,,,,,2B/OF/UTIL
90995-13262,OF,Jurickson,Jurickson Profar,Profar,8.892000122070312,50,2900,COL@KC,COL,KC,,,,,,OF/UTIL
90995-68593,SS,Jorge,Jorge Mateo,Mateo,9.846938775510203,49,2900,BAL@SF,BAL,SF,,,,,,SS/UTIL
90995-54307,C,Elias,Elias Diaz,Diaz,9.174000244140625,50,2900,COL@KC,COL,KC,,,,,,C/1B/UTIL
90995-21584,2B/OF,Rougned,Rougned Odor,Odor,7.853125095367432,32,2900,CHC@SD,SD,CHC,,,,,,2B/OF/UTIL
90995-13423,OF,Starling,Starling Marte,Marte,8.484615619365986,52,2900,TOR@NYM,NYM,TOR,,,,,,OF/UTIL
90995-79092,OF,Ian,Ian Happ,Happ,9.77407384801794,54,2900,CHC@SD,CHC,SD,,,,,,OF/UTIL
90995-79188,1B,Alex,Alex Kirilloff,Kirilloff,9.66249974568685,24,2900,CLE@MIN,MIN,CLE,,,,,,C/1B/UTIL
90995-79211,OF,Mickey,Mickey Moniak,Moniak,12.164285932268415,14,2900,LAA@HOU,LAA,HOU,,,,,,OF/UTIL
90995-21875,OF,Max,Max Kepler,Kepler,9.071874618530273,32,2900,CLE@MIN,MIN,CLE,DTD,Head,,,,OF/UTIL
90995-21890,SS/3B/2B,Orlando,Orlando Arcia,Arcia,8.957142857142857,35,2900,ATL@ARI,ATL,ARI,,,,,,2B/3B/SS/UTIL
90995-79263,OF,Leody,Leody Taveras,Taveras,10,42,2900,SEA@TEX,TEX,SEA,,,,,,OF/UTIL
90995-118218,2B,Zach,Zach McKinstry,McKinstry,8.953191229637634,47,2900,DET@CWS,DET,CWS,,,,,,2B/UTIL
90995-38561,OF/3B/SS,Chris,Chris Taylor,Taylor,8.997777642144097,45,2900,NYY@LAD,LAD,NYY,,,,,,3B/SS/OF/UTIL
90995-53033,OF,Mike,Mike Yastrzemski,Yastrzemski,9.644736842105264,38,2900,BAL@SF,SF,BAL,,,,,,OF/UTIL
90995-163666,OF,Steven,Steven Kwan,Kwan,9.758928571428571,56,2900,CLE@MIN,CLE,MIN,,,,,,OF/UTIL
90995-163691,OF,James,James Outman,Outman,9.969090687144886,55,2900,NYY@LAD,LAD,NYY,,,,,,OF/UTIL
90995-102370,3B/1B,Alec,Alec Bohm,Bohm,9.492452945349351,53,2900,PHI@WSH,PHI,WSH,IL,Hamstring,,,,C/1B/3B/UTIL
90995-81953,OF,Austin,Austin Hays,Hays,9.697999877929687,50,2800,BAL@SF,BAL,SF,DTD,Illness,,,,OF/UTIL
90995-6312,1B/3B,Justin,Justin Turner,Turner,9.537037037037036,54,2800,TB@BOS,BOS,TB,,,,,3,C/1B/3B/UTIL
90995-119306,3B/SS,Gunnar,Gunnar Henderson,Henderson,8.232000122070312,50,2800,BAL@SF,BAL,SF,,,,,,3B/SS/UTIL
90995-119372,2B,Miguel,Miguel Vargas,Vargas,9.109615619365986,52,2800,NYY@LAD,LAD,NYY,,,,,,2B/UTIL
90995-119376,3B,Brett,Brett Baty,Baty,7.581081081081081,37,2800,TOR@NYM,NYM,TOR,,,,,,3B/UTIL
90995-119396,SS,Anthony,Anthony Volpe,Volpe,8.924137510102371,58,2800,NYY@LAD,NYY,LAD,,,,,,SS/UTIL
90995-119410,SS,CJ,CJ Abrams,Abrams,8.840384850135216,52,2800,PHI@WSH,WSH,PHI,,,,,8,SS/UTIL
90995-82586,C/OF,MJ,MJ Melendez,Melendez,8.676470588235293,51,2800,COL@KC,KC,COL,,,,,,C/1B/OF/UTIL
90995-113309,3B,Josh,Josh Rojas,Rojas,8.091304613196332,46,2800,ATL@ARI,ARI,ATL,,,,,,3B/UTIL
90995-82593,C,Keibert,Keibert Ruiz,Ruiz,8.5510636999252,47,2800,PHI@WSH,WSH,PHI,,,,,7,C/1B/UTIL
90995-21172,1B/2B,Brandon,Brandon Drury,Drury,9.711538461538462,52,2800,LAA@HOU,LAA,HOU,,,,,,C/1B/2B/UTIL
90995-82655,C,Danny,Danny Jansen,Jansen,9.033333672417534,36,2800,TOR@NYM,TOR,NYM,IL,Groin,,,,C/1B/UTIL
90995-146160,2B/3B,Ha-Seong,Ha-Seong Kim,Kim,8.796153728778545,52,2800,CHC@SD,SD,CHC,,,,,,2B/3B/UTIL
90995-17139,C,J.T.,J.T. Realmuto,Realmuto,8.334000244140626,50,2800,PHI@WSH,PHI,WSH,,,,,,C/1B/UTIL
90995-54068,OF,Hunter,Hunter Renfroe,Renfroe,9.812727494673295,55,2800,LAA@HOU,LAA,HOU,,,,,,OF/UTIL
90995-68495,OF,Andrew,Andrew Benintendi,Benintendi,8.001851964879918,54,2800,DET@CWS,CWS,DET,,,,,,OF/UTIL
90995-68563,OF,Victor,Victor Robles,Robles,8.245161487210181,31,2800,PHI@WSH,WSH,PHI,IL,Back,,,0,OF/UTIL
90995-52179,SS,J.P.,J.P. Crawford,Crawford,8.703703703703704,54,2800,SEA@TEX,SEA,TEX,,,,,,SS/UTIL
90995-13326,C,Christian,Christian Bethancourt,Bethancourt,8.289473684210526,38,2800,TB@BOS,TB,BOS,,,,,,C/1B/UTIL
90995-21633,3B,Eugenio,Eugenio Suarez,Suarez,8.896428789411273,56,2800,SEA@TEX,SEA,TEX,,,,,,3B/UTIL
90995-38117,OF,Adam,Adam Duvall,Duvall,24.774999618530273,8,2800,TB@BOS,BOS,TB,IL,Wrist,,,0,OF/UTIL
90995-146682,OF,Brenton,Brenton Doyle,Doyle,9.35,30,2800,COL@KC,COL,KC,,,,,,OF/UTIL
90995-79122,3B,Nolan,Nolan Jones,Jones,8.485714503696986,7,2800,COL@KC,COL,KC,,,,,,3B/UTIL
90995-85268,1B,Joey,Joey Meneses,Meneses,8.964151058556899,53,2800,PHI@WSH,WSH,PHI,,,,,4,C/1B/UTIL
90995-79151,OF,Taylor,Taylor Ward,Ward,8.420370596426505,54,2800,LAA@HOU,LAA,HOU,,,,,,OF/UTIL
90995-79154,OF,Brandon,Brandon Marsh,Marsh,8.898113322707841,53,2800,PHI@WSH,PHI,WSH,,,,,,OF/UTIL
90995-79175,OF,Trent,Trent Grisham,Grisham,7.537037037037037,54,2800,CHC@SD,SD,CHC,,,,,,OF/UTIL
90995-79181,2B,Mauricio,Mauricio Dubon,Dubon,8.476744186046512,43,2800,LAA@HOU,HOU,LAA,,,,,,2B/UTIL
90995-79216,3B,Ke'Bryan,Ke'Bryan Hayes,Hayes,8.371698343528891,53,2800,STL@PIT,PIT,STL,,,,,,3B/UTIL
90995-21887,C,Willson,Willson Contreras,Contreras,8.635849286925119,53,2800,STL@PIT,STL,PIT,,,,,,C/1B/UTIL
90995-101787,1B,LaMonte,LaMonte Wade Jr.,Wade Jr.,9.018518518518519,54,2800,BAL@SF,SF,BAL,,,,,,C/1B/UTIL
90995-73159,OF,Mitch,Mitch Haniger,Haniger,9.123333740234376,30,2800,BAL@SF,SF,BAL,,,,,,OF/UTIL
90995-101841,OF,Edward,Edward Olivares,Olivares,8.235714140392485,42,2800,COL@KC,KC,COL,,,,,,OF/UTIL
90995-136672,OF,Michael,Michael Harris II,Harris II,6.54117629107307,34,2800,ATL@ARI,ATL,ARI,,,,,,OF/UTIL
90995-13854,OF,Robbie,Robbie Grossman,Grossman,9.689583460489908,48,2800,SEA@TEX,TEX,SEA,,,,,,OF/UTIL
90995-81511,2B/SS,Kyle,Kyle Farmer,Farmer,8.283870573966734,31,2800,CLE@MIN,MIN,CLE,,,,,,2B/SS/UTIL
90995-13961,OF,Kevin,Kevin Kiermaier,Kiermaier,9.280000135633681,45,2800,TOR@NYM,TOR,NYM,,,,,,OF/UTIL
90995-38614,SS,Carlos,Carlos Correa,Correa,8.34,50,2800,CLE@MIN,MIN,CLE,DTD,Heel,,,,SS/UTIL
90995-102282,OF,Jake,Jake McCarthy,McCarthy,6.775862068965517,29,2800,ATL@ARI,ARI,ATL,,,,,,OF/UTIL
90995-108450,SS,Tommy,Tommy Edman,Edman,9.13518495912905,54,2800,STL@PIT,STL,PIT,,,,,,SS/UTIL
90995-135194,C,Freddy,Freddy Fermin,Fermin,6.987500190734863,16,2700,COL@KC,KC,COL,,,,,,C/1B/UTIL
90995-135203,1B,Spencer,Spencer Torkelson,Torkelson,8.5169810169148,53,2700,DET@CWS,DET,CWS,,,,,,C/1B/UTIL
90995-135218,OF,Jake,Jake Meyers,Meyers,7.746666802300347,45,2700,LAA@HOU,HOU,LAA,,,,,,OF/UTIL
90995-135216,OF,Chas,Chas McCormick,McCormick,9.592000122070312,25,2700,LAA@HOU,HOU,LAA,,,,,,OF/UTIL
90995-102452,OF,Nelson,Nelson Velazquez,Velazquez,8.43076911339393,13,2700,CHC@SD,CHC,SD,,,,,,OF/UTIL
90995-102488,3B,Emmanuel,Emmanuel Rivera,Rivera,8.220833460489908,24,2700,ATL@ARI,ARI,ATL,,,,,,3B/UTIL
90995-135284,C,Riley,Riley Adams,Adams,9.872727134011008,11,2700,PHI@WSH,WSH,PHI,,,,,0,C/1B/UTIL
90995-53401,1B/OF,Trey,Trey Mancini,Mancini,7.1152171259341035,46,2700,CHC@SD,CHC,SD,,,,,,C/1B/OF/UTIL
90995-80485,OF,Austin,Austin Slater,Slater,9.0727275501598,11,2700,BAL@SF,SF,BAL,,,,,,OF/UTIL
90995-82555,3B/SS/OF,Willi,Willi Castro,Castro,7.54888916015625,45,2700,CLE@MIN,MIN,CLE,,,,,,3B/SS/OF/UTIL
90995-68589,SS,Amed,Amed Rosario,Rosario,8.205999755859375,50,2700,CLE@MIN,CLE,MIN,,,,,,SS/UTIL
90995-13303,C,Yasmani,Yasmani Grandal,Grandal,7.202173647673233,46,2700,DET@CWS,CWS,DET,,,,,,C/1B/UTIL
90995-173078,OF,Alex,Alex Call,Call,7.673585135981722,53,2700,PHI@WSH,WSH,PHI,,,,,9,OF/UTIL
90995-171037,C,Jason,Jason Delay,Delay,5.889285496303013,28,2700,STL@PIT,PIT,STL,,,,,,C/1B/UTIL
90995-70898,2B,Adam,Adam Frazier,Frazier,8.718181818181819,55,2700,BAL@SF,BAL,SF,,,,,,2B/UTIL
90995-13567,3B/1B/2B,DJ,DJ LeMahieu,LeMahieu,8.354902080461091,51,2700,NYY@LAD,NYY,LAD,,,,,,C/1B/2B/3B/UTIL
90995-79152,C,Matt,Matt Thaiss,Thaiss,7.023076766576523,39,2700,LAA@HOU,LAA,HOU,,,,,,C/1B/UTIL
90995-85307,2B/OF,Jeff,Jeff McNeil,McNeil,7.868421052631579,57,2700,TOR@NYM,NYM,TOR,,,,,,2B/OF/UTIL
90995-73023,OF,Teoscar,Teoscar Hernandez,Hernandez,8.521428789411273,56,2700,SEA@TEX,SEA,TEX,,,,,,OF/UTIL
90995-38223,OF,Travis,Travis Jankowski,Jankowski,8.546428680419922,28,2700,SEA@TEX,TEX,SEA,,,,,,OF/UTIL
90995-21885,SS,Javier,Javier Baez,Baez,7.872549019607843,51,2700,DET@CWS,DET,CWS,,,,,,SS/UTIL
90995-13792,2B/SS/OF,Kike,Kike Hernandez,Hernandez,8.625490076401654,51,2700,TB@BOS,BOS,TB,,,,,6,2B/SS/OF/UTIL
90995-5607,3B,Evan,Evan Longoria,Longoria,7.7354839694115425,31,2700,ATL@ARI,ARI,ATL,,,,,,3B/UTIL
90995-71217,C,Omar,Omar Narvaez,Narvaez,5.6400001525878904,5,2700,TOR@NYM,NYM,TOR,IL,Calf,,,,C/1B/UTIL
90995-5763,OF,Nelson,Nelson Cruz,Cruz,6.094444274902344,36,2700,CHC@SD,SD,CHC,DTD,Hamstring,,,,OF/UTIL
90995-161418,2B/OF,Romy,Romy Gonzalez,Gonzalez,5.503030487985322,33,2700,DET@CWS,CWS,DET,,,,,,2B/OF/UTIL
90995-181990,C/OF,Blake,Blake Sabol,Sabol,8.155000305175781,40,2700,BAL@SF,SF,BAL,,,,,,C/1B/OF/UTIL
90995-163689,SS,Maikel,Maikel Garcia,Garcia,8.495651908542799,23,2700,COL@KC,KC,COL,,,,,,SS/UTIL
90995-163706,2B,Brendan,Brendan Donovan,Donovan,7.750980152803309,51,2700,STL@PIT,STL,PIT,,,,,,2B/UTIL
90995-102362,OF,Trevor,Trevor Larnach,Larnach,9.361538618038862,39,2700,CLE@MIN,MIN,CLE,IL,Illness,,,,OF/UTIL
90995-135239,2B/SS,Rodolfo,Rodolfo Castro,Castro,7.024000244140625,50,2600,STL@PIT,PIT,STL,,,,,,2B/SS/UTIL
90995-184479,OF,Corey,Corey Julks,Julks,8.24499969482422,40,2600,LAA@HOU,HOU,LAA,,,,,,OF/UTIL
90995-119368,C,Ryan,Ryan Jeffers,Jeffers,6.851515336470171,33,2600,CLE@MIN,MIN,CLE,,,,,,C/1B/UTIL
90995-21074,OF,Michael A.,Michael A. Taylor,Taylor,7.133333093979779,51,2600,CLE@MIN,MIN,CLE,,,,,,OF/UTIL
90995-119444,C,Alejandro,Alejandro Kirk,Kirk,6.418181679465554,44,2600,TOR@NYM,TOR,NYM,,,,,,C/1B/UTIL
90995-82596,C,Jake,Jake Rogers,Rogers,6.4324324324324325,37,2600,DET@CWS,DET,CWS,,,,,,C/1B/UTIL
90995-82617,2B,Andres,Andres Gimenez,Gimenez,7.798112977225825,53,2600,CLE@MIN,CLE,MIN,,,,,,2B/UTIL
90995-53994,1B,Josh,Josh Bell,Bell,7.63773561873526,53,2600,CLE@MIN,CLE,MIN,,,,,,C/1B/UTIL
90995-11129,OF,Jason,Jason Heyward,Heyward,7.42558111146439,43,2600,NYY@LAD,LAD,NYY,,,,,,OF/UTIL
90995-185300,SS,Zach,Zach Neto,Neto,7.840909090909091,44,2600,LAA@HOU,LAA,HOU,,,,,,SS/UTIL
90995-82977,SS/OF,Isiah,Isiah Kiner-Falefa,Kiner-Falefa,6.154545177112926,44,2600,NYY@LAD,NYY,LAD,,,,,,SS/OF/UTIL
90995-54401,OF,Manuel,Manuel Margot,Margot,7.474999861283735,44,2600,TB@BOS,TB,BOS,,,,,,OF/UTIL
90995-21666,OF,Mark,Mark Canha,Canha,8.175510328643176,49,2600,TOR@NYM,NYM,TOR,,,,,,OF/UTIL
90995-60635,OF,Raimel,Raimel Tapia,Tapia,6.0473685013620475,38,2600,TB@BOS,BOS,TB,,,,,0,OF/UTIL
90995-38112,1B/3B/SS,Gio,Gio Urshela,Urshela,7.911111337167245,54,2600,LAA@HOU,LAA,HOU,,,,,,C/1B/3B/SS/UTIL
90995-83182,C/OF,Eric,Eric Haase,Haase,6.2136362249201,44,2600,DET@CWS,DET,CWS,,,,,,C/1B/OF/UTIL
90995-136504,C,Patrick,Patrick Bailey,Bailey,11.254545731977982,11,2600,BAL@SF,SF,BAL,,,,,,C/1B/UTIL
90995-79164,OF,Stone,Stone Garrett,Garrett,7.617241168844289,29,2600,PHI@WSH,WSH,PHI,,,,,0,OF/UTIL
90995-79170,OF,Willie,Willie Calhoun,Calhoun,7.163636178681345,33,2600,NYY@LAD,NYY,LAD,,,,,,OF/UTIL
90995-13638,1B/3B,Wilmer,Wilmer Flores,Flores,6.976190476190476,42,2600,BAL@SF,SF,BAL,,,,,,C/1B/3B/UTIL
90995-38247,2B/3B,Hanser,Hanser Alberto,Alberto,6.73999989827474,30,2600,DET@CWS,CWS,DET,,,,,,2B/3B/UTIL
90995-181642,3B,Enmanuel,Enmanuel Valdez,Valdez,7.389655277646821,29,2600,TB@BOS,BOS,TB,,,,,9,3B/UTIL
90995-38299,OF,Kevin,Kevin Pillar,Pillar,7.1588233498966,34,2600,ATL@ARI,ATL,ARI,,,,,,OF/UTIL
90995-101811,OF,Sam,Sam Hilliard,Hilliard,6.828571319580078,28,2600,ATL@ARI,ATL,ARI,,,,,,OF/UTIL
90995-101850,3B/2B,Ramon,Ramon Urias,Urias,8.117143031529018,35,2600,BAL@SF,BAL,SF,,,,,,2B/3B/UTIL
90995-173548,2B,Michael,Michael Massey,Massey,6.540816326530612,49,2600,COL@KC,KC,COL,,,,,,2B/UTIL
90995-79400,OF,Dylan,Dylan Carlson,Carlson,6.637499809265137,32,2600,STL@PIT,STL,PIT,IL,Ankle,,,,OF/UTIL
90995-12113,3B,Josh,Josh Donaldson,Donaldson,5.579999923706055,5,2600,NYY@LAD,NYY,LAD,,,,,,3B/UTIL
90995-163674,SS,Ezequiel,Ezequiel Tovar,Tovar,8.031481707537615,54,2600,COL@KC,COL,KC,,,,,,SS/UTIL
90995-182167,1B,Matt,Matt Mervis,Mervis,6.405262997275905,19,2600,CHC@SD,CHC,SD,,,,,,C/1B/UTIL
90995-102411,C,Andrew,Andrew Knizner,Knizner,7.4499998826247,26,2500,STL@PIT,STL,PIT,,,,,,C/1B/UTIL
90995-104511,OF,Kyle,Kyle Garlick,Garlick,7.425000190734863,8,2500,CLE@MIN,MIN,CLE,,,,,,OF/UTIL
90995-102485,OF,Kyle,Kyle Isbel,Isbel,6.9269233116736775,26,2500,COL@KC,KC,COL,IL,Hamstring,,,,OF/UTIL
90995-6273,OF,Michael,Michael Brantley,Brantley,9.009230393629808,65,2500,LAA@HOU,HOU,LAA,IL,Shoulder,,,,OF/UTIL
90995-172216,3B/2B,David,David Villar,Villar,6.046875,32,2500,BAL@SF,SF,BAL,,,,,,2B/3B/UTIL
90995-82251,OF,Tim,Tim Locastro,Locastro,3.5499998728434243,12,2500,TOR@NYM,NYM,TOR,IL,Thumb,,,,OF/UTIL
90995-53757,OF,Rob,Rob Refsnyder,Refsnyder,7.790909275864109,33,2500,TB@BOS,BOS,TB,,,,,0,OF/UTIL
90995-176691,OF,Kerry,Kerry Carpenter,Carpenter,7.980952671595982,21,2500,DET@CWS,DET,CWS,IL,Shoulder,,,,OF/UTIL
90995-119352,2B/3B,Michael,Michael Busch,Busch,7.571428571428571,7,2500,NYY@LAD,LAD,NYY,,,,,,2B/3B/UTIL
90995-12900,1B,Brandon,Brandon Belt,Belt,7.494999694824219,40,2500,TOR@NYM,TOR,NYM,DTD,Illness,,,,C/1B/UTIL
90995-82556,OF,Taylor,Taylor Trammell,Trammell,6.4849998474121096,20,2500,SEA@TEX,SEA,TEX,,,,,,OF/UTIL
90995-119442,C,Gabriel,Gabriel Moreno,Moreno,6.944444444444445,45,2500,ATL@ARI,ARI,ATL,,,,,,C/1B/UTIL
90995-12961,SS,Brandon,Brandon Crawford,Crawford,7.384375095367432,32,2500,BAL@SF,SF,BAL,,,,,,SS/UTIL
90995-12970,OF,AJ,AJ Pollock,Pollock,6.084374904632568,32,2500,SEA@TEX,SEA,TEX,,,,,,OF/UTIL
90995-82611,OF,Akil,Akil Baddoo,Baddoo,7.9348840048146805,43,2500,DET@CWS,DET,CWS,,,,,,OF/UTIL
90995-13099,C,Travis,Travis d'Arnaud,d'Arnaud,7.529411764705882,17,2500,ATL@ARI,ATL,ARI,,,,,,C/1B/UTIL
90995-13239,3B,Eduardo,Eduardo Escobar,Escobar,6.824242331764915,33,2500,TOR@NYM,NYM,TOR,,,,,,3B/UTIL
90995-52170,1B,Dominic,Dominic Smith,Smith,7.237735964217276,53,2500,PHI@WSH,WSH,PHI,,,,,6,C/1B/UTIL
90995-52187,1B,Ji Man,Ji Man Choi,Choi,5.511110941569011,9,2500,STL@PIT,PIT,STL,IL,Achilles,,,,C/1B/UTIL
90995-97257,OF,Myles,Myles Straw,Straw,7.177777890805845,54,2500,CLE@MIN,CLE,MIN,,,,,,OF/UTIL
90995-97291,2B/SS/OF,Harold,Harold Castro,Castro,5.728947288111637,38,2500,COL@KC,COL,KC,,,,,,2B/SS/OF/UTIL
90995-11322,1B/3B,Mike,Mike Moustakas,Moustakas,6.651515151515151,33,2500,COL@KC,COL,KC,,,,,,C/1B/3B/UTIL
90995-38040,OF,Eddie,Eddie Rosario,Rosario,7.053061349051339,49,2500,ATL@ARI,ATL,ARI,,,,,,OF/UTIL
90995-38074,OF,Corey,Corey Dickerson,Dickerson,8.938461303710938,13,2500,PHI@WSH,WSH,PHI,,,,,5,OF/UTIL
90995-83173,C,Jose,Jose Trevino,Trevino,5.959374904632568,32,2500,NYY@LAD,NYY,LAD,,,,,,C/1B/UTIL
90995-5359,SS/2B,Elvis,Elvis Andrus,Andrus,6.607692620693109,39,2500,DET@CWS,CWS,DET,,,,,,2B/SS/UTIL
90995-79247,3B,Edmundo,Edmundo Sosa,Sosa,5.980487730444931,41,2500,PHI@WSH,PHI,WSH,,,,,,3B/UTIL
90995-79255,1B,Jake,Jake Bauers,Bauers,6.454166412353516,24,2500,NYY@LAD,NYY,LAD,,,,,,C/1B/UTIL
90995-101817,2B/SS/OF,Luis,Luis Rengifo,Rengifo,6.30638284886137,47,2500,LAA@HOU,LAA,HOU,,,,,,2B/SS/OF/UTIL
90995-165693,OF,Alec,Alec Burleson,Burleson,6.504545731977983,44,2500,STL@PIT,STL,PIT,,,,,,OF/UTIL
90995-102303,1B,Triston,Triston Casas,Casas,7.512500127156575,48,2500,TB@BOS,BOS,TB,,,,,7,C/1B/UTIL
90995-102326,1B,Kody,Kody Clemens,Clemens,6.662068860284213,29,2500,PHI@WSH,PHI,WSH,,,,,,C/1B/UTIL
90995-79918,C,Kyle,Kyle Higashioka,Higashioka,5.806060791015625,33,2400,NYY@LAD,NYY,LAD,,,,,,C/1B/UTIL
90995-102504,C,Connor,Connor Wong,Wong,8.092500305175781,40,2400,TB@BOS,BOS,TB,,,,,0,C/1B/UTIL
90995-102518,3B/1B,Jose,Jose Miranda,Miranda,6.8542855398995535,35,2400,CLE@MIN,MIN,CLE,,,,,,C/1B/3B/UTIL
90995-135305,2B,Tucupita,Tucupita Marcano,Marcano,6.505263077585321,38,2400,STL@PIT,PIT,STL,,,,,,2B/UTIL
90995-102546,1B/3B/SS,Gabriel,Gabriel Arias,Arias,4.873170806140434,41,2400,CLE@MIN,CLE,MIN,,,,,,C/1B/3B/SS/UTIL
90995-53586,OF,David,David Peralta,Peralta,5.582222154405382,45,2400,NYY@LAD,LAD,NYY,,,,,,OF/UTIL
90995-49523,1B,Jose,Jose Abreu,Abreu,6.3090909090909095,55,2400,LAA@HOU,HOU,LAA,,,,,,C/1B/UTIL
90995-164502,SS,Vaughn,Vaughn Grissom,Grissom,5.921052631578948,19,2400,ATL@ARI,ATL,ARI,,,,,,SS/UTIL
90995-162509,1B/OF,Juan,Juan Yepez,Yepez,4.2105263157894735,19,2400,STL@PIT,STL,PIT,,,,,,C/1B/OF/UTIL
90995-154422,OF,Matt,Matt Vierling,Vierling,7.202173647673233,46,2400,DET@CWS,DET,CWS,IL,Back,,,,OF/UTIL
90995-68547,OF,Tyler,Tyler O'Neill,O'Neill,6.186206686085668,29,2400,STL@PIT,STL,PIT,IL,Back,,,,OF/UTIL
90995-52162,3B/1B,Hunter,Hunter Dozier,Dozier,5.796551934603987,29,2400,COL@KC,KC,COL,,,,,,C/1B/3B/UTIL
90995-52164,SS,Adalberto,Adalberto Mondesi,Mondesi,5.53999989827474,15,2400,TB@BOS,BOS,TB,IL,Knee,,,0,SS/UTIL
90995-80847,OF,Mike,Mike Tauchman,Tauchman,7.466666539510091,12,2400,CHC@SD,CHC,SD,,,,,,OF/UTIL
90995-185303,3B/2B,Jose,Jose Caballero,Caballero,7.8967742919921875,31,2400,SEA@TEX,SEA,TEX,,,,,,2B/3B/UTIL
90995-80852,2B/SS/3B,Ildemaro,Ildemaro Vargas,Vargas,6.294736761795847,19,2400,PHI@WSH,WSH,PHI,,,,,0,2B/3B/SS/UTIL
90995-13487,OF,Tommy,Tommy Pham,Pham,6.713513348553632,37,2400,TOR@NYM,NYM,TOR,,,,,,OF/UTIL
90995-83164,OF,Jake,Jake Cave,Cave,7.005000305175781,20,2400,PHI@WSH,PHI,WSH,,,,,,OF/UTIL
90995-83195,OF,Yonathan,Yonathan Daza,Daza,6.087500254313151,24,2400,COL@KC,COL,KC,,,,,,OF/UTIL
90995-79115,OF,Greg,Greg Allen,Allen,5.833333333333333,9,2400,NYY@LAD,NYY,LAD,,,,,,OF/UTIL
90995-13596,OF,Trayce,Trayce Thompson,Thompson,6.011428397042411,35,2400,NYY@LAD,LAD,NYY,,,,,,OF/UTIL
90995-38196,1B,Jake,Jake Lamb,Lamb,5.415789553993626,19,2400,LAA@HOU,LAA,HOU,,,,,,C/1B/UTIL
90995-79165,SS/2B,Gavin,Gavin Lux,Lux,7.915671277402052,134,2400,NYY@LAD,LAD,NYY,IL,Knee,,,,2B/SS/UTIL
90995-38282,1B,Daniel,Daniel Vogelbach,Vogelbach,5.793181679465554,44,2400,TOR@NYM,NYM,TOR,,,,,,C/1B/UTIL
90995-79267,3B,Andy,Andy Ibanez,Ibanez,5.25,28,2400,DET@CWS,DET,CWS,,,,,,3B/UTIL
90995-118222,2B,Mark,Mark Mathias,Mathias,5.773333231608073,15,2400,STL@PIT,PIT,STL,,,,,,2B/UTIL
90995-163533,C,Jose,Jose Herrera,Herrera,6.4,20,2400,ATL@ARI,ARI,ATL,,,,,,C/1B/UTIL
90995-165707,OF/SS,Josh,Josh Smith,Smith,6.071052551269531,38,2400,SEA@TEX,TEX,SEA,,,,,,SS/OF/UTIL
90995-180095,OF,Will,Will Brennan,Brennan,5.308333396911621,48,2400,CLE@MIN,CLE,MIN,,,,,,OF/UTIL
90995-102331,3B/2B/SS,Nicky,Nicky Lopez,Lopez,5.674193351499496,31,2400,COL@KC,KC,COL,,,,,,2B/3B/SS/UTIL
90995-102412,3B,Elehuris,Elehuris Montero,Montero,5.8833334181043835,18,2300,COL@KC,COL,KC,,,,,,3B/UTIL
90995-104483,1B,Jared,Jared Walsh,Walsh,5.716666539510091,12,2300,LAA@HOU,LAA,HOU,,,,,,C/1B/UTIL
90995-135288,SS,Alan,Alan Trejo,Trejo,5.481081163561022,37,2300,COL@KC,COL,KC,,,,,,SS/UTIL
90995-84133,OF,Franmil,Franmil Reyes,Reyes,5.447368421052632,19,2300,PHI@WSH,WSH,PHI,,,,,0,OF/UTIL
90995-102577,2B,Santiago,Santiago Espinal,Espinal,5.732000122070312,25,2300,TOR@NYM,TOR,NYM,IL,Hamstring,,,,2B/UTIL
90995-145611,SS/2B/3B,Oswald,Oswald Peraza,Peraza,6.191666920979817,12,2300,NYY@LAD,NYY,LAD,,,,,,2B/3B/SS/UTIL
90995-84401,1B,Brandon,Brandon Dixon,Dixon,6.178571428571429,14,2300,CHC@SD,SD,CHC,,,,,,C/1B/UTIL
90995-16945,C,Gary,Gary Sanchez,Sanchez,10.016666412353516,6,2300,CHC@SD,SD,CHC,,,,,,C/1B/UTIL
90995-53844,2B/3B,Matt,Matt Duffy,Duffy,5.210714067731585,28,2300,COL@KC,KC,COL,,,,,,2B/3B/UTIL
90995-119404,2B/3B,Nick,Nick Maton,Maton,6.354000244140625,50,2300,DET@CWS,DET,CWS,,,,,,2B/3B/UTIL
90995-12928,1B,Eric,Eric Hosmer,Hosmer,5.883870770854335,31,2300,CHC@SD,CHC,SD,,,,,,C/1B/UTIL
90995-82615,3B,Mark,Mark Vientos,Vientos,4.740000152587891,10,2300,TOR@NYM,NYM,TOR,,,,,,3B/UTIL
90995-17167,1B,Brad,Brad Miller,Miller,4.818181818181818,22,2300,SEA@TEX,TEX,SEA,,,,,,C/1B/UTIL
90995-52157,C,Tom,Tom Murphy,Murphy,4.942857288178944,21,2300,SEA@TEX,SEA,TEX,,,,,,C/1B/UTIL
90995-52182,C,Reese,Reese McGuire,McGuire,5.148387293661794,31,2300,TB@BOS,BOS,TB,,,,,8,C/1B/UTIL
90995-37983,C,Mike,Mike Zunino,Zunino,6.297222137451172,36,2300,CLE@MIN,CLE,MIN,,,,,,C/1B/UTIL
90995-13412,1B,Donovan,Donovan Solano,Solano,5.369565217391305,46,2300,CLE@MIN,MIN,CLE,,,,,,C/1B/UTIL
90995-21612,SS,Nick,Nick Ahmed,Ahmed,5.462500095367432,32,2300,ATL@ARI,ARI,ATL,,,,,,SS/UTIL
90995-85254,C,Joey,Joey Bart,Bart,4.869230710543119,26,2300,BAL@SF,SF,BAL,IL,Groin,,,,C/1B/UTIL
90995-79113,C,Francisco,Francisco Mejia,Mejia,5.778571537562779,28,2300,TB@BOS,TB,BOS,,,,,,C/1B/UTIL
90995-85277,2B,Cavan,Cavan Biggio,Biggio,5.417143031529018,35,2300,TOR@NYM,TOR,NYM,,,,,,2B/UTIL
90995-146722,OF,Canaan,Canaan Smith-Njigba,Smith-Njigba,4.721428462437221,14,2300,STL@PIT,PIT,STL,,,,,,OF/UTIL
90995-95776,OF,Pablo,Pablo Reyes,Reyes,4.8000001173753,13,2300,TB@BOS,BOS,TB,,,,,0,OF/UTIL
90995-13858,C,Christian,Christian Vazquez,Vazquez,5.981081163561022,37,2300,CLE@MIN,MIN,CLE,,,,,,C/1B/UTIL
90995-13894,OF,Aaron,Aaron Hicks,Hicks,4.556666564941406,30,2300,BAL@SF,BAL,SF,DTD,Calf,,,,OF/UTIL
90995-165559,C,Yainer,Yainer Diaz,Diaz,5.826086956521739,23,2300,LAA@HOU,HOU,LAA,,,,,,C/1B/UTIL
90995-102347,SS,Livan,Livan Soto,Soto,5.066666603088379,3,2300,LAA@HOU,LAA,HOU,,,,,,SS/UTIL
90995-102453,SS,Zack,Zack Short,Short,6.386956256368886,23,2200,DET@CWS,DET,CWS,,,,,,SS/UTIL
90995-178304,2B/OF,David,David Hensley,Hensley,4.765384674072266,26,2200,LAA@HOU,HOU,LAA,,,,,,2B/OF/UTIL
90995-170471,OF,Oscar,Oscar Gonzalez,Gonzalez,4.1,25,2200,CLE@MIN,CLE,MIN,,,,,,OF/UTIL
90995-16948,2B,Kolten,Kolten Wong,Wong,4.464864782384924,37,2200,SEA@TEX,SEA,TEX,,,,,,2B/UTIL
90995-82566,3B,Tyler,Tyler Nevin,Nevin,4.450000127156575,12,2200,DET@CWS,DET,CWS,,,,,,3B/UTIL
90995-82652,OF,Bubba,Bubba Thompson,Thompson,3.611111111111111,36,2200,SEA@TEX,TEX,SEA,,,,,,OF/UTIL
90995-52150,OF,Clint,Clint Frazier,Frazier,7.5,9,2200,DET@CWS,CWS,DET,,,,,,OF/UTIL
90995-13253,C,Martin,Martin Maldonado,Maldonado,5.475,40,2200,LAA@HOU,HOU,LAA,,,,,,C/1B/UTIL
90995-52180,OF,Austin,Austin Meadows,Meadows,4.166666666666667,6,2200,DET@CWS,DET,CWS,IL,Personal,,,,OF/UTIL
90995-13390,SS/2B,Miguel,Miguel Rojas,Rojas,4.91999991280692,35,2200,NYY@LAD,LAD,NYY,,,,,,2B/SS/UTIL
90995-21637,OF,Jackie,Jackie Bradley Jr.,Bradley Jr.,3.4146341463414633,41,2200,COL@KC,KC,COL,,,,,,OF/UTIL
90995-60641,OF/2B,Nick,Nick Gordon,Gordon,4.5911766501034,34,2200,CLE@MIN,MIN,CLE,IL,Lower leg,,,,2B/OF/UTIL
90995-109803,C,Austin,Austin Nola,Nola,3.631707168206936,41,2200,CHC@SD,SD,CHC,,,,,,C/1B/UTIL
90995-60652,2B,Christian,Christian Arroyo,Arroyo,6.51481458875868,27,2200,TB@BOS,BOS,TB,IL,Hamstring,,,0,2B/UTIL
90995-83191,C,Austin,Austin Wynns,Wynns,5.414285932268415,14,2200,COL@KC,COL,KC,,,,,,C/1B/UTIL
90995-79141,1B,Ryan,Ryan O'Hearn,O'Hearn,8.205882352941176,17,2200,BAL@SF,BAL,SF,,,,,,C/1B/UTIL
90995-79195,3B/OF,Miguel,Miguel Andujar,Andujar,5.338461655836839,13,2200,STL@PIT,PIT,STL,,,,,,3B/OF/UTIL
90995-101753,OF/SS,Dylan,Dylan Moore,Moore,6.83831787109375,107,2200,SEA@TEX,SEA,TEX,IL,Oblique,,,,SS/OF/UTIL
90995-101807,C,Seby,Seby Zavala,Zavala,3.5794116749483,34,2200,DET@CWS,CWS,DET,,,,,,C/1B/UTIL
90995-118204,OF,Ryan,Ryan McKenna,McKenna,3.48181811246005,44,2200,BAL@SF,BAL,SF,,,,,,OF/UTIL
90995-13771,3B/OF,Josh,Josh Harrison,Harrison,3.492307809682993,26,2200,PHI@WSH,PHI,WSH,,,,,,3B/OF/UTIL
90995-181820,OF/2B,Brett,Brett Wisely,Wisely,4.209677419354839,31,2200,BAL@SF,SF,BAL,,,,,,2B/OF/UTIL
90995-81570,C,Cam,Cam Gallagher,Gallagher,3.026086890179178,23,2200,CLE@MIN,CLE,MIN,,,,,,C/1B/UTIL
90995-102322,2B/3B,Nick,Nick Madrigal,Madrigal,5.26000017438616,35,2200,CHC@SD,CHC,SD,,,,,,2B/3B/UTIL
90995-163772,C,Brett,Brett Sullivan,Sullivan,3.5857144310360862,21,2200,CHC@SD,SD,CHC,,,,,,C/1B/UTIL
90995-180208,2B,Miles,Miles Mastrobuoni,Mastrobuoni,3.9521739793860395,23,2200,CHC@SD,CHC,SD,,,,,,2B/UTIL
90995-82021,C,Tomas,Tomas Nido,Nido,2.1136363636363638,22,2100,TOR@NYM,NYM,TOR,,,,,,C/1B/UTIL
90995-116841,2B/OF,Sam,Sam Haggerty,Haggerty,4.238095238095238,21,2100,SEA@TEX,SEA,TEX,,,,,,2B/OF/UTIL
90995-116867,C,Tyler,Tyler Heineman,Heineman,5.479999923706055,5,2100,TOR@NYM,TOR,NYM,,,,,,C/1B/UTIL
90995-135310,C,Chadwick,Chadwick Tromp,Tromp,2.616666634877523,6,2100,ATL@ARI,ATL,ARI,,,,,,C/1B/UTIL
90995-119337,1B,Michael,Michael Toglia,Toglia,3.7,10,2100,COL@KC,COL,KC,,,,,,C/1B/UTIL
90995-16947,2B,Jonathan,Jonathan Schoop,Schoop,3.674285888671875,35,2100,DET@CWS,DET,CWS,,,,,,2B/UTIL
90995-119439,C,Sam,Sam Huff,Huff,2.5,5,2100,SEA@TEX,TEX,SEA,,,,,,C/1B/UTIL
90995-164513,SS,Joey,Joey Ortiz,Ortiz,4.6181817488236865,11,2100,BAL@SF,BAL,SF,DTD,Illness,,,,SS/UTIL
90995-82616,2B/3B/SS,Luis,Luis Guillorme,Guillorme,3.8607142312186107,28,2100,TOR@NYM,NYM,TOR,,,,,,2B/3B/SS/UTIL
90995-82626,OF,Adam,Adam Haseley,Haseley,2.738461421086238,26,2100,DET@CWS,CWS,DET,,,,,,OF/UTIL
90995-82642,OF,Heliot,Heliot Ramos,Ramos,3.4111111958821616,9,2100,BAL@SF,SF,BAL,IL,Oblique,,,,OF/UTIL
90995-17171,C,James,James McCann,McCann,5.076000061035156,25,2100,BAL@SF,BAL,SF,,,,,,C/1B/UTIL
90995-68533,OF,Brett,Brett Phillips,Phillips,2.3299999237060547,20,2100,LAA@HOU,LAA,HOU,,,,,,OF/UTIL
90995-13304,C,Tucker,Tucker Barnhart,Barnhart,2.7296295166015625,27,2100,CHC@SD,CHC,SD,,,,,,C/1B/UTIL
90995-5118,1B,Miguel,Miguel Cabrera,Cabrera,4.760714394705636,28,2100,DET@CWS,DET,CWS,,,,,,C/1B/UTIL
90995-38004,C,Austin,Austin Hedges,Hedges,4.315625190734863,32,2100,STL@PIT,PIT,STL,,,,,,C/1B/UTIL
90995-179362,OF,Dalton,Dalton Guthrie,Guthrie,1.4266666412353515,15,2100,PHI@WSH,PHI,WSH,,,,,,OF/UTIL
90995-83143,OF,Oscar,Oscar Mercado,Mercado,6.508333206176758,12,2100,STL@PIT,STL,PIT,,,,,,OF/UTIL
90995-79087,2B,Michael,Michael Chavis,Chavis,3.2874999046325684,16,2100,PHI@WSH,WSH,PHI,,,,,0,2B/UTIL
90995-79128,C,Garrett,Garrett Stubbs,Stubbs,4.633333206176758,12,2100,PHI@WSH,PHI,WSH,,,,,,C/1B/UTIL
90995-38297,C,Austin,Austin Barnes,Barnes,3.2039999389648437,25,2100,NYY@LAD,LAD,NYY,,,,,,C/1B/UTIL
90995-101821,3B,Edwin,Edwin Rios,Rios,2.922222137451172,18,2100,CHC@SD,CHC,SD,,,,,,3B/UTIL
90995-101820,OF,Matt,Matt Beaty,Beaty,2.424999952316284,4,2100,BAL@SF,SF,BAL,,,,,,OF/UTIL
90995-173546,OF,Nate,Nate Eaton,Eaton,1.5960000610351563,25,2100,COL@KC,KC,COL,,,,,,OF/UTIL
90995-165544,2B/3B,Lenyn,Lenyn Sosa,Sosa,3.240909229625355,22,2100,DET@CWS,CWS,DET,,,,,,2B/3B/UTIL
90995-163704,OF,Cooper,Cooper Hummel,Hummel,3.0399999618530273,10,2100,SEA@TEX,SEA,TEX,,,,,,OF/UTIL
90995-102288,OF,Drew,Drew Waters,Waters,3.0799999237060547,5,2100,COL@KC,KC,COL,,,,,,OF/UTIL
90995-81869,C,Chad,Chad Wallach,Wallach,6.94545468417081,22,2100,LAA@HOU,LAA,HOU,,,,,,C/1B/UTIL
90995-102406,2B,Vidal,Vidal Brujan,Brujan,4.045454545454546,11,2000,TB@BOS,TB,BOS,,,,,,2B/UTIL
90995-102418,OF,Eli,Eli White,White,2.5333333015441895,6,2000,ATL@ARI,ATL,ARI,,,,,,OF/UTIL
90995-79896,C,Luis,Luis Torrens,Torrens,2.692857197352818,14,2000,PHI@WSH,WSH,PHI,,,,,0,C/1B/UTIL
90995-102475,SS,Brayan,Brayan Rocchio,Rocchio,3.1666666666666665,3,2000,CLE@MIN,CLE,MIN,,,,,,SS/UTIL
90995-135246,OF,Dominic,Dominic Fletcher,Fletcher,9.25,22,2000,ATL@ARI,ARI,ATL,,,,,,OF/UTIL
90995-135260,C,Logan,Logan O'Hoppe,O'Hoppe,10.21875,16,2000,LAA@HOU,LAA,HOU,IL,Shoulder,,,,C/1B/UTIL
90995-135282,OF,Josh,Josh Palacios,Palacios,4.658333460489909,12,2000,STL@PIT,PIT,STL,,,,,,OF/UTIL
90995-135293,3B,Drew,Drew Maggi,Maggi,5.233333269755046,3,2000,STL@PIT,PIT,STL,,,,,,3B/UTIL
90995-73871,C,Carson,Carson Kelly,Kelly,6.4714285714285715,105,2000,ATL@ARI,ARI,ATL,IL,Forearm,,,,C/1B/UTIL
90995-135314,2B/SS,Ernie,Ernie Clement,Clement,3.2333332697550454,3,2000,TOR@NYM,TOR,NYM,,,,,,2B/SS/UTIL
90995-102550,C,Luis,Luis Campusano,Campusano,6.228571210588727,7,2000,CHC@SD,SD,CHC,IL,Thumb,,,,C/1B/UTIL
90995-184480,C,Cesar,Cesar Salazar,Salazar,1.2199999809265136,10,2000,LAA@HOU,HOU,LAA,,,,,,C/1B/UTIL
90995-102584,C,Tres,Tres Barrera,Barrera,0,6,2000,STL@PIT,STL,PIT,,,,,,C/1B/UTIL
90995-135364,OF,Jordan,Jordan Walker,Walker,8.905000305175781,20,2000,STL@PIT,STL,PIT,,,,,,OF/UTIL
90995-178382,C,Carlos,Carlos Perez,Perez,1,3,2000,DET@CWS,CWS,DET,,,,,,C/1B/UTIL
90995-145618,SS,Otto,Otto Lopez,Lopez,3.9375,8,2000,TOR@NYM,TOR,NYM,,,,,,SS/UTIL
90995-170321,C,Brian,Brian Serven,Serven,1.55,10,2000,COL@KC,COL,KC,,,,,,C/1B/UTIL
90995-119305,OF,Kyle,Kyle Stowers,Stowers,1.2133333841959635,15,2000,BAL@SF,BAL,SF,IL,Shoulder,,,,OF/UTIL
90995-119304,SS,Braden,Braden Shewmake,Shewmake,0,2,2000,ATL@ARI,ATL,ARI,,,,,,SS/UTIL
90995-119333,SS,Tyler,Tyler Freeman,Freeman,4.066666497124566,9,2000,CLE@MIN,CLE,MIN,,,,,,SS/UTIL
90995-158244,3B,Yonny,Yonny Hernandez,Hernandez,0,1,2000,NYY@LAD,LAD,NYY,,,,,,3B/UTIL
90995-80457,OF,Adam,Adam Engel,Engel,0,5,2000,SEA@TEX,SEA,TEX,,,,,,OF/UTIL
90995-80459,OF,Franchy,Franchy Cordero,Cordero,6.334999847412109,20,2000,NYY@LAD,NYY,LAD,,,,,,OF/UTIL
90995-119377,OF,Matt,Matt Wallner,Wallner,7.327272588556463,11,2000,CLE@MIN,MIN,CLE,,,,,,OF/UTIL
90995-119401,C,Rafael,Rafael Marchan,Marchan,,,2000,PHI@WSH,PHI,WSH,IL,Wrist,,,,C/1B/UTIL
90995-12919,2B/SS,Jose,Jose Iglesias,Iglesias,7.678813352423199,118,2000,CHC@SD,SD,CHC,,,,,,2B/SS/UTIL
90995-176777,OF,Cal,Cal Stevenson,Stevenson,2.0333333015441895,6,2000,PHI@WSH,PHI,WSH,,,,,,OF/UTIL
90995-119445,C,Israel,Israel Pineda,Pineda,2.299999952316284,4,2000,PHI@WSH,WSH,PHI,IL,Finger,,,0,C/1B/UTIL
90995-21165,C,Roberto,Roberto Perez,Perez,3.1,5,2000,BAL@SF,SF,BAL,IL,Shoulder,,,,C/1B/UTIL
90995-82619,OF,Estevan,Estevan Florial,Florial,0,1,2000,NYY@LAD,NYY,LAD,,,,,,OF/UTIL
90995-82620,OF,Nick,Nick Solak,Solak,3.200000047683716,1,2000,ATL@ARI,ATL,ARI,,,,,,OF/UTIL
90995-82637,1B,Evan,Evan White,White,,,2000,SEA@TEX,SEA,TEX,IL,Hip,,,,C/1B/UTIL
90995-17105,C,Sandy,Sandy Leon,Leon,3.362499952316284,16,2000,SEA@TEX,TEX,SEA,,,,,,C/1B/UTIL
90995-82659,3B,Carter,Carter Kieboom,Kieboom,,,2000,PHI@WSH,WSH,PHI,,,,,0,3B/UTIL
90995-13034,3B,Charlie,Charlie Culberson,Culberson,3.611428615025112,70,2000,ATL@ARI,ATL,ARI,,,,,,3B/UTIL
90995-17198,2B/3B,Tommy,Tommy La Stella,La Stella,3.116666793823242,12,2000,SEA@TEX,SEA,TEX,,,,,,2B/3B/UTIL
90995-70518,2B/3B,Taylor,Taylor Motter,Motter,3.4375,8,2000,STL@PIT,STL,PIT,,,,,,2B/3B/UTIL
90995-170879,C,Chris,Chris Okey,Okey,0,2,2000,LAA@HOU,LAA,HOU,,,,,,C/1B/UTIL
90995-52153,OF,David,David Dahl,Dahl,4.675000190734863,4,2000,CHC@SD,SD,CHC,,,,,,OF/UTIL
90995-52158,2B/SS,Trevor,Trevor Story,Story,11.1553188892121,94,2000,TB@BOS,BOS,TB,IL,Elbow,,,0,2B/SS/UTIL
90995-68554,SS,Andrew,Andrew Velazquez,Velazquez,5.3312001953125,125,2000,LAA@HOU,LAA,HOU,IL,Undisclosed,,,,SS/UTIL
90995-68582,2B,Brendan,Brendan Rodgers,Rodgers,9.006521916043932,138,2000,COL@KC,COL,KC,IL,Shoulder,,,,2B/UTIL
90995-13368,OF,Billy,Billy Hamilton,Hamilton,6.133333206176758,3,2000,DET@CWS,CWS,DET,IL,Hamstring,,,,OF/UTIL
90995-13378,2B/SS,Leury,Leury Garcia,Garcia,4.8747475363991475,99,2000,DET@CWS,CWS,DET,,,,,,2B/SS/UTIL
90995-171112,1B,Sean,Sean Bouchard,Bouchard,9.048148261176216,27,2000,COL@KC,COL,KC,IL,Biceps,,,,C/1B/UTIL
90995-13422,OF,Jake,Jake Marisnick,Marisnick,1.2699999809265137,10,2000,DET@CWS,DET,CWS,,,,,,OF/UTIL
90995-13436,C,Max,Max Stassi,Stassi,6.180392396216299,102,2000,LAA@HOU,LAA,HOU,IL,Personal,,,,C/1B/UTIL
90995-13501,SS/2B,Chris,Chris Owings,Owings,1.0909090909090908,11,2000,STL@PIT,PIT,STL,,,,,,2B/SS/UTIL
90995-13535,SS/3B,Ehire,Ehire Adrianza,Adrianza,0.5,6,2000,ATL@ARI,ATL,ARI,IL,Shoulder,,,,3B/SS/UTIL
90995-83180,C,Meibrys,Meibrys Viloria,Viloria,0.3,10,2000,LAA@HOU,LAA,HOU,,,,,,C/1B/UTIL
90995-85249,1B,Bobby,Bobby Dalbec,Dalbec,2.6500000953674316,8,2000,TB@BOS,BOS,TB,,,,,0,C/1B/UTIL
90995-79112,3B,Yu,Yu Chang,Chang,5.611111111111111,18,2000,TB@BOS,BOS,TB,IL,Wrist,,,0,3B/UTIL
90995-85273,3B,Rylan,Rylan Bannon,Bannon,0,2,2000,LAA@HOU,HOU,LAA,O,Finger,,,,3B/UTIL
90995-79130,OF,Jose,Jose Azocar,Azocar,4.5038460951585035,26,2000,CHC@SD,SD,CHC,,,,,,OF/UTIL
90995-85279,C,Miguel,Miguel Amaya,Amaya,3.6666666666666665,6,2000,CHC@SD,CHC,SD,,,,,,C/1B/UTIL
90995-185632,C,David,David Fry,Fry,1.355555534362793,9,2000,CLE@MIN,CLE,MIN,,,,,,C/1B/UTIL
90995-79156,SS,David,David Fletcher,Fletcher,1.1875,8,2000,LAA@HOU,LAA,HOU,,,,,,SS/UTIL
90995-85320,C,Michael,Michael Perez,Perez,9.100000381469727,2,2000,TOR@NYM,NYM,TOR,,,,,,C/1B/UTIL
90995-79190,C,Ben,Ben Rortvedt,Rortvedt,4.279999923706055,5,2000,NYY@LAD,NYY,LAD,,,,,,C/1B/UTIL
90995-79215,1B,Rhys,Rhys Hoskins,Hoskins,10.234104046242775,173,2000,PHI@WSH,PHI,WSH,IL,Knee,,,,C/1B/UTIL
90995-79234,OF,Kyle,Kyle Lewis,Lewis,5.200000127156575,6,2000,ATL@ARI,ARI,ATL,IL,Illness,,,,OF/UTIL
90995-152972,2B/3B/SS,Luke,Luke Williams,Williams,2.25,4,2000,NYY@LAD,LAD,NYY,,,,,,2B/3B/SS/UTIL
90995-181662,OF,Nathan,Nathan Lukes,Lukes,1.7789473282663446,19,2000,TOR@NYM,TOR,NYM,,,,,,OF/UTIL
90995-181790,OF,Diego,Diego Hernandez,Hernandez,,,2000,COL@KC,KC,COL,IL,Shoulder,,,,OF/UTIL
90995-175654,OF,Bryce,Bryce Johnson,Johnson,3.2374998728434243,24,2000,BAL@SF,SF,BAL,,,,,,OF/UTIL
90995-181802,3B,Jake,Jake Alu,Alu,4.5,4,2000,PHI@WSH,WSH,PHI,,,,,0,3B/UTIL
90995-181814,2B,Edouard,Edouard Julien,Julien,8.347368742290296,19,2000,CLE@MIN,MIN,CLE,,,,,,2B/UTIL
90995-81506,OF,Jordan,Jordan Luplow,Luplow,1.5499999523162842,4,2000,TOR@NYM,TOR,NYM,,,,,,OF/UTIL
90995-165550,2B/3B/SS,Ryan,Ryan Kreidler,Kreidler,1.1272726925936611,11,2000,DET@CWS,DET,CWS,IL,Knee,,,,2B/3B/SS/UTIL
90995-163662,2B,Jonathan,Jonathan Aranda,Aranda,4.84375,32,2000,TB@BOS,TB,BOS,,,,,,2B/UTIL
90995-163661,SS,Eguy,Eguy Rosario,Rosario,0.8571428571428571,7,2000,CHC@SD,SD,CHC,IL,Ankle,,,,SS/UTIL
90995-104273,C,Anthony,Anthony Bemboom,Bemboom,1,3,2000,BAL@SF,BAL,SF,,,,,,C/1B/UTIL
90995-163686,OF,Oswaldo,Oswaldo Cabrera,Cabrera,6.162000122070313,50,2000,NYY@LAD,NYY,LAD,,,,,,OF/UTIL
90995-102283,OF,Alek,Alek Thomas,Thomas,6.046153924404046,39,2000,ATL@ARI,ARI,ATL,,,,,,OF/UTIL
90995-102285,OF,Cristian,Cristian Pache,Pache,3.6333334181043835,18,2000,PHI@WSH,PHI,WSH,IL,Knee,,,,OF/UTIL
90995-171923,1B,Darick,Darick Hall,Hall,4.116666793823242,6,2000,PHI@WSH,PHI,WSH,IL,Thumb,,,,C/1B/UTIL
90995-182170,OF,Oscar,Oscar Colas,Colas,5.724000244140625,25,2000,DET@CWS,CWS,DET,,,,,,OF/UTIL
90995-102315,C,Bo,Bo Naylor,Naylor,0,1,2000,CLE@MIN,CLE,MIN,,,,,,C/1B/UTIL
90995-102317,SS,Terrin,Terrin Vavra,Vavra,3.6892858232770647,28,2000,BAL@SF,BAL,SF,,,,,,SS/UTIL
90995-102320,OF,Luis,Luis Gonzalez,Gonzalez,7.379591961296237,98,2000,BAL@SF,SF,BAL,IL,Back,,,,OF/UTIL
90995-102340,SS,Jeter,Jeter Downs,Downs,3,1,2000,PHI@WSH,WSH,PHI,IL,Undisclosed,,,0,SS/UTIL
90995-102356,OF,Gilberto,Gilberto Celestino,Celestino,4.819672131147541,122,2000,CLE@MIN,MIN,CLE,IL,Thumb,,,,OF/UTIL
90995-102389,SS,Oneil,Oneil Cruz,Cruz,12.377777947319878,9,2000,STL@PIT,PIT,STL,IL,Lower leg,,,,SS/UTIL